"id","dataset_name","dataset_url","publisher","official_terms_url","licence","commercial_use","raw_redistribution","derivative_database","attribution_requirement","item_level_exceptions","data_last_updated","metadata_or_terms_date","update_frequency","status","verification","permission_evidence_refs","attribution_evidence_ref","exact_quote_or_ref","freshness_evidence","access_caveats","outstanding_question","checked_date"
"DEN-01","Denver Open Data Catalog — default licence","https://opendata-geospatialdenver.hub.arcgis.com/","City and County of Denver","https://opendata-geospatialdenver.hub.arcgis.com/ | https://www.denvergov.org/Terms-of-Use","CC BY 3.0 default; incorporated website terms conflict","YES under CC BY; conflict needs clarification","YES under CC BY; conflict needs clarification","YES under CC BY; conflict needs clarification","Credit City of Denver Open Data Catalog; link data.denvergov.org and CC BY 3.0; indicate adaptations","Item Custom License/use constraints; partner material and website text/graphics not automatically cleared","Not applicable — policy","No effective/revision date shown; footer 2024 is not policy date","No catalogue-wide fixed cadence verified","YELLOW","Official homepage and linked website terms read directly","Q-DEN-GRANT; Q-CC3; Q-DEN-WEB","Q-DEN-CREDIT","See README quote register; no definitive conflict resolution","No dated policy statement found","Public catalogue; individual endpoints may impose limits","Does the specific CC BY grant override incorporated website commercial-use/copy restrictions for the data?","2026-10-07"
"DEN-02","Parks, Medians, and Parkway Trees — current city layer","https://opendata-geospatialdenver.hub.arcgis.com/datasets/f90e355dd3874744a25c30fd2ddfd45b_241/about","Denver Parks and Recreation / geospatialDENVER","https://opendata-geospatialdenver.hub.arcgis.com/ | item Custom License | https://www.denvergov.org/Terms-of-Use","CC BY 3.0 catalogue default plus item Custom License","Conditional; commercial cartographic use needs confirmation","CC BY default permits; item applicability needs confirmation","CC BY default permits; purpose restriction needs confirmation","Denver catalogue credit and CC BY link; retain source/use constraints","Planning/design/cartographic purposes only; not engineering; as-is and indemnity; no private-yard completeness claim","2026-09-29 13:31:04 MDT","2026-08-01 07:05:51 MDT","Quarterly data; information as needed","YELLOW","Dataset summary, dates, cadence and licence modal read in live browser","Q-DEN-GRANT; Q-CC3; Q-DEN-TREE; Q-DEN-WEB","Q-DEN-CREDIT","See README quote register; item disclaimer is not a standalone rights grant","Browser Details: Data Updated September 29, 2026; Quarterly; Info Updated August 1, 2026","No feature download performed; 359,263 catalogue records are not a live-tree denominator","Confirm commercial stylized maps and raw/derived redistribution under CC BY despite Custom License/purpose wording","2026-10-07"
"DEN-03","Tree Inventory Denver — Colorado mirror","https://data.colorado.gov/Natural-Resources/Tree-Inventory-Denver/wz8h-dap6","City and County of Denver; Colorado Business Intelligence Center mirror","https://data.colorado.gov/Natural-Resources/Tree-Inventory-Denver/wz8h-dap6 | https://opendata-geospatialdenver.hub.arcgis.com/","Mirror labels Public Domain; Denver source default CC BY 3.0","Mirror says public domain; conflicting source needs clarification","Mirror says public domain; conflicting source needs clarification","Mirror says public domain; conflicting source needs clarification","Conservatively retain Denver CC BY credit until authority confirms","Historical mirror; do not equate a mirror update with contemporary tree observations","2026-04-01 (indexed official metadata)","2026-07-25 (indexed official metadata)","Expected frequency Never","YELLOW","Official indexed metadata read; live detail rendering not verified; not a current snapshot clearance","Q-CO-TREE; Q-DEN-GRANT","Q-DEN-CREDIT","Official metadata licence label: Public Domain; see README for interpretation","Official indexed oldest record May 8, 2009; newest July 20, 2018; cadence Never","No download; source/mirror permission conflict unresolved","Who authorized the public-domain designation, and which dated source release does it cover?","2026-10-07"
"DEN-04","Building Outlines 2022 — roofprints","https://opendata-geospatialdenver.hub.arcgis.com/datasets/04e5069b4cf843d2bfe15ad0d1c66e00_111/about","geospatialDENVER / City and County of Denver","https://opendata-geospatialdenver.hub.arcgis.com/ | item Custom License | https://www.denvergov.org/Terms-of-Use","CC BY 3.0 catalogue default plus item Custom License","Conditional; confirm incorporated website restrictions","CC BY default permits; applicability needs confirmation","CC BY default permits; applicability needs confirmation","Denver catalogue credit, source and CC BY link; indicate changes","Roofprints from 2022 aerial imagery, not surveyed footprints; not engineering; third-party aerial imagery itself not cleared","UI shows Unknown with Data Updated 2026-06-02 10:01:27 MDT","2024-07-12 11:44:50 MDT","Unknown; metadata does not promise a cycle","YELLOW","Official item and Custom License modal read directly","Q-DEN-GRANT; Q-CC3; Q-DEN-BLDG; Q-DEN-WEB","Q-DEN-CREDIT","See README quote register; do not treat disclaimer as grant","UI summary specifies 2022 imagery; Details show separate 2024 information and 2026 service dates","390,104 catalogue records; no geometry downloaded","Confirm licence applies to this exact release and derived geometry, not imagery or basemap content","2026-10-07"
"DEN-05","Denver Parcels — assessor year-built fields","https://opendata-geospatialdenver.hub.arcgis.com/datasets/7c53bd0894134e80ae1e478c0789bf49_245/about","City and County of Denver; Colorado mirror operated by Business Intelligence Center","https://opendata-geospatialdenver.hub.arcgis.com/ | https://data.colorado.gov/Government/Denver-Parcels/tsdg-z9uy/about_data | https://www.denvergov.org/Terms-of-Use","Source Custom License/CC BY 3.0 default; mirror Public Domain","Conditional; source/mirror terms conflict","Conditional; source/mirror terms conflict","Conditional; source/mirror terms conflict","Retain Denver catalogue credit and CC BY link pending confirmation","res_orig_year_built and com_orig_year_built verified in schema; owner/address fields unnecessary for tree/rendering work; no stories field among all 72 mirror fields","Source 2026-10-07 04:54:25 MDT; mirror 2026-10-05","Source 2026-10-07 04:54:16 MDT; mirror 2026-10-07","Mirror says Daily/Continual but also Never in Data Quality — conflicting metadata","YELLOW","Source item and all five pages of the 72-column mirror schema read; no parcel rows collected","Q-DEN-GRANT; Q-CO-PARCEL; Q-DEN-WEB","Q-DEN-CREDIT","Mirror licence label: Public Domain; source requires clarification","Direct source Details and mirror About page have different update dates and inconsistent cadence","No downloads; do not load owner names or mailing addresses merely to obtain building age","Confirm year-built reuse rights and cadence; identify an authorized stories/floors table","2026-10-07"
"DEN-06","Denver assessor stories/storeys structural table — exact release not verified","https://opendata-geospatialdenver.hub.arcgis.com/","Denver Assessor / City and County of Denver","https://opendata-geospatialdenver.hub.arcgis.com/ | https://www.denvergov.org/Terms-of-Use","Unknown for a separately published stories table","UNKNOWN","UNKNOWN","UNKNOWN","Cannot determine until exact item is identified","The identified 72-column Parcels mirror has no stories field; year built is not storeys","Unverified","Unverified","Unverified","RED","Assessor catalogue search and parcel schema checked; exact stories dataset/terms not identified","NONE — no verified item-specific grant","NONE","No supporting grant found; this is not evidence that the data does not exist","Do not use dates of another table","No load authorized; no alternate-county data substituted","Provide exact stories dataset/schema/terms; does a licensed bulk structural release exist?","2026-10-07"
"CHI-01","Chicago Data Portal — Data Terms of Use","https://data.cityofchicago.org/","City of Chicago","https://www.chicago.gov/city/en/narr/foia/data_disclaimer.html","Custom Data Terms of Use; not a blanket public-domain declaration","Conditional; Q-CHI-USE","Revocable; Q-CHI-STOP","Scope unclear; Q-CHI-USE/IP","Full prescribed USE OF DATA disclaimer; additional department notices","Termination at will; reserved IP; indemnity; department terms","Not applicable — policy","No revision/effective date visible","Dataset-specific; daily portal marketing is not every item cadence","YELLOW","Official terms read live","Q-CHI-USE; Q-CHI-STOP; Q-CHI-IP","Q-CHI-DISCLAIMER","See README quote register; mandatory full disclaimer must be taken from official USE OF DATA section","No dated terms revision verified","No downloads","Confirm commercial raw/derived rights and termination obligations","2026-10-07"
"CHI-02","Current citywide street-tree species point inventory — not verified","https://data.cityofchicago.org/browse?q=tree","City of Chicago","https://www.chicago.gov/city/en/narr/foia/data_disclaimer.html","Unknown for exact inventory","UNKNOWN","UNKNOWN","UNKNOWN","Unknown until inventory identified; portal notice if applicable","311 trims/debris, recycling locations and aggregate metrics are not species inventories; forest sample studies not substituted","Unverified","Catalog checked 2026-10-07","Unverified","RED","Live portal query tree returned 14 results, none a current citywide species-point inventory; internal existence remains unknown","NONE — dataset not verified","NONE","No supporting inventory licence or current release found","Search result count is a search observation, not proof no internal inventory exists","No data downloaded","Does Streets and Sanitation publish a current citywide species-point inventory, and under which item licence?","2026-10-07"
"CHI-03","Building Footprints — current portal release","https://data.cityofchicago.org/d/syp8-uezg","City of Chicago","https://www.chicago.gov/city/en/narr/foia/data_disclaimer.html | https://data.cityofchicago.org/Buildings/Building-Footprints-current-/hz9b-7nh8/about","See Terms of Use / custom Chicago terms","See CHI-01","See CHI-01","See CHI-01","See CHI-01","Separate historical MIT release does not clear this release","Underlying geometry update unverified","Official related map view updated 2025-06-12; created 2015-08-15","Source-specific frequency not verified; map says see source dataset","YELLOW","Official map About and portal terms read","Q-CHI-USE; Q-CHI-STOP; Q-CHI-IP","Q-CHI-DISCLAIMER","Official map License: See Terms of Use; see README quote register","https://data.cityofchicago.org/Buildings/Building-Footprints-current-/hz9b-7nh8/about","No geometry download; user-created ssaf-e4ub visualization not treated as authority","Confirm current item licence and geometry cadence","2026-10-07"
"CHI-04","Historical Chicago building footprints — City GitHub release","https://github.com/Chicago/osd-building-footprints","City of Chicago","https://github.com/Chicago/osd-building-footprints/blob/master/LICENSE.txt","MIT; README explicitly applies it to released data","YES","YES","YES","Retain the complete copyright and permission notice in copies/substantial portions; copyright (c) 2013 City of Chicago","Only repository release covered; README says internal-use codes removed; no present-day portal or aerial imagery licence inferred","Data observation/revision date unverified","2013 copyright year; not treated as last-modified date","No recurring update commitment verified","GREEN","Official City organization README and licence read directly; no clone/download","Q-CHI-MIT; Q-CHI-MIT-DATA","Q-CHI-MIT-NOTICE","See README quote register; preserve full official MIT notice on distribution","Repository dates/commit history not inspected with git","No downloads or git operations","Pin a release later and retain notices; do not describe historical geometry as current","2026-10-07"
"EV-01","Evanston Trees — parkways and parks","https://data.cityofevanston.org/datasets/845a3acb3dc0442a80b219691889f992_8/about","City of Evanston","https://data.cityofevanston.org/pages/terms","CC BY 4.0 default; tree item links these custom portal terms","YES, with attribution","YES; metadata entry must remain intact","YES; acknowledge publisher in derivative metadata","Appropriate CC BY credit, licence/source link, changes indication; acknowledge city in derivative metadata; preserve original metadata","Metadata may override default; automated tools require written city authorization; old 2014 collection explicitly not current","2025-07-03 09:50:49 MDT","2025-07-03 09:50:49 MDT; terms effective 2025-05-13","No fixed publication cadence; operations ongoing but layer warns not current","GREEN","Dataset and linked custom licence/2025 portal terms read in browser","Q-EV-GRANT; Q-CC4-SHARE; Q-CC4-ADAPT","Q-CC4-ATTR; Evanston terms Public Records section","See README quote register; data rights GREEN, automated acquisition separately HOLD","Initial collection 2014; portal has 35,750 records, including lifecycle values — not all living trees","Written automation approval needed before a loader; no data downloaded","Confirm authorized API/bulk automation method and which release reflects current living trees","2026-10-07"
"MIA-01","Miami DDA Downtown Tree Inventory / 2019 assessment","https://www.miamidda.com/Urban-Planning/Resilience/Downtown-Tree-Inventory","Miami Downtown Development Authority; E Sciences consultant","https://www.miamidda.com/Urban-Planning/Resilience/Downtown-Tree-Inventory","No data licence verified","UNKNOWN","UNKNOWN","UNKNOWN","Unknown; publisher/consultant attribution alone cannot cure missing permission","11,500 public trees in DDA area, not City/County total; contractor report, tables, maps and photos may have separate rights","2019 survey; no newer released inventory verified","Page revision date not shown","One-time assessment; repeat schedule not verified","RED","Official project page read; licence/distribution grant absent; footer copyright link did not yield a usable terms grant","NONE — no data reuse grant verified","NONE","No supporting permission quote available; project existence is not a licence","Official page describes 2019 completed assessment and sharing with City Planning/Zoning","No files downloaded; do not extrapolate City/County rights to DDA/consultant work","Ask DDA for exact export/release and commercial raw/derived licence including contractor rights","2026-10-07"
"MDC-01","Miami-Dade Open Data Hub — default policy","https://gis-mdc.opendata.arcgis.com/","Miami-Dade County","https://www.miamidade.gov/govaction/matter.asp?file=true&fileAnalysis=false&matter=161424&yearFolder=Y2016 | https://gis-mdc.opendata.arcgis.com/pages/open-data-policy | https://www.miamidade.gov/global/disclaimer/disclaimer.page","Public domain unless otherwise noted; policy calls it Creative Commons Universal standard, without version/URL","YES for County-published portal data with no contrary item notice","YES for County-published portal data with no contrary item notice","YES for County-published portal data with no contrary item notice","No mandatory credit stated in default dedication; retain source/metadata as best practice, not a newly invented legal requirement","Unless otherwise noted; third-party, privacy/security/protected information excluded; external report not automatically portal data","Not applicable — policy","Accepted policy report 2016-10-05; current hub links it; disclaimer undated","Per dataset; report delegates refresh schedule to producing parties","GREEN","Official current policy hub and accepted report read directly; distinct from report-request resolution R-881-15","Q-MDC-PD; Q-MDC-GRANT","Q-MDC-PD (no default credit condition stated)","See README quote register; licence version not asserted as CC0 1.0 without explicit identification","Report File 161424 final action October 5, 2016; current hub links it","No downloads; inspect exact item exception before future loading","Identify the exact CC Universal instrument and any item override for a chosen tree dataset","2026-10-07"
"MDC-02","Miami-Dade Urban Tree Canopy Assessment / map","https://www.miamidade.gov/global/service.page?Mduid_service=ser1540499461234959","Miami-Dade County; University of Florida and Florida International University","https://www.miamidade.gov/govaction/matter.asp?file=true&fileAnalysis=false&matter=161424&yearFolder=Y2016 | https://www.miamidade.gov/global/disclaimer/disclaimer.page","County portal default PD does not establish licence of this linked assessment/map","UNKNOWN for exact assessment/data layer","UNKNOWN for exact assessment/data layer","UNKNOWN for exact assessment/data layer","Not verified; identify UF/FIU/County credit and actual item terms","2021 canopy assessment, not species tree points; official page links mdc.maps.arcgis.com application; consultant/university rights not assumed","Assessment completed summer 2021","Landing-page revision date not shown","Periodic study; fixed next-update cadence not verified","RED","Official County project page and linked map URL verified; exact underlying layer licence not read","NONE — no exact layer grant; Q-MDC-PD is only a conditional default","NONE","No item-specific supporting permission quote found","Official page says assessment update completed summer 2021","No map layers/rasters downloaded","Which exact canopy layer is County-published portal PD, and which report/maps require separate permission?","2026-10-07"
"MDC-03","Miami-Dade current live-tree species point inventory — not verified","https://gis-mdc.opendata.arcgis.com/","Miami-Dade County","https://www.miamidade.gov/govaction/matter.asp?file=true&fileAnalysis=false&matter=161424&yearFolder=Y2016","Unknown for exact inventory; conditional County portal default PD","UNKNOWN until item verified","UNKNOWN until item verified","UNKNOWN until item verified","Unknown until item/exception established","Canopy polygons and specimen/covenant layers are not interchangeable with a comprehensive living-tree inventory","Unverified","Unverified","Unverified","RED","Public hub, County tree assessment and searches checked; dynamic search results did not render; no authoritative current inventory item verified","NONE — exact dataset not identified","NONE","No item-specific grant verified; County default is not permission for an unidentified third-party layer","No current inventory timestamp available","No downloads; no blocked or incomplete pages bypassed","Provide exact species/lifecycle point inventory, owner, currentness and licence exception status","2026-10-07"
"MIA-02","City of Miami tree inventory/project data — public export not verified","https://www.miami.gov/My-Government/Departments/Planning/Urban-Design-Main-Landing-Page/Neighborhood-Revitalization-Districts/Southwest-SW-Streetscape-and-Street-Tree-Master-Plan","City of Miami Planning / Resilience and Public Works","https://datahub-miamigis.opendata.arcgis.com/ | https://www.miami.gov/Glossary/Copyright-Policy","No exact tree dataset licence verified; City copyright page is DMCA procedure, not data grant","UNKNOWN","UNKNOWN","UNKNOWN","Unknown until exact item terms verified","Southwest project GPS inventory is subset, not a current citywide export; tree planting dashboard in City presentation proves operational data, not publication rights","SW project began April 2019; current released-tree data date unverified","Project/page modification date not shown","Unverified","RED","Official project, data-resource page, portal and copyright policy checked; portal search did not render results","NONE — no verified exact tree release grant","NONE","No supporting reuse quote found; DMCA procedure is not a licence","Official SW project page describes completed site assessment/GPS inventory","No downloads; Miami Beach/West Miami not substituted for City of Miami","Provide City tree inventory item/export, licence and contractor rights; distinguish planted/dead/site records","2026-10-07"
"NPN-01","USA-NPN contemporary Nature’s Notebook observation data","https://www.usanpn.org/data/observational","USA National Phenology Network / University of Arizona","https://www.usanpn.org/about/terms","CC BY 4.0","YES","YES","YES under CC BY 4.0 including applicable database rights","Exact acknowledgment below; product citation/access date; CC source/licence/modification notice","Historic/NEON/archive credits differ; photos individually licensed; privacy exceptions","No snapshot obtained; observations rolling","Terms v2.5: 2022-03-02","Ongoing observations; fixed public release cadence not verified","GREEN","Official policy and CC legal code read","Q-CC4-SHARE; Q-CC4-ADAPT; Q-CC4-DB; terms Data Use §1 and For-Profit policy","Terms Data Attribution A.1; Q-CC4-ATTR","Data were provided by the USA National Phenology Network and the many participants who contribute to its Nature’s Notebook program.","Do not confuse terms revision with observation currency","Written automation approval required; no downloads","Confirm service access and app-credit placement","2026-10-07"
"NPN-02","USA-NPN gridded Spring Indices / phenology products","https://www.usanpn.org/data/maps/spring","USA National Phenology Network","https://www.usanpn.org/about/terms | https://www.usanpn.org/data/maps/spring","CC BY 4.0 data","YES","YES","YES under CC BY 4.0 including applicable database rights","Raster acknowledgment A.3; product citation with DOI/date/extent/request URL","Data grant excludes separately licensed photos/logos and independently redistributed weather inputs","Status-page narrative dated 2026-05-18; no downloaded raster timestamp","Terms: 2022-03-02","Daily/continuous products and annual products; verify selected layer timestamp, not narrative date","GREEN","Official product page/policy and CC legal code read","Q-CC4-SHARE; Q-CC4-ADAPT; Q-CC4-DB; terms Data Use §1","Terms Data Attribution A.3; gridded product citation; Q-CC4-ATTR","Use official raster acknowledgment at terms A.3; exact wording remains at the source rather than repeating observation credit","https://www.usanpn.org/data/maps/spring describes continuous daily and annual product citations","Confirm authorized automation; no downloads","Confirm service and product citation","2026-10-07"
