"id","category","option","recommendation","pros","cons","licence","effort_estimate","unverified","source_ids"
"E-OPT-01","renderer","three.js WebGLRenderer/WebGL2","Launch baseline for standalone and shared-context MapLibre adapter","Existing renderer investment; documented existing-context/resetState API; broad browser reach; no engine royalties","App owns streaming/camera policy; GLSL/custom look must be maintained; no WebGPU compute","MIT; retain copyright and permission notice","1-2 person-weeks renderer audit/instrumentation before adapter and streaming work; authored estimate","WorldEngine browser throughput, sustained heat behavior and current pinned version","E01; E04; E09"
"E-OPT-02","renderer","three.js WebGPURenderer","Later standalone experiment; retain WebGLRenderer for MapLibre","WebGPU backend and WebGL2 fallback; same scene ecosystem; opportunity for future GPU-driven workflows","Separate backend/material migration audit; cannot share MapLibre WebGL depth; gains require measurements","MIT","1-2 person-weeks spike plus 3-6 weeks production material/postprocess/loss-recovery parity if retained; authored estimate","Custom look parity; devices; savings; fallback beyond documented backend selection","E02; E03; E05; E08; E09"
"E-OPT-03","renderer","Babylon.js Engine/WebGPUEngine","Alternative for greenfield editor/game; do not migrate v1","Integrated engine capabilities; WebGL and WebGPU maintained; glTF and thin instances; Apache2 patent licence","Migration duplicates proven scene/look tooling; MapLibre integration still requires shared-state adapter; no proven speed advantage","Apache-2.0; licence/notice duties and modification notices; no renderer royalties","1-2 person-weeks comparative spike; 6-12 weeks migration/parity before SDK hardening; authored estimate","Actual migration scope and bundle size/performance comparison","E06; E10; E13"
"E-OPT-04","renderer","Custom WebGL2/WebGPU renderer","Defer; consider isolated bottleneck-specific subsystem after profiling","Control data layouts/materials/resource accounting; avoid unused engine features","Own shader variants, loaders, picking, context/device loss, browser quirks, tools and two-backend maintenance; fastest status unproven","Own code plus separately audited dependencies/assets","12-24+ person-weeks renderer baseline/parity, excluding production QA/content/SDK; authored order-of-magnitude estimate","Savings and scope; no prototype","E08; E01; E03"
"ML-O1","map_integration","WorldEngine owned MapLibre WebGL2 custom layer + three.js","Recommended v1; Mercator first","Shared camera/depth; preserves partner map overlays; reusable renderer core","Shared state and depth coupling; terrain/globe and true camera/picking require work","MapLibre BSD-3-Clause; three.js MIT (parent research); own SDK terms separate","Estimate: 1-2 engineer-weeks integration spike; 2-4 weeks hardening, excluding engine/streaming work","Actual phone timing, exact tested release pair, tenant overlays","ML01; ML02; ML04; ML07; ML11"
"ML-O2","map_integration","maplibre-gl-three bridge","Evaluate in spike; adopt only after licence/version/state review","Current official examples; 3D Tiles/glTF/terrain/globe and picking precedent","Extra dependency and coordinate/datum abstraction; production phone budget unknown","Exact v3 licence unverified; do not infer from old CDN metadata","Estimate: 2-4 days comparison spike; production hardening additional","v3 licence text, mobile cost, lifecycle integration","ML08; ML09; ML10; ML12"
"ML-O3","map_integration","Separate overlay canvas","Avoid as primary MapLibre SDK; allow independent iframe viewer","Renderer isolation; standalone implementation simplicity","No shared depth; camera/input/resize synchronization; extra context/compositing/memory","Own implementation; libraries retain licences","Estimate: 3-5 days prototype; depth-equivalent behavior not promised","Compositing overhead depends on phone","ML01; ML07"
"PF01","tile streaming","App hierarchy with existing GLB payloads","Default first implementation for owned WorldEngine data; one shared exporter","Fits immutable local assets and custom _PAINT/_EXTRA/_FEATURE attributes and provenance; avoids format conversion","Own bounds, screen-space error, coverage replacement, cancellation and byte-cache policy; less interoperable","App schema owned; three.jsMIT runtime; source-data licences independent","6–10 engineer-days web adapter/scheduler + 2–4 stress/profiling, assuming existing shared exporter; excludes native and globe infrastructure","Current merged metadata schema, actual web export, sustained performance and estimate","F18; F01; F14"
"PF02","tile streaming","3D Tiles 1.1 with 3d-tiles-renderer","Standards adapter when external ingestion or interchange is needed; compare before replacing app contract","Established hierarchy, screen-space error, cache, metadata/material hooks and shared queues; same GLB payload can remain","Preserve custom fields, stable IDs and terrain/shadow ownership; incomplete 64-bit metadata support and memory-refusal behavior need tests","3d-tiles-rendererApache2.0; data rights independent","3–5 engineer-days spike + 6–12 hardening, assuming shared exporter; alternative to overlapping app-hierarchy work","Pinned release, extension support, target-content performance and parent replacement","F03; F05; F06; F13"
"PF03","mesh transfer","meshopt + quantization + authored LOD","Recommended after uncompressed parity fixture; compare Draco using real content","GLTFLoader decoder support; offline optimized vertex/index streams","Decoded geometry still costs GPU memory and triangles; staging/CPU cost; custom attributes and picking must survive","meshoptimizerMIT; glTFextension schema not datasetlicence","2–4 engineer-days exporter/loader integration and attribute parity; estimate","Compression ratio, decode time, precision tradeoff and native decoder support","F01; F15; F18"
"PF04","textures","KTX2 / Basis Universal: ETC1S or UASTC","Use for texture-heavy layers; preserve palette/vertex colour where sufficient","Compressed GPU formats can reduce texture allocation and bandwidth; mips and runtime format detection","Quality/bytes tradeoff, device-specific transcoding, worker startup and fallback memory inflation","BasisUniversalApache2.0; three.jsMIT; assetsource rights separate","2–4 engineer-days offline encoding, visual QA and loader budgets; estimate","Safari/Android format support on chosen devices, visual quality, transcode peaks and decoder size","F02; F16; F17"
"PF05","quality control","Portable frame-time governor","Required baseline; pressure signals optional","Portable frame cadence, explicit low-power mode, hidden/offscreen pause","Stress inference is not temperature; cannot control unrelated host scripts or shared canvas size; needs hysteresis","Applicationpolicy; browser APIs noadded paidlicence","2–3 engineer-days first governor/telemetry + 3–5 real-device acceptance; estimate","Thresholds, quality response and sustained behavior; no portable thermal reading","F10; F18"
"PF06","render baseline","Opaque instanced cells, bounded sun shadow, cheap sky/weather","Preserve baseline look; richer postprocessing/cascades only after profiling","Reuses authored asset decisions; bounds submissions/fill and avoids distant shadow caster work","Batch-cell culling/draw tradeoff; web shadow appearance needs art review","three.jsMIT; customshaders/geometry/data rights retained","3–5 engineer-days incremental shader/material/LOD fit and visual fixtures; excludes full export","Native/web material parity, all-pass counters, night/rain fill and foliage behavior","F18; F08"
"P-OPT-01","delivery","Hosted iframe with thin JS bridge","First commercial surface/pilot","Controlled dependency/CSP versions; fast partner integration; isolated CSS; predictable upgrades","Separate canvas cannot share host depth; parent-child accessibility and origin/CSP work; weaker editor integration","Own OEM runtime contract + third-party notices/data attribution","2-3 person-weeks bridge/security/hosting/docs over stable viewer; estimate","Partner CMS/CSP fit; auth/event burst tests","P14; P15; P16; P18; P19"
"P-OPT-02","delivery","Typed ESM SDK + separate MapLibre adapter","Second surface, after shared-core extraction","Camera/picking/overlay integration; tree-shakable modules; framework-independent; reuse partner map","Host peer-version/CSP conflicts; shared GPU budget/lifetime; integration support","Own commercial SDK licence; threeMIT/MapLibreBSD notices; data rights separate","3-5 person-weeks packaging/API/docs/fixtures excluding renderer-layer work; estimate","Actual package size and backwards compatibility","E09; P10; P19"
"P-OPT-03","commercial","Successful-session meter + credited annual minimum","Preferred OEM hypothesis; validate in pilots","Understandable unit; no billing for frame/tile detail; aligned premium-use adoption","Requires fraud/retry reconciliation; long-session traffic/margin sensitivity; minima can deter small prospects","Explicit resale/white-label/site/traffic/support terms","1-2 person-weeks meter/quotas/reporting implementation plus commercial work; estimate","USD3-8/1k and annual minima are hypotheses; costs unknown","P01; P04; P19"
"P-OPT-04","commercial","Defined site/event/portfolio annual licence","Alternative for low-volume seasonal/campus customers","Predictable procurement; custom model ownership clear; year/event budgets","Needs capped sessions/bytes/burst support; cannot economically promise unlimited visitors","Explicit portfolio and OEM distribution rights","Commercial alternative, not additive engineering scope","Demand and per-site margin; USD300-1500/campus/year hypothesis","P19; P06"
