metro,cbsa,leafout_window,peak_fall_window,leafdrop_window,evergreen_behavior,regional_variation,warm_year_shift,cold_year_shift,timing_basis,evidence_status,source_urls
Chicago,16980,mid-April–late-May,mid-October–early-November,October–November,evergreens retain foliage; needle turnover species-specific; dawn redwood is deciduous,urban warmth can advance leafout and extend retention; species/cultivar/water/exposure vary; suburbs and elevation differ,spring warmth generally advances leafout after chilling; warm autumn can delay color; drought may cause early drop; no fixed day offset,cool spring generally delays leafout; autumn frost/cold can shorten retention; color and drop not a uniform inverse of warmth,broad rendering heuristic selected for regional climate; NOT measured metro or species phenology. USA-NPN Spring Index models lilac/honeysuckle early season; not all listed trees,heuristic_windows; qualitative_weather_supported,https://usanpn.org/data/maps/spring;https://www.noaa.gov/stories/cool-autumn-weather-reveals-nature-s-true-hues
Denver,19740,April-May heuristic,October heuristic,October-November heuristic,Evergreen species retain canopy with leaf-cohort turnover,Elevation and exposure alter timing; foothills should not use downtown calendar,Earlier spring leafout is a heuristic under adequate chilling; fall response not assigned a fixed shift,Later spring leafout heuristic; frost may truncate leaves/colors; fall response not assigned a fixed shift,Rendering heuristic only; no species-specific metro observational calibration,unverified calendar windows; do not treat as observed dates,https://www.usanpn.org/data/maps/spring
Miami,33100,No single metro leafout; evergreen flushing and deciduous dry-season renewal,No coherent temperate autumn peak,Species-specific; palm fronds throughout year; some tropical trees in dry season,Palms and many broadleaf evergreens retain crown; frond senescence continuous; dry-season deciduous trees vary,Species/cultivar; elevation; urban heat; coast/inland; irrigation; drought alter timing,Spring warmth can advance development after chilling requirements; fall response not monotonic; no day offset,Spring cold can delay development; frost can damage new growth; fall response variable; no day offset,Authored broad rendering heuristic; source general mechanisms only; no metro observations/calibration,heuristic_unvalidated_metro_timing,https://www.usanpn.org/data/maps/spring;https://www.noaa.gov/stories/cool-autumn-weather-reveals-nature-s-true-hues;https://gardeningsolutions.ifas.ufl.edu/plants/trees-and-shrubs/trees/live-oaks/;https://ask.ifas.ufl.edu/publication/EP009
NewYork,35620,April–mid-May,late-October–mid-November,late-October–early-December,evergreens retain foliage; needle turnover species-specific; dawn redwood is deciduous,urban warmth can advance leafout and extend retention; species/cultivar/water/exposure vary; suburbs and elevation differ,spring warmth generally advances leafout after chilling; warm autumn can delay color; drought may cause early drop; no fixed day offset,cool spring generally delays leafout; autumn frost/cold can shorten retention; color and drop not a uniform inverse of warmth,broad rendering heuristic selected for regional climate; NOT measured metro or species phenology. USA-NPN Spring Index models lilac/honeysuckle early season; not all listed trees,heuristic_windows; qualitative_weather_supported,https://usanpn.org/data/maps/spring;https://www.noaa.gov/stories/cool-autumn-weather-reveals-nature-s-true-hues
Los Angeles,31080,February-April for deciduous trees heuristic,November-December for deciduous ornamentals heuristic,November-January variable heuristic,Evergreen species retain canopy with leaf-cohort turnover,Coastal marine sites versus inland valleys; species and irrigation alter season,Earlier spring leafout is a heuristic under adequate chilling; fall response not assigned a fixed shift,Later spring leafout heuristic; frost may truncate leaves/colors; fall response not assigned a fixed shift,Rendering heuristic only; no species-specific metro observational calibration,unverified calendar windows; do not treat as observed dates,https://www.usanpn.org/data/maps/spring
Dallas,19100,March-April (illustrative heuristic),November (illustrative heuristic),November-December (illustrative heuristic),Evergreen pine/holly/magnolia/palms retain crown; live oak may briefly exchange leaves in spring,Species/cultivar; elevation; urban heat; coast/inland; irrigation; drought alter timing,Spring warmth can advance development after chilling requirements; fall response not monotonic; no day offset,Spring cold can delay development; frost can damage new growth; fall response variable; no day offset,Authored broad rendering heuristic; source general mechanisms only; no metro observations/calibration,heuristic_unvalidated_metro_timing,https://www.usanpn.org/data/maps/spring;https://www.noaa.gov/stories/cool-autumn-weather-reveals-nature-s-true-hues;https://gardeningsolutions.ifas.ufl.edu/plants/trees-and-shrubs/trees/live-oaks/;https://ask.ifas.ufl.edu/publication/EP009
Houston,26420,February-April (illustrative heuristic),November-December; weak/variable (illustrative heuristic),November-January; evergreen oaks exchange in spring,Evergreen pine/holly/magnolia/palms retain crown; live oak may briefly exchange leaves in spring,Species/cultivar; elevation; urban heat; coast/inland; irrigation; drought alter timing,Spring warmth can advance development after chilling requirements; fall response not monotonic; no day offset,Spring cold can delay development; frost can damage new growth; fall response variable; no day offset,Authored broad rendering heuristic; source general mechanisms only; no metro observations/calibration,heuristic_unvalidated_metro_timing,https://www.usanpn.org/data/maps/spring;https://www.noaa.gov/stories/cool-autumn-weather-reveals-nature-s-true-hues;https://gardeningsolutions.ifas.ufl.edu/plants/trees-and-shrubs/trees/live-oaks/;https://ask.ifas.ufl.edu/publication/EP009
Atlanta,12060,March-April (illustrative heuristic),Late October-November (illustrative heuristic),October-December (illustrative heuristic),Evergreen pine/holly/magnolia/palms retain crown; live oak may briefly exchange leaves in spring,Species/cultivar; elevation; urban heat; coast/inland; irrigation; drought alter timing,Spring warmth can advance development after chilling requirements; fall response not monotonic; no day offset,Spring cold can delay development; frost can damage new growth; fall response variable; no day offset,Authored broad rendering heuristic; source general mechanisms only; no metro observations/calibration,heuristic_unvalidated_metro_timing,https://www.usanpn.org/data/maps/spring;https://www.noaa.gov/stories/cool-autumn-weather-reveals-nature-s-true-hues;https://gardeningsolutions.ifas.ufl.edu/plants/trees-and-shrubs/trees/live-oaks/;https://ask.ifas.ufl.edu/publication/EP009
WashingtonDC,47900,late-March–early-May,late-October–mid-November,October–December,evergreens retain foliage; needle turnover species-specific; dawn redwood is deciduous,urban warmth can advance leafout and extend retention; species/cultivar/water/exposure vary; suburbs and elevation differ,spring warmth generally advances leafout after chilling; warm autumn can delay color; drought may cause early drop; no fixed day offset,cool spring generally delays leafout; autumn frost/cold can shorten retention; color and drop not a uniform inverse of warmth,broad rendering heuristic selected for regional climate; NOT measured metro or species phenology. USA-NPN Spring Index models lilac/honeysuckle early season; not all listed trees,heuristic_windows; qualitative_weather_supported,https://usanpn.org/data/maps/spring;https://www.noaa.gov/stories/cool-autumn-weather-reveals-nature-s-true-hues
Philadelphia,37980,late-March–mid-May,late-October–mid-November,October–early-December,evergreens retain foliage; needle turnover species-specific; dawn redwood is deciduous,urban warmth can advance leafout and extend retention; species/cultivar/water/exposure vary; suburbs and elevation differ,spring warmth generally advances leafout after chilling; warm autumn can delay color; drought may cause early drop; no fixed day offset,cool spring generally delays leafout; autumn frost/cold can shorten retention; color and drop not a uniform inverse of warmth,broad rendering heuristic selected for regional climate; NOT measured metro or species phenology. USA-NPN Spring Index models lilac/honeysuckle early season; not all listed trees,heuristic_windows; qualitative_weather_supported,https://usanpn.org/data/maps/spring;https://www.noaa.gov/stories/cool-autumn-weather-reveals-nature-s-true-hues
Phoenix,38060,February-April for winter-deciduous trees heuristic,November-December for deciduous ornamentals heuristic,November-January variable heuristic,Palms retain fronds; drought-deciduous desert trees can shed outside winter,Irrigation strongly changes canopy persistence; frost pockets versus warm core,Earlier spring leafout is a heuristic under adequate chilling; fall response not assigned a fixed shift,Later spring leafout heuristic; frost may truncate leaves/colors; fall response not assigned a fixed shift,Rendering heuristic only; no species-specific metro observational calibration,unverified calendar windows; do not treat as observed dates,https://www.asu.edu/lib/camartin/plants/Plant%20html%20files/parkinsoniaflorida.html
Boston,14460,mid-April–late-May,mid-October–early-November,October–late-November,evergreens retain foliage; needle turnover species-specific; dawn redwood is deciduous,urban warmth can advance leafout and extend retention; species/cultivar/water/exposure vary; suburbs and elevation differ,spring warmth generally advances leafout after chilling; warm autumn can delay color; drought may cause early drop; no fixed day offset,cool spring generally delays leafout; autumn frost/cold can shorten retention; color and drop not a uniform inverse of warmth,broad rendering heuristic selected for regional climate; NOT measured metro or species phenology. USA-NPN Spring Index models lilac/honeysuckle early season; not all listed trees,heuristic_windows; qualitative_weather_supported,https://usanpn.org/data/maps/spring;https://www.noaa.gov/stories/cool-autumn-weather-reveals-nature-s-true-hues
Riverside,40140,February-April for deciduous trees heuristic,November-December for deciduous ornamentals heuristic,November-January variable heuristic,Evergreen species retain canopy with leaf-cohort turnover,Coastal marine sites versus inland valleys; species and irrigation alter season,Earlier spring leafout is a heuristic under adequate chilling; fall response not assigned a fixed shift,Later spring leafout heuristic; frost may truncate leaves/colors; fall response not assigned a fixed shift,Rendering heuristic only; no species-specific metro observational calibration,unverified calendar windows; do not treat as observed dates,https://www.usanpn.org/data/maps/spring
San Francisco,41860,February-April for deciduous trees heuristic,November-December for deciduous ornamentals heuristic,November-January variable heuristic,Evergreen species retain canopy with leaf-cohort turnover,Coastal marine sites versus inland valleys; species and irrigation alter season,Earlier spring leafout is a heuristic under adequate chilling; fall response not assigned a fixed shift,Later spring leafout heuristic; frost may truncate leaves/colors; fall response not assigned a fixed shift,Rendering heuristic only; no species-specific metro observational calibration,unverified calendar windows; do not treat as observed dates,https://www.usanpn.org/data/maps/spring
Detroit,19820,mid-April–late-May,mid-October–early-November,October–November,evergreens retain foliage; needle turnover species-specific; dawn redwood is deciduous,urban warmth can advance leafout and extend retention; species/cultivar/water/exposure vary; suburbs and elevation differ,spring warmth generally advances leafout after chilling; warm autumn can delay color; drought may cause early drop; no fixed day offset,cool spring generally delays leafout; autumn frost/cold can shorten retention; color and drop not a uniform inverse of warmth,broad rendering heuristic selected for regional climate; NOT measured metro or species phenology. USA-NPN Spring Index models lilac/honeysuckle early season; not all listed trees,heuristic_windows; qualitative_weather_supported,https://usanpn.org/data/maps/spring;https://www.noaa.gov/stories/cool-autumn-weather-reveals-nature-s-true-hues
Seattle,42660,March-May heuristic,October-November heuristic,October-December heuristic,Conifers retain canopy while older needle cohorts shed,Marine coast versus inland Cascades; urban heat and exposure alter timing,Earlier spring leafout is a heuristic under adequate chilling; fall response not assigned a fixed shift,Later spring leafout heuristic; frost may truncate leaves/colors; fall response not assigned a fixed shift,Rendering heuristic only; no species-specific metro observational calibration,unverified calendar windows; do not treat as observed dates,https://www.usanpn.org/data/maps/spring
Minneapolis,33460,late-April–late-May,late-September–mid-October,October–early-November,evergreens retain foliage; needle turnover species-specific; dawn redwood is deciduous,urban warmth can advance leafout and extend retention; species/cultivar/water/exposure vary; suburbs and elevation differ,spring warmth generally advances leafout after chilling; warm autumn can delay color; drought may cause early drop; no fixed day offset,cool spring generally delays leafout; autumn frost/cold can shorten retention; color and drop not a uniform inverse of warmth,broad rendering heuristic selected for regional climate; NOT measured metro or species phenology. USA-NPN Spring Index models lilac/honeysuckle early season; not all listed trees,heuristic_windows; qualitative_weather_supported,https://usanpn.org/data/maps/spring;https://www.noaa.gov/stories/cool-autumn-weather-reveals-nature-s-true-hues
Tampa,45300,February-April for deciduous component (illustrative heuristic),November-December for deciduous component; weak/variable (illustrative heuristic),November-January deciduous; live-oak exchange in late winter/spring,Evergreen pine/holly/magnolia/palms retain crown; live oak may briefly exchange leaves in spring,Species/cultivar; elevation; urban heat; coast/inland; irrigation; drought alter timing,Spring warmth can advance development after chilling requirements; fall response not monotonic; no day offset,Spring cold can delay development; frost can damage new growth; fall response variable; no day offset,Authored broad rendering heuristic; source general mechanisms only; no metro observations/calibration,heuristic_unvalidated_metro_timing,https://www.usanpn.org/data/maps/spring;https://www.noaa.gov/stories/cool-autumn-weather-reveals-nature-s-true-hues;https://gardeningsolutions.ifas.ufl.edu/plants/trees-and-shrubs/trees/live-oaks/;https://ask.ifas.ufl.edu/publication/EP009
San Diego,41740,February-April for deciduous trees heuristic,November-December for deciduous ornamentals heuristic,November-January variable heuristic,Evergreen species retain canopy with leaf-cohort turnover,Coastal marine sites versus inland valleys; species and irrigation alter season,Earlier spring leafout is a heuristic under adequate chilling; fall response not assigned a fixed shift,Later spring leafout heuristic; frost may truncate leaves/colors; fall response not assigned a fixed shift,Rendering heuristic only; no species-specific metro observational calibration,unverified calendar windows; do not treat as observed dates,https://www.usanpn.org/data/maps/spring
Orlando,36740,February-April for deciduous component (illustrative heuristic),November-December for deciduous component; weak/variable (illustrative heuristic),November-January deciduous; live-oak exchange in late winter/spring,Evergreen pine/holly/magnolia/palms retain crown; live oak may briefly exchange leaves in spring,Species/cultivar; elevation; urban heat; coast/inland; irrigation; drought alter timing,Spring warmth can advance development after chilling requirements; fall response not monotonic; no day offset,Spring cold can delay development; frost can damage new growth; fall response variable; no day offset,Authored broad rendering heuristic; source general mechanisms only; no metro observations/calibration,heuristic_unvalidated_metro_timing,https://www.usanpn.org/data/maps/spring;https://www.noaa.gov/stories/cool-autumn-weather-reveals-nature-s-true-hues;https://gardeningsolutions.ifas.ufl.edu/plants/trees-and-shrubs/trees/live-oaks/;https://ask.ifas.ufl.edu/publication/EP009
Charlotte,16740,March-April (illustrative heuristic),Late October-November (illustrative heuristic),October-December (illustrative heuristic),Evergreen pine/holly/magnolia/palms retain crown; live oak may briefly exchange leaves in spring,Species/cultivar; elevation; urban heat; coast/inland; irrigation; drought alter timing,Spring warmth can advance development after chilling requirements; fall response not monotonic; no day offset,Spring cold can delay development; frost can damage new growth; fall response variable; no day offset,Authored broad rendering heuristic; source general mechanisms only; no metro observations/calibration,heuristic_unvalidated_metro_timing,https://www.usanpn.org/data/maps/spring;https://www.noaa.gov/stories/cool-autumn-weather-reveals-nature-s-true-hues;https://gardeningsolutions.ifas.ufl.edu/plants/trees-and-shrubs/trees/live-oaks/;https://ask.ifas.ufl.edu/publication/EP009
Baltimore,12580,late-March–mid-May,late-October–mid-November,October–December,evergreens retain foliage; needle turnover species-specific; dawn redwood is deciduous,urban warmth can advance leafout and extend retention; species/cultivar/water/exposure vary; suburbs and elevation differ,spring warmth generally advances leafout after chilling; warm autumn can delay color; drought may cause early drop; no fixed day offset,cool spring generally delays leafout; autumn frost/cold can shorten retention; color and drop not a uniform inverse of warmth,broad rendering heuristic selected for regional climate; NOT measured metro or species phenology. USA-NPN Spring Index models lilac/honeysuckle early season; not all listed trees,heuristic_windows; qualitative_weather_supported,https://usanpn.org/data/maps/spring;https://www.noaa.gov/stories/cool-autumn-weather-reveals-nature-s-true-hues
StLouis,41180,late-March–early-May,late-October–mid-November,October–December,evergreens retain foliage; needle turnover species-specific; dawn redwood is deciduous,urban warmth can advance leafout and extend retention; species/cultivar/water/exposure vary; suburbs and elevation differ,spring warmth generally advances leafout after chilling; warm autumn can delay color; drought may cause early drop; no fixed day offset,cool spring generally delays leafout; autumn frost/cold can shorten retention; color and drop not a uniform inverse of warmth,broad rendering heuristic selected for regional climate; NOT measured metro or species phenology. USA-NPN Spring Index models lilac/honeysuckle early season; not all listed trees,heuristic_windows; qualitative_weather_supported,https://usanpn.org/data/maps/spring;https://www.noaa.gov/stories/cool-autumn-weather-reveals-nature-s-true-hues
SanAntonio,41700,February-April (illustrative heuristic),November-December; weak/variable (illustrative heuristic),November-January; evergreen oaks exchange in spring,Evergreen pine/holly/magnolia/palms retain crown; live oak may briefly exchange leaves in spring,Species/cultivar; elevation; urban heat; coast/inland; irrigation; drought alter timing,Spring warmth can advance development after chilling requirements; fall response not monotonic; no day offset,Spring cold can delay development; frost can damage new growth; fall response variable; no day offset,Authored broad rendering heuristic; source general mechanisms only; no metro observations/calibration,heuristic_unvalidated_metro_timing,https://www.usanpn.org/data/maps/spring;https://www.noaa.gov/stories/cool-autumn-weather-reveals-nature-s-true-hues;https://gardeningsolutions.ifas.ufl.edu/plants/trees-and-shrubs/trees/live-oaks/;https://ask.ifas.ufl.edu/publication/EP009
Austin,12420,February-April (illustrative heuristic),November-December; weak/variable (illustrative heuristic),November-January; evergreen oaks exchange in spring,Evergreen pine/holly/magnolia/palms retain crown; live oak may briefly exchange leaves in spring,Species/cultivar; elevation; urban heat; coast/inland; irrigation; drought alter timing,Spring warmth can advance development after chilling requirements; fall response not monotonic; no day offset,Spring cold can delay development; frost can damage new growth; fall response variable; no day offset,Authored broad rendering heuristic; source general mechanisms only; no metro observations/calibration,heuristic_unvalidated_metro_timing,https://www.usanpn.org/data/maps/spring;https://www.noaa.gov/stories/cool-autumn-weather-reveals-nature-s-true-hues;https://gardeningsolutions.ifas.ufl.edu/plants/trees-and-shrubs/trees/live-oaks/;https://ask.ifas.ufl.edu/publication/EP009
Las Vegas,29820,February-April for winter-deciduous trees heuristic,November-December for deciduous ornamentals heuristic,November-January variable heuristic,Palms retain fronds; drought-deciduous desert trees can shed outside winter,Irrigation strongly changes canopy persistence; frost pockets versus warm core,Earlier spring leafout is a heuristic under adequate chilling; fall response not assigned a fixed shift,Later spring leafout heuristic; frost may truncate leaves/colors; fall response not assigned a fixed shift,Rendering heuristic only; no species-specific metro observational calibration,unverified calendar windows; do not treat as observed dates,https://www.asu.edu/lib/camartin/plants/Plant%20html%20files/parkinsoniaflorida.html
