id,category,name,coverage,update_rate_and_latency,cost_1k,cost_100k,cost_1m,display,store,resell,derive,own_apps,world_state_api,attribution,limitations_unverified,source_urls,verified_date,quote
nws,weather,NWS API,"US forecasts, alerts and observations",Product-dependent; cache-aware API; unpublished generous limits; no latency SLA,$0 data fee; shared ingestion,$0 data fee; shared ingestion,$0 data fee; shared ingestion,ALLOWED: identified agency-produced data,ALLOWED: identified agency-produced data,ALLOWED: identified agency-produced data; check worldwide CC0 metadata,ALLOWED: label modifications,GREEN,GREEN,NWS source and issue time; no endorsement; altered data not official,Partner observations and logos excluded from blanket clearance. Historical completeness not guaranteed.,https://www.weather.gov/documentation/services-web-api | https://www.weather.gov/disclaimer,2026-10-07,may be used without charge for any lawful purpose
mrms,weather,NOAA MRMS precipitation / radar,CONUS operational multi-radar products,Selected reflectivity and precipitation products every 2 minutes; publication latency not verified,$0 data fee; shared ingestion,$0 data fee; shared ingestion,$0 data fee; shared ingestion,ALLOWED: identified agency-produced data,ALLOWED: identified agency-produced data,ALLOWED: identified agency-produced data; check worldwide CC0 metadata,ALLOWED: label modifications,GREEN,GREEN,NOAA/NSSL; product and valid time,Whitelist NOAA-produced precipitation/radar outputs. NLDN/private lightning inputs and separate lightning products require rights audit.,https://www.nssl.noaa.gov/projects/mrms/operational/tables.php | https://www.weather.gov/disclaimer,2026-10-07,
snow,environment,NOHRSC / SNODAS,"CONUS modeled snow depth, SWE, melt","1 km model with hourly timestep, daily assimilation/analyses; public delivery latency unverified",$0 data fee; shared ingestion,$0 data fee; shared ingestion,$0 data fee; shared ingestion,ALLOWED: identified agency-produced data,ALLOWED: identified agency-produced data,ALLOWED: identified agency-produced data; check worldwide CC0 metadata,ALLOWED: label modifications,GREEN,GREEN,NOAA/NOHRSC; model date,"Model output is not measured neighborhood snow, grooming or ski quality; raw partner inputs excluded.",https://www.nohrsc.noaa.gov/technology/ | https://www.nohrsc.noaa.gov/help/ | https://www.weather.gov/disclaimer,2026-10-07,
sun,sky,WorldEngine sun / shadow,Worldwide position and timing,Computed for requested time; no upstream delay,$0 supplier fee,$0 supplier fee,$0 supplier fee,ASSUMPTION: internally owned outputs,ASSUMPTION: internally owned outputs,ASSUMPTION: internally owned outputs,ASSUMPTION: internally owned outputs,GREEN,GREEN,WorldEngine,User-supplied stack context; algorithm/library IP audit not performed. GREEN depends on ownership.,,2026-10-07,
coops,environment,NOAA CO-OPS,"US coasts and Great Lakes station water levels, tides, currents",6-minute water levels; some 1-minute stations; monthly verification; latency station-dependent,$0 data fee; shared ingestion,$0 data fee; shared ingestion,$0 data fee; shared ingestion,ALLOWED: identified agency-produced data,ALLOWED: identified agency-produced data,ALLOWED: identified agency-produced data; check worldwide CC0 metadata,ALLOWED: label modifications,GREEN,GREEN,"NOAA CO-OPS; datum, units, timezone, observed vs predicted",latest lookup within 18 minutes is not a latency SLA. Request-span caps; partner station rights separate.,https://api.tidesandcurrents.noaa.gov/api/dev | https://tidesandcurrents.noaa.gov/web_services_info.html | https://oceanservice.noaa.gov/disclaimer.html,2026-10-07,
usgs,environment,USGS modern Water Data,"US river stage, discharge, monitoring sites and water quality","Typically 15-minute measurements, often hourly transmission; station-dependent receipt delay",$0 data fee; shared ingestion,$0 data fee; shared ingestion,$0 data fee; shared ingestion,ALLOWED: identified agency-produced data,ALLOWED: identified agency-produced data,ALLOWED: identified agency-produced data; check worldwide CC0 metadata,ALLOWED: label modifications,GREEN,GREEN,USGS; provisional/approved flag and station provider,Use modern OGC API; legacy WaterServices retirement Q1 2027. Free key increases limits; partner records require separate clearance.,https://api.waterdata.usgs.gov/docs/ | https://www.usgs.gov/faqs/how-often-are-real-time-streamflow-data-updated | https://www.usgs.gov/data-management/data-licensing | https://waterdata.usgs.gov/blog/api-waterservices-decom/,2026-10-07,
nwps,environment,NWS National Water Prediction Service,"US gauge observations, flood forecasts and thresholds; modeled reaches",Gauge and forecast-issuance dependent; no universal cadence or SLA,$0 data fee; shared ingestion,$0 data fee; shared ingestion,$0 data fee; shared ingestion,ALLOWED: identified agency-produced data,ALLOWED: identified agency-produced data,ALLOWED: identified agency-produced data; check worldwide CC0 metadata,ALLOWED: label modifications,GREEN,GREEN,NWS; original gauge provider; forecast issue time,Main API is not a historical observation archive. Experimental NWM guidance is not official forecast or 24/7 supported; partner raw observations audited separately.,https://water.noaa.gov/about/api | https://api.water.noaa.gov/nwps/v1/docs/ | https://www.weather.gov/disclaimer,2026-10-07,
ndbc,environment,NOAA NDBC,US and ocean buoy / C-MAN marine stations,Most hourly reports available by :25; station-dependent,$0 data fee; shared ingestion,$0 data fee; shared ingestion,$0 data fee; shared ingestion,ALLOWED: identified agency-produced data,ALLOWED: identified agency-produced data,ALLOWED: identified agency-produced data; check worldwide CC0 metadata,ALLOWED: label modifications,GREEN,GREEN,NOAA/NDBC and actual station operator,Shared HTTP retrieval preferred; realtime files approximately 45 days. Offshore wave data does not directly describe breaking waves on a beach.,https://www.ndbc.noaa.gov/faq/rt_data_access.shtml | https://www.weather.gov/disclaimer,2026-10-07,
snotel,environment,NRCS SNOTEL / AWDB,Western US and Alaska snow and climate stations,"Hourly; GOES often :40, cellular :05; PST year-round; snow courses monthly",$0 data fee; shared ingestion,$0 data fee; shared ingestion,$0 data fee; shared ingestion,ALLOWED: identified agency-produced data,ALLOWED: identified agency-produced data,ALLOWED: identified agency-produced data; check worldwide CC0 metadata,ALLOWED: label modifications,GREEN,GREEN,USDA NRCS; station/network operator,Hourly readings generally unedited; daily QA differs. AWDB external networks excluded from blanket rights.,https://www.nrcs.usda.gov/state-offices/montana/montana-snow-survey/frequently-asked-snow-survey-questions-montana | https://www.usda.gov/about-usda/policies-and-links,2026-10-07,
ski,environment,Mountain News / OnTheSnow partner API,"Global resort-reported snow, trail and lift status",Marketed realtime; reports generally daily/seasonal; inspect updatedDt,UNVERIFIED / quote,UNVERIFIED / quote,UNVERIFIED / quote,CONDITIONAL: contracted application,UNVERIFIED: retention contract,UNVERIFIED: explicit downstream redistribution grant required,UNVERIFIED: derivative output grant required,YELLOW,YELLOW,UNVERIFIED: partner contract,Fee-based API. Website access is not redistribution permission; grooming/lift truth requires resort timestamps.,https://partner.docs.onthesnow.com/ | https://partner.docs.onthesnow.com/api-reference/resorts/batch-apis/snowreports-and-snowfall-api,2026-10-07,
beach_chicago,environment,Chicago beach lab / swim conditions,Chicago beaches in swim season,Daily samples sunrise–08:30; lab 3–4 hours; quality status by 13:30; flags as needed,$0 data fee; shared ingestion,$0 data fee; shared ingestion,$0 data fee; shared ingestion,CONDITIONAL: portal download/display,CONDITIONAL: portal analysis,UNVERIFIED: dataset license unspecified,UNVERIFIED: commercial derivatives,YELLOW,YELLOW,Chicago Park District / City dataset and sample date,"Offseason is stale by design. Separate sample result, prediction and official advisory.",https://www.chicagoparkdistrict.com/beach-faqs | https://www.chicagoparkdistrict.com/beach-dashboard | https://data.cityofchicago.org/Parks-Recreation/Beach-Lab-Data-Culture-Tests-For-Plenario/84eh-sf3p,2026-10-07,
beacon,environment,EPA BEACON / Water Quality Portal,US beach advisory history and multi-agency discrete water samples,Seasonal/reporting-dependent; not a guaranteed live beach advisory feed,$0 data fee; shared ingestion,$0 data fee; shared ingestion,$0 data fee; shared ingestion,ALLOWED: identified agency-produced data,ALLOWED: identified agency-produced data,ALLOWED: identified agency-produced data; check worldwide CC0 metadata,ALLOWED: label modifications,GREEN: federal subset,YELLOW: aggregate partners,EPA/USGS and contributor; query date/DOI where required,Whole collection rights unresolved. Old WQX2.2 UI omits USGS additions after March 11 2024; use current WQX3/modern services.,https://www.epa.gov/waterdata/fact-sheet-beach-act-locational-data | https://www.waterqualitydata.us/ | https://pasteur.epa.gov/license/sciencehub-license-non-epa-generated.html,2026-10-07,
mobilitydb,mobility,MobilityDatabase,6000+ GTFS/GTFS-rt/GBFS feeds in 99+ countries; catalog not universal entitlement,Catalog checked daily; realtime freshness depends on each operator,$0 data fee; shared ingestion,$0 data fee; shared ingestion,$0 data fee; shared ingestion,ALLOWED: CC0 catalog metadata; feeds separate,ALLOWED: CC0 metadata; feeds separate,ALLOWED: CC0 metadata; feeds UNVERIFIED,ALLOWED: CC0 metadata; feeds separate,GREEN: metadata / YELLOW: feeds,GREEN: metadata / YELLOW: feeds,Metadata credit optional; operator-specific attribution,"GTFS-rt is a format, not a nationwide license. Catalog coverage does not ensure active feed or accurate positions.",https://mobilitydatabase.org/faq | https://mobilitydatabase.org/terms-and-conditions,2026-10-07,All metadata generated by MobilityData is licensed under CC0
transitland,mobility,Transitland,"Global aggregate static/realtime transit, US all-state discovery",Static daily; realtime operator-dependent; archive features plan-specific,$250 monthly Pro; or $200/month annual prepay,Quote: above 200k REST plan,Quote: above 200k REST plan,CONDITIONAL: contracted application,UNVERIFIED: retention contract,UNVERIFIED: explicit downstream redistribution grant required,UNVERIFIED: derivative output grant required,YELLOW,YELLOW,"Transitland name/logo, terms link and source operator",Free 10k REST; Pro 200k; feed downloads count. Aggregator plan does not clear source feed storage/resale.,https://www.transit.land/plans-pricing/ | https://www.transit.land/terms | https://www.transit.land/documentation/rest-api/feeds,2026-10-07,
bart,mobility,BART direct,San Francisco Bay Area BART schedules/realtime/alerts,Realtime numeric cadence and observation lag unverified,$0 data fee; shared ingestion,$0 data fee; shared ingestion,$0 data fee; shared ingestion,ALLOWED: revocable developer license,ALLOWED: reproduce subject freshness,ALLOWED: redistribute under agreement,CONDITIONAL: broad use; derivative scope inferred,GREEN,GREEN,BART credit/link requested; trademarks/maps separate,No universal SLA; read operator agreement and preserve freshness.,https://www.bart.gov/schedules/developers/developer-license-agreement | https://www.bart.gov/schedules/developers/gtfs-realtime,2026-10-07,"rights to use, reproduce, and redistribute BART Data"
cta,mobility,CTA direct,"Chicago bus/train realtime, schedules and alerts",Bus Tracker 30-second updates; other products vary; observed lag unverified,$0 data fee; shared ingestion,$0 data fee; shared ingestion,$0 data fee; shared ingestion,CONDITIONAL: transit assistance/promotion purpose,CONDITIONAL: fresh application cache; delete on termination,PROHIBITED: standalone CTA data resale,CONDITIONAL: transit-purpose derivatives,YELLOW: ambient use; GREEN: rider use,RED: standalone resale,CTA developer branding conditions; no endorsement,Current-stack audit: integration does not establish World State resale rights. Cross-domain derivatives need permission.,https://www.transitchicago.com/downloads/sch_data/developers_license_agreement.htm | https://www.transitchicago.com/developers/bustracker/,2026-10-07,"You will not sell, auction or barter any CTA Data separate from your application."
rtd,mobility,RTD direct,Denver regional transit GTFS and realtime,Major schedules January/May/August; realtime cadence/lag unverified,$0 data fee; shared ingestion,$0 data fee; shared ingestion,$0 data fee; shared ingestion,ALLOWED: limited revocable agreement,ALLOWED: reproduction under agreement,CONDITIONAL: explicit redistribution; paid sublicense not expressly described,CONDITIONAL: use grant; derivative details unverified,GREEN,YELLOW,No RTD trademarks/copyrighted materials without permission; no endorsement,Broader than CTA; agreement reserves ownership and may revoke/change. Paid API resale scope needs confirmation before GREEN.,https://www.rtd-denver.com/open-records/open-spatial-information/gtfs | https://www.rtd-denver.com/open-records/open-spatial-information/gtfs-realtime-license-agreement,2026-10-07,"rights to use, reproduce, and redistribute the Data"
tomtom,mobility,TomTom Traffic,Global supported markets; flow/incidents/tiles,As frequently as 30 seconds in supported areas; not observation SLA,UNVERIFIED / quote,UNVERIFIED / quote,UNVERIFIED / quote,CONDITIONAL: contracted application,UNVERIFIED: retention contract,UNVERIFIED: explicit downstream redistribution grant required,UNVERIFIED: derivative output grant required,YELLOW,YELLOW,TomTom and underlying provider attribution; exact contract unverified,"Monthly free: flow 20k, incidents 2.5k, tiles 200k. Current paid tariff not verified. Intermediate Traffic server feed does not itself grant redistribution.",https://docs.tomtom.com/pricing | https://docs.tomtom.com/intermediate-traffic-service/documentation/introduction | https://docs.tomtom.com/legal/terms-and-conditions,2026-10-07,
here,mobility,HERE Traffic v7,70+ countries; flow and incidents,Flow 1 minute; incidents 2 minutes; 200ms response metric is not observation latency,UNVERIFIED / quote,UNVERIFIED / quote,UNVERIFIED / quote,CONDITIONAL: licensed app,UNVERIFIED: retention contract,PROHIBITED: standard non-sublicensable rights unless expressly permitted,CONDITIONAL: approved application derivation; warehouse not cleared,YELLOW,RED: standard terms,HERE and third-party notices,Base plan excluded use cases apply; obtain express distribution rights.,https://docs.here.com/traffic-api/docs/real-time-traffic-here-traffic-api-v7-concepts | https://legal.here.com/us-en/terms/here-platform-terms | https://www.here.com/get-started/pricing/rps-limits-excluded-use-cases,2026-10-07,
inrix,mobility,INRIX traffic / parking,Global contractual territories; traffic and parking products,"Numeric cadence, observation lag and SLA UNVERIFIED",UNVERIFIED / quote,UNVERIFIED / quote,UNVERIFIED / quote,CONDITIONAL: Order Form permitted use,CONDITIONAL: Order Form permitted use,PROHIBITED: sublicense outside named End Users,PROHIBITED: derivatives unless expressly authorized,YELLOW,RED: standard terms,INRIX copyright/logo and underlying provider notices,Data combination restrictions; distinguish modeled parking probability from measured occupancy.,https://docs.inrix.com/ | https://inrix.com/products/ai-traffic/ | https://inrix.com/wp-content/uploads/2023/08/INRIX-Standard-License-Terms-and-Conditions-v.8-General-2023.0807.pdf,2026-10-07,Licensee may sub-license the INRIX Products only to those End Users identified in the Order Form.
parkopedia,mobility,Parkopedia,"90M spaces, 20k cities, 90 countries marketed",Dynamic occupancy cadence/US granularity and SLA UNVERIFIED,UNVERIFIED / quote,UNVERIFIED / quote,UNVERIFIED / quote,CONDITIONAL: contracted application,UNVERIFIED: retention contract,UNVERIFIED: explicit downstream redistribution grant required,UNVERIFIED: derivative output grant required,YELLOW,YELLOW,UNVERIFIED: contract,API/feed available; observed vs predicted occupancy must be labeled. Coverage totals do not mean realtime sensors everywhere.,https://business.parkopedia.com/home | https://business.parkopedia.com/analytics,2026-10-07,
google_routes,mobility,Google Routes Pro,"Global supported routing; traffic-aware ETA, not bulk traffic field",Request-time route; underlying traffic observation age UNVERIFIED,$250,"$13,150","$37,900",PROHIBITED: mapped Routes results on OSM; Google Map required,RESTRICTED: limited exceptions; no general persistent cache,PROHIBITED: independent raw resale,UNVERIFIED: independent traffic dataset not cleared,RED: OSM world overlay,RED,Google Maps and third-party notices; nonmap allowed with attribution,Costs baseline 30 calls/user/month and current graduated Pro tiers. Matrix bills elements. At 1800 calls/user/month: $9550/$150400/$1365400; polling routes not recommended.,https://developers.google.com/maps/billing-and-pricing/pricing | https://developers.google.com/maps/documentation/routes/policies | https://cloud.google.com/maps-platform/terms,2026-10-07,Routes API results displayed on a map must be shown on a Google Map
opensky,air_sky,OpenSky,Global receiver-dependent aircraft positions; uneven low-altitude coverage,Cadence/credits depend on entitlement; commercial latency SLA unverified,UNVERIFIED / quote,UNVERIFIED / quote,UNVERIFIED / quote,CONDITIONAL: contracted application,UNVERIFIED: retention contract,UNVERIFIED: explicit downstream redistribution grant required,UNVERIFIED: derivative output grant required,YELLOW,YELLOW,Commercial license attribution UNVERIFIED,Free research/personal access is not commercial operational permission.,https://opensky-network.org/about/terms-of-use | https://opensky-network.org/about/faq,2026-10-07,requires a written license from OpenSky Network.
adsbx,air_sky,ADS-B Exchange Enterprise,Global receiver-dependent ADS-B/MLAT,Community stream 500ms claim is not enterprise observation SLA,UNVERIFIED / quote,UNVERIFIED / quote,UNVERIFIED / quote,CONDITIONAL: contracted application,UNVERIFIED: retention contract,UNVERIFIED: explicit downstream redistribution grant required,UNVERIFIED: derivative output grant required,YELLOW,YELLOW,Contract UNVERIFIED,Annual minimum commitments; personal $10/10k community offer is not company production pricing.,https://www.adsbexchange.com/data-products/ | https://www.adsbexchange.com/community/developer-hub/,2026-10-07,minimum annual commitments.
flightaware,air_sky,FlightAware AeroAPI,185+ countries; positions/status/gates; Premium space-based coverage,Position updates approximately minute-scale; endpoint/provider-dependent,"$1,500 illustrative position-search batches","$150,000 illustrative position-search batches","$1,500,000 illustrative position-search batches",ALLOWED: Standard embedded B2C application,CONDITIONAL: no longer than 30 days under Standard,PROHIBITED: Standard raw B2B resale; negotiate Premium,CONDITIONAL: licensed derivatives; mixing restrictions,GREEN: Standard scope,RED: Standard raw API,Contains AeroAPI data © FlightAware LLC [year],"Illustration $0.05 per 15-record result batch, one batch per baseline request; not universal endpoint tariff. Mixing/backfill with other live providers requires written permission.",https://www.flightaware.com/commercial/aeroapi/ | https://www.flightaware.com/commercial/aeroapi/AeroAPI_Standard_License.pdf,2026-10-07,for a period longer than thirty (30) days.
awc,air_sky,NOAA Aviation Weather Center,Global airport METAR/TAF weather; not aircraft movement,"METAR typically hourly; cached files 1 minute, TAF files 10 minutes; 100 requests/min",$0 data fee; shared ingestion,$0 data fee; shared ingestion,$0 data fee; shared ingestion,ALLOWED: identified agency-produced data,ALLOWED: identified agency-produced data,ALLOWED: identified agency-produced data; check worldwide CC0 metadata,ALLOWED: label modifications,GREEN,GREEN,NOAA/NWS and observation origin,Cached file refresh does not mean every airport measured each minute; partner records separately audited.,https://aviationweather.gov/data/api/ | https://www.weather.gov/disclaimer,2026-10-07,
faa,air_sky,FAA NAS airport status,US ground stops/delays/closure summaries; no individual flight tracks,Summary page 5-minute updates; XML feed cadence/SLA unverified,$0 data fee; shared ingestion,$0 data fee; shared ingestion,$0 data fee; shared ingestion,ALLOWED: explicit XML reuse,CONDITIONAL: federal-origin inference,UNVERIFIED: third-party origin and commercial redistribution,CONDITIONAL: federal-origin inference,GREEN,YELLOW,FAA; unofficial source and update time,Airport operational status is not individual airline schedule or movement data.,https://www.fly.faa.gov/fly/FAQ/faq | https://www.fly.faa.gov/ois/oisedit/summary_pub | https://www.faa.gov/web_policies/linking_policy,2026-10-07,Our airport status information is available in XML format.
schiphol,air_sky,Schiphol Airport Flight API,Single airport arrival/departure schedule and status,Cadence/latency entitlement-dependent; unverified,UNVERIFIED / quote,UNVERIFIED / quote,UNVERIFIED / quote,PROHIBITED: generic ambient world use; traveler/pickup purpose only,CONDITIONAL: 24-hour retention,PROHIBITED: distribution/sale/sharing,CONDITIONAL: cannot bypass purpose restriction,RED: generic WorldEngine,RED,Airport contractual requirements,Airport ownership does not establish unrestricted feed rights. Portal migration in 2026; no signup performed.,https://developer.schiphol.nl/apis/flight-api/conditions,2026-10-07,"not allowed to distribute, sell or otherwise share data"
airnow,air_sky,AirNow,"US and partner reporting-area AQI, observations and forecasts",Hourly reports typically 10–30 minutes after hour; reporting-area files twice/hour,$0 data fee; shared ingestion,$0 data fee; shared ingestion,$0 data fee; shared ingestion,ALLOWED: agency AQI guidance,ALLOWED: bulk-file database,UNVERIFIED: paid downstream API; agencies own inputs,CONDITIONAL: preserve official advisories and distinguish derived values,GREEN,YELLOW,AirNow/EPA and contributing agencies; AQI colors; preliminary status,API caps not increased; bulk files preferred. Surface AQI is different from aloft smoke. Do not assume all partner data EPA-owned.,https://docs.airnowapi.org/faq | https://docs.airnowapi.org/account/request/,2026-10-07,should be disseminated as received.
purpleair,air_sky,PurpleAir,Global community PM sensors; uneven coverage,Near realtime; recommended bulk polling approximately minute-scale,UNVERIFIED / quote,UNVERIFIED / quote,UNVERIFIED / quote,UNVERIFIED: current license,CONDITIONAL: database storage guidance,UNVERIFIED: rehosting concerns; obtain current contract,UNVERIFIED: commercial corrected/derived API scope,YELLOW,YELLOW,Current license/contract UNVERIFIED,Point costs and current $/point not verified; 2023 pricing is not a 2026 quote. Historical staff posts do not substitute for current license.,https://community.purpleair.com/t/api-pricing/4523 | https://community.purpleair.com/t/how-do-i-calculate-my-api-calls-point-cost/8736 | https://community.purpleair.com/t/any-legal-issues-with-re-using-or-re-hosting-purple-air-data/1743 | https://www.purpleair.com/license,2026-10-07,
hms,air_sky,NOAA HMS smoke,North America analyst smoke extent; smoke can be aloft,Day analysis about 11–12 ET and 19–20 ET; not continuous PM measurement,$0 data fee; shared ingestion,$0 data fee; shared ingestion,$0 data fee; shared ingestion,ALLOWED: identified agency-produced data,ALLOWED: identified agency-produced data,ALLOWED: identified agency-produced data; check worldwide CC0 metadata,ALLOWED: label modifications,GREEN,GREEN,NOAA HMS; analysis valid time,2026 manual fire-verification retirement is separate from smoke product. Never convert smoke polygon into verified ground exposure.,https://www.ospo.noaa.gov/products/land/hms.html | https://www.ospo.noaa.gov/data/messages/2026/03/MSG_20260312_1400.html,2026-10-07,
cams,air_sky,Copernicus CAMS,Global atmospheric composition; European AQ/pollen approximately 10km,Daily forecasts with hourly forecast steps; model latency not SLA,$0 data fee; shared ingestion,$0 data fee; shared ingestion,$0 data fee; shared ingestion,ALLOWED: applicable product license,ALLOWED: applicable product license,ALLOWED: CC BY/current product license,ALLOWED: attribution and changes,GREEN,GREEN,"Copernicus/CAMS; product/version, license, modifications","Europe pollen is not global street-level pollen. Operational download account/key needed, none created. Inspect license attached to exact dataset.",https://ads.atmosphere.copernicus.eu/datasets/cams-europe-air-quality-forecasts?tab=overview | https://cds.climate.copernicus.eu/licences/licence-to-use-copernicus-products,2026-10-07,"There is no restriction on use, reproduction and redistribution"
google_pollen,air_sky,Google Pollen,"65+ countries; 1km; 3 types, 15 species; 5-day forecast",Daily forecast; modeled values not local sensors,$250,"$8,150","$22,650",CONDITIONAL: Google map/attribution policies; nonmap presentation possible,CONDITIONAL: today's data up to 365 days; future/heatmaps 24 hours,PROHIBITED: independent raw resale under standard terms,ALLOWED: specified environmental indices/insights/forecasts with attribution,YELLOW: OSM use audit,RED: raw API,Google Maps / Source: Includes pollen data from Google; exact presentation per terms,Specific caching clauses override generic rules; do not generalize across Google SKUs. Derived permission does not clear a reconstructable raw feed.,https://developers.google.com/maps/documentation/pollen/policies | https://cloud.google.com/maps-platform/terms/maps-service-terms | https://developers.google.com/maps/billing-and-pricing/pricing,2026-10-07,
google_aq,air_sky,Google Air Quality,100+ countries; 500m; current/history/forecast,Hourly modeled/current product; observation age varies,$100,"$4,050","$11,300",CONDITIONAL: map/attribution policies,CONDITIONAL: current/forecast 1 hour; historical until termination per service terms,PROHIBITED: independent raw resale,ALLOWED: specified environmental indices/insights with attribution,YELLOW: OSM use audit,RED: raw API,Google Maps and required source notices,Read product-specific terms; modeled grid is not a sensor at every 500m cell.,https://developers.google.com/maps/documentation/air-quality/reference/rest | https://cloud.google.com/maps-platform/terms/maps-service-terms | https://developers.google.com/maps/billing-and-pricing/pricing,2026-10-07,
ambee,air_sky,Ambee Pollen,"Global land coverage; 30+ allergens; approximately 5km, finer by contract",Present hourly; forecast daily; history from 2015 marketed,UNVERIFIED / quote,UNVERIFIED / quote,UNVERIFIED / quote,CONDITIONAL: contracted application,UNVERIFIED: retention contract,UNVERIFIED: explicit downstream redistribution grant required,UNVERIFIED: derivative output grant required,YELLOW,YELLOW,Contract UNVERIFIED,"Product claims verified as marketing; accuracy, SLA, independent retention and resale rights require contract.",https://www.getambee.com/api/pollen | https://www.getambee.com/pricing | https://www.getambee.com/terms-and-conditions,2026-10-07,Present conditions refresh hourly. Forecasts refresh daily.
uv,air_sky,EPA Envirofacts UV,US city/ZIP UV forecasts,Hourly/daily forecast products; publication cadence/SLA unverified,$0 data fee; shared ingestion,$0 data fee; shared ingestion,$0 data fee; shared ingestion,ALLOWED: identified agency-produced data,ALLOWED: identified agency-produced data,ALLOWED: identified agency-produced data; check worldwide CC0 metadata,ALLOWED: label modifications,GREEN,GREEN,EPA; forecast date and location,Federal-origin subset only; forecast not measured street-level UV or canopy exposure.,https://www.epa.gov/enviro/web-services | https://pasteur.epa.gov/license/sciencehub-license-non-epa-generated.html,2026-10-07,all data produced by the U.S EPA is by default in the public domain
celestrak,air_sky,CelesTrak GP / SupGP,Global tracked satellite orbital elements,GP generally 2 hours; SupGP varies; respect two-hour retrieval policy,$0 data fee; shared ingestion,$0 data fee; shared ingestion,$0 data fee; shared ingestion,UNVERIFIED: commercial operational grant,CONDITIONAL: retrieval/cache policy; long-term rights unverified,UNVERIFIED: commercial downstream redistribution,UNVERIFIED: paid derived ephemeris grant,YELLOW,YELLOW,CelesTrak and element source; requested time and element epoch,Elements are not measured realtime positions. Propagate with SGP4; use OMM/JSON/CSV for larger catalog IDs. Public access is not an explicit resale license.,https://www.celestrak.org/usage-policy.php | https://celestrak.org/NORAD/documentation/gp-data-formats.php | https://www.celestrak.org/software/tutorials/sgp4.php,2026-10-07,Only download the data you need
blackmarble,air_sky,NASA Black Marble,Global approximately 500m nighttime lights,Daily corrected composites plus monthly/yearly products; not live windows,$0 data fee; shared ingestion,$0 data fee; shared ingestion,$0 data fee; shared ingestion,ALLOWED: NASA-produced dataset; metadata exceptions,ALLOWED: NASA-produced dataset,ALLOWED: NASA-produced dataset / CC0 metadata,ALLOWED: NASA-produced dataset,GREEN,GREEN,"NASA/Black Marble; DOI, version and date","NASA hosting does not clear third-party data. Use as baseline sky glow/light pollution proxy, not realtime electrical activity.",https://science.data.nasa.gov/about/license | https://science.gsfc.nasa.gov/earth/terrestrialinfo/projects/586/ | https://data.nasa.gov/dataset/viirs-npp-daily-gridded-day-night-band-500m-linear-lat-lon-grid-night,2026-10-07,There are no restrictions on the usage of these data.
ticketmaster,events,Ticketmaster Discovery API,230k+ international music/sports and other events,No verified freshness SLA; documented 5k/day; conflicting 5 vs 2 RPS guidance,$0 within 5k/day; commercial approval unresolved,Partner quote / quota increase,Partner quote / quota increase,CONDITIONAL: application terms and commercial approval,CONDITIONAL: reasonable service period; removal within 24h,PROHIBITED: standard sale/sublicense restrictions,UNVERIFIED: commercial crowd derivative rights,YELLOW,RED: standard resale,Purchase URLs and branding requirements; general attribution not conclusively verified,30k/month can fit daily quota only if distributed; 100k/1M user baseline exceeds it. Deep paging capped at 1000; event schedule is not observed attendance.,https://developer.ticketmaster.com/products-and-docs/apis/discovery/v2/ | https://developer.ticketmaster.com/support/faq/ | https://developer.ticketmaster.com/support/terms-of-use/,2026-10-07,
ticketmaster_feed,events,Ticketmaster Discovery Feed,Country event CSV/JSON feeds,Hourly per FAQ; approved-partner access requirements ambiguous publicly,UNVERIFIED / quote,UNVERIFIED / quote,UNVERIFIED / quote,CONDITIONAL: approved partner,CONDITIONAL: licensed indexing and retention,PROHIBITED: standard resale absent separate grant,UNVERIFIED: crowd/API derivative grant,YELLOW,RED: standard resale,Contract and purchase links,Public feed documentation does not itself clear partner eligibility or downstream distribution.,https://www.developer.ticketmaster.com/products-and-docs/apis/discovery-feed/ | https://developer.ticketmaster.com/support/faq/ | https://developer.ticketmaster.com/support/terms-of-use/,2026-10-07,
seatgeek,events,SeatGeek API,Ticketed event inventory; exact global boundaries unverified,"Cadence, quota and SLA unverified",UNVERIFIED / quote,UNVERIFIED / quote,UNVERIFIED / quote,CONDITIONAL: approved application and linked logo,PROHIBITED: systematic permanent storage,PROHIBITED: third-party service access,RESTRICTED: AI/ML forbidden; other derivatives unverified,YELLOW,RED,Linked SeatGeek logo,March 17 2025 terms; no unofficial marketplace price used.,https://seatgeek.com/api-terms | https://support.seatgeek.com/hc/en-us/articles/4409765051283-Can-I-Use-SeatGeek-Data-or-an-API | https://portal.seatgeek.com/,2026-10-07,
predicthq,events,PredictHQ,Global events across 19 categories; attendance predictions,"Marketed near realtime; daily sync recommended, more frequent unscheduled changes; no numeric SLA",UNVERIFIED / quote,UNVERIFIED / quote,UNVERIFIED / quote,CONDITIONAL: Order Form permitted app,CONDITIONAL: written retention agreement,PROHIBITED: standard raw redistribution absent Order Form grant,CONDITIONAL: approved Data Enrichment and AI permissions,YELLOW,RED: standard raw API,UNVERIFIED: contract,Predicted attendance is not measured crowd. Delete/sync behavior and historical retention must be negotiated.,https://www.predicthq.com/pricing | https://www.predicthq.com/legal/terms | https://docs.predicthq.com/integrations/integration-guides/keep-data-updated-via-api,2026-10-07,
mlb,events,MLB Stats API,MLB schedules and game data,Public endpoint availability is not a commercial SLA or license,UNVERIFIED / quote,UNVERIFIED / quote,UNVERIFIED / quote,PROHIBITED: public terms individual noncommercial only,PROHIBITED: bulk commercial use,PROHIBITED: commercial redistribution,PROHIBITED: commercial derivatives under reviewed public grant,RED,RED,Commercial license requirements unverified,Negotiate official commercial feed; do not infer open rights from callable endpoints.,https://gdx.mlb.com/components/copyright.txt,2026-10-07,"Only individual, non-commercial, non-bulk use of the Materials"
nyc_events,events,NYC permitted events,Forthcoming permitted street and park events,Historically daily next-month dataset; current cadence unverified,$0 data fee; shared ingestion,$0 data fee; shared ingestion,$0 data fee; shared ingestion,ALLOWED: public nonpersonal city data,ALLOWED: public nonpersonal city data,ALLOWED: city open-data scope; third-party exceptions,ALLOWED: distinguish planned event from crowd,GREEN,GREEN,"NYC source, dataset and retrieval date",Permits omit unofficial/unpermitted gatherings; cancellations and coverage gaps must be handled.,https://dev.socrata.com/foundry/data.cityofnewyork.us/tvpp-9vvx | https://data.cityofnewyork.us/stories/s/Terms-of-Use/k9k7-3cje | https://www.nyc.gov/opendata/get-started/FAQs,2026-10-07,
seattle_events,events,Seattle city calendar,Moderated events within approximately 30 miles,Moderation three times weekly; weekend lag; no accuracy guarantee,UNVERIFIED / quote,UNVERIFIED / quote,UNVERIFIED / quote,CONDITIONAL: contracted application,UNVERIFIED: retention contract,UNVERIFIED: explicit downstream redistribution grant required,UNVERIFIED: derivative output grant required,YELLOW,YELLOW,City/source event credit; actual license unverified,"Public webpage viewing is free, but automated ingestion/store/resale not conclusively granted.",https://www.seattle.gov/event-calendar | https://www.seattle.gov/event-calendar/policy-and-disclaimer,2026-10-07,
uk_holidays,events,GOV.UK bank holidays,UK nations; JSON and ICS,"As announced; schedule baseline, not live crowds",$0 data fee; shared ingestion,$0 data fee; shared ingestion,$0 data fee; shared ingestion,ALLOWED: OGL scope,ALLOWED: OGL scope,ALLOWED: OGL commercial reuse,ALLOWED: OGL attribution,GREEN,GREEN,Source and Open Government Licence; no endorsement,"Exclude restricted third-party content. Useful global schema exemplar, not US event coverage.",https://www.api.gov.uk/gds/bank-holidays/ | https://www.gov.uk/help/terms-conditions | https://www.nationalarchives.gov.uk/information-management/re-using-public-sector-information/uk-government-licensing-framework/open-government-licence/,2026-10-07,
wzdx,civic,USDOT WZDx / Connected Work Zones registry,Multiple US jurisdictions; not all roads or all states,Publisher-specific; versions/schema evolve; no nationwide freshness SLA,$0 data fee; shared ingestion,$0 data fee; shared ingestion,$0 data fee; shared ingestion,UNVERIFIED: each feed license; spec is CC0,UNVERIFIED: each feed license,UNVERIFIED: each feed license,UNVERIFIED: each feed license,YELLOW,YELLOW,Publisher-specific; specification credit optional,FeedInfo license URL must gate ingestion. CC0 project/schema license does not license every published road-work record.,https://data.transportation.gov/stories/s/Work-Zone-Data-Initiative-Partnership/jixs-h7uw/ | https://github.com/usdot-jpo-ode/wzdx,2026-10-07,The WZDx project is in the worldwide public domain
511mtc,civic,511 MTC,San Francisco Bay Area highway incidents/closures and local work zones,60 requests/hour/key; increases on request; publication latency unverified,$0 data fee; shared ingestion,$0 data fee; shared ingestion,$0 data fee; shared ingestion,ALLOWED: registered agreement,ALLOWED: agreement caching,PROHIBITED: standalone as-received sale without written agreement,CONDITIONAL: transformed uses; sublicense agreement requirements,GREEN: agreement scope,RED: raw standalone / YELLOW: transformed,"powered by 511.org or data provided by 511.org, linked near data","Approved shared quota needed. Current linked agreement retrieved 2026-10-07, not assumed to be a 2026-issued contract.",https://511.org/open-data/token | https://511.org/sites/default/files/pdfs/511_Data_Agreement_Final.pdf,2026-10-07,The Provided Data shall not be sold as received on a standalone basis without the prior written agreement of MTC.
caltrans,civic,Caltrans CWWP2,"California 12 highway districts; lane/chain controls, signs and weather","QuickMap displays mostly 1 minute, some 5/10 minutes; feed SLA unverified",$0 data fee; shared ingestion,$0 data fee; shared ingestion,$0 data fee; shared ingestion,ALLOWED: indicated public-domain records,ALLOWED: indicated public-domain records,ALLOWED: indicated public-domain records,ALLOWED: indicated public-domain records,GREEN,GREEN,Caltrans; source and time; no endorsement,GREEN only selected tabular records; photographs/CCTV and third-party inputs not automatically cleared.,https://cwwp2.dot.ca.gov/ | https://dot.ca.gov/conditions-of-use | https://quickmap.dot.ca.gov/trafficMapFaqMobile.html,2026-10-07,"information presented on this website, unless otherwise indicated, is considered in the public domain."
cotrip,civic,COtrip / CDOT,"Colorado highway conditions, closures and incidents",Catalog expected 15 minutes; actual endpoints/provider lag unverified,UNVERIFIED / quote,UNVERIFIED / quote,UNVERIFIED / quote,CONDITIONAL: contracted application,UNVERIFIED: retention contract,UNVERIFIED: explicit downstream redistribution grant required,UNVERIFIED: derivative output grant required,YELLOW,YELLOW,UNVERIFIED: developer agreement,Public API portal exists; client-rendered current agreement not verified. Do not infer all third-party traffic rights or zero commercial fee.,https://manage-api.cotrip.org/ | https://data.colorado.gov/Transportation/CDOT-Real-Time-Data-Feed-XML-/j3ch-zsvz/about_data | https://maps.cotrip.org/help/section/for-developers.html,2026-10-07,
chicago_permits,civic,Chicago CDOT permits,"Chicago authorized transportation work, current/future permits",Cadence and publication SLA unverified,$0 data fee; shared ingestion,$0 data fee; shared ingestion,$0 data fee; shared ingestion,CONDITIONAL: public portal display,CONDITIONAL: public portal analysis,UNVERIFIED: applicable commercial grant,UNVERIFIED: commercial derivative grant,YELLOW,YELLOW,Chicago CDOT; permit and issue date,Authorization is not proof of active closure or construction. Do not generalize special terms of unrelated police datasets.,https://data.cityofchicago.org/Transportation/Transportation-Department-Permits/pubx-yq2d | https://chicago.github.io/dev.cityofchicago.org/open%20data/data%20portal/2015/11/11/new-department-of-transportation-permits-dataset.html,2026-10-07,
denver_permits,civic,Denver residential construction permits,Denver residential permits,Cadence/latency metadata unverified,$0 data fee; shared ingestion,$0 data fee; shared ingestion,$0 data fee; shared ingestion,ALLOWED: catalog CC BY 3.0 scope,ALLOWED: catalog CC BY 3.0 scope,ALLOWED: catalog CC BY 3.0 scope,ALLOWED: attribute changes,GREEN,GREEN,City of Denver Open Data Catalog; CC BY 3.0; modifications,Verify license follows selected dataset/version. Omit contact names and unnecessary contractor/personal fields; permit is not live activity.,https://opendata-geospatialdenver.hub.arcgis.com/ | https://opendata-geospatialdenver.hub.arcgis.com/datasets/geospatialDenver::residential-construction-permits/explore,2026-10-07,"You are free to copy, distribute, transmit and adapt the data"
nyc_permits,civic,NYC DOT construction permits,NYC street construction permits 2022–present,"Daily automated metadata; last seen update September 18 2026, freshness check required",$0 data fee; shared ingestion,$0 data fee; shared ingestion,$0 data fee; shared ingestion,ALLOWED: city open-data scope,ALLOWED: city open-data scope,ALLOWED: city open-data scope; exceptions checked,ALLOWED: nonpersonal factual outputs,GREEN,GREEN,"NYC DOT; dataset, permit dates and retrieval date",Avoid PII; scheduled permit validity is not confirmation crews are on site. Older last update despite daily metadata must be surfaced.,https://data.cityofnewyork.us/Transportation/Street-Construction-Permits-2022-Present-/tqtj-sjs8 | https://cityofnewyork.github.io/opendatatsm/publicpolicies.html,2026-10-07,"data sets must be available without registration requirement, license requirement, or usage restrictions"
