"dataset_id","metro","dataset","layer","dataset_url","coverage","update_frequency","access","cost","size","licence","commercial_use","redistribution","attribution","licence_quote","licence_source_url","licence_notes","verification_status","checked_date"
"D001","New York","NYC BUILDING footprints","footprints/height/year built","https://data.cityofnewyork.us/City-Government/BUILDING/5zhs-2jue","NYC five boroughs; metro beyond NYC not covered","Weekly (portal metadata)","Socrata/API and OTI ArcGIS; export offered but not downloaded","No fee stated; unclear unless explicitly documented","Portal 1.08 million rows; byte size unclear","GREEN","Allowed subject to the cited licence and conditions","Allowed subject to the cited licence and conditions","unclear","See Q001 in sources.md (exact quotation)","https://www.nyc.gov/opendata/get-started/FAQs","See README shared NYC permissions and notices. https://cityofnewyork.github.io/opendatatsm/publicpolicies.html Height above ground; reject zero/null and placeholder triangles. https://github.com/CityOfNewYork/nyc-geo-metadata/blob/main/Metadata/Metadata_BuildingFootprints.md","Official documentation reviewed; no dataset downloaded or candidate-area records counted.","2026-10-07"
"D002","New York","PLUTO / MapPLUTO","year built/building class/parcels","https://www.nyc.gov/assets/planning/download/pdf/data-maps/open-data/pluto_datadictionary.pdf","NYC tax lots","Current cadence unclear from reviewed dictionary","DCP documentation; portal https://data.cityofnewyork.us/City-Government/Primary-Land-Use-Tax-Lot-Output-PLUTO-/64uk-42ks","No fee stated; unclear unless explicitly documented","unclear","GREEN","Allowed subject to the cited licence and conditions","Allowed subject to the cited licence and conditions","unclear","See Q001 in sources.md (exact quotation)","https://www.nyc.gov/opendata/get-started/FAQs","See README shared NYC permissions and notices. https://cityofnewyork.github.io/opendatatsm/publicpolicies.html YearBuilt is lot-level; do not treat mixed-building lot age as each structure age.","Official documentation reviewed; no dataset downloaded or candidate-area records counted.","2026-10-07"
"D003","New York","2015 Street Tree Census","trees/species/diameter","https://data.cityofnewyork.us/Environment/2015-Street-Tree-Census-Tree-Data/uvpi-gqnh/about_data","NYC Parks jurisdiction street trees","Historical collection May 2015–October 2016; not current inventory","Socrata/API","No fee stated; unclear unless explicitly documented","Portal ~684K rows including nonliving records; census reported 666,134 street trees, not same denominator","GREEN","Allowed subject to the cited licence and conditions","Allowed subject to the cited licence and conditions","unclear","See Q001 in sources.md (exact quotation)","https://www.nyc.gov/opendata/get-started/FAQs","See README shared NYC permissions and notices. https://cityofnewyork.github.io/opendatatsm/publicpolicies.html Portal directs current population users to ForMS.","Official documentation reviewed; no dataset downloaded or candidate-area records counted.","2026-10-07"
"D004","New York","Forestry Tree Points (ForMS)","current tree inventory","https://data.cityofnewyork.us/Environment/Forestry-Tree-Points/hn5i-inap","NYC Parks current population: candidate extent unclear","unclear","Socrata dataset discovery; direct page contents unavailable in text reader","No fee stated; unclear unless explicitly documented","unclear","YELLOW","unclear; see licence notes","unclear; see licence notes","unclear","See Q001 in sources.md (exact quotation)","https://www.nyc.gov/opendata/get-started/FAQs","Current ForMS existence confirmed by 2015 census portal; individual current metadata and agency-specific terms unverified. See README shared NYC permissions and notices. https://cityofnewyork.github.io/opendatatsm/publicpolicies.html","Official documentation reviewed; no dataset downloaded or candidate-area records counted.","2026-10-07"
"D005","New York","LION street base map","street centerlines","https://s-media.nyc.gov/agencies/dcp/assets/files/pdf/data-tools/bytes/lion_metadata.pdf","NYC","Release-based; cadence unclear","DCP metadata and offered downloadable data; not downloaded","No fee stated; unclear unless explicitly documented","unclear","GREEN","Allowed subject to the cited licence and conditions","Allowed subject to the cited licence and conditions","unclear","See Q001 in sources.md (exact quotation)","https://www.nyc.gov/opendata/get-started/FAQs","See README shared NYC permissions and notices. https://cityofnewyork.github.io/opendatatsm/publicpolicies.html Centerlines do not encode full curb/roadbed surface.","Official documentation reviewed; no dataset downloaded or candidate-area records counted.","2026-10-07"
"D006","New York","NYC Planimetric Sidewalk","sidewalk polygons","https://data.cityofnewyork.us/City-Government/NYC-Planimetric-Database-Sidewalk/52n9-sdep","NYC","Catalog last data update Dec 10 2025; repeat cadence unclear https://catalog.data.gov/dataset/nyc-planimetric-database-sidewalk","Socrata/API","No fee stated; unclear unless explicitly documented","unclear","GREEN","Allowed subject to the cited licence and conditions","Allowed subject to the cited licence and conditions","unclear","See Q001 in sources.md (exact quotation)","https://www.nyc.gov/opendata/get-started/FAQs","See README shared NYC permissions and notices. https://cityofnewyork.github.io/opendatatsm/publicpolicies.html Official capture rules include paved ROW sidewalks; geometry not proof of accessibility or current material. https://github.com/CityOfNewYork/nyc-planimetrics/blob/main/Capture_Rules.md","Official documentation reviewed; no dataset downloaded or candidate-area records counted.","2026-10-07"
"D007","New York","Parks Properties","parks boundaries","https://data.cityofnewyork.us/Recreation/Parks-Properties-Map/krz2-j7bn","Partly/solely managed NYC Parks properties","Records added as designated; portal view Sept 16 2026","Socrata/API, underlying enfh-gkve","No fee stated; unclear unless explicitly documented","unclear","GREEN","Allowed subject to the cited licence and conditions","Allowed subject to the cited licence and conditions","unclear","See Q001 in sources.md (exact quotation)","https://www.nyc.gov/opendata/get-started/FAQs","See README shared NYC permissions and notices. https://cityofnewyork.github.io/opendatatsm/publicpolicies.html Accuracy limited by secondary source scale; acquisition records are not every publicly accessible green space.","Official documentation reviewed; no dataset downloaded or candidate-area records counted.","2026-10-07"
"D008","New York","NYC 3D Building Model","Rhino 3DM community-district model; underlying CityGML/generalized roofs","https://www.nyc.gov/assets/planning/download/pdf/data-maps/open-data/nyc-3d-model-metadata.pdf","NYC citywide","2014 aerial basis; PDF states data last updated Aug 23 2018; one-time capture with possible future extensions","DCP 3DM (Rhino) per community district; underlying OTI CityGML/multipatch/DGN also indexed. No files downloaded.","No fee stated; unclear unless explicitly documented","unclear","YELLOW","unclear; see licence notes","unclear; see licence notes","unclear","See Q002 in sources.md (exact quotation)","https://www.nyc.gov/assets/planning/download/pdf/data-maps/open-data/nyc-3d-model-metadata.pdf","As-is/no-fitness warranty, public dataset distribution; explicit commercial redistribution grant in model PDF unclear. Confirm chosen artifact agency terms. Rhino model components spread six layers, not distinct buildings; LOD1.5 omits pitched roofs/domes, about 100 iconic buildings LOD2.","Official documentation reviewed; no dataset downloaded or candidate-area records counted.","2026-10-07"
"D009","New York","2017 NYC Topobathy Lidar DEM","terrain","https://noaa-nos-coastal-lidar-pds.s3.amazonaws.com/dem/NYC_topobathy_BE_DEM_2017_9307/index.html","NYC survey; bbox tile extent unverified","2017 survey","NOAA public index; do not download","No fee stated; unclear unless explicitly documented","unclear","YELLOW","unclear; see licence notes","unclear; see licence notes","unclear","unclear: no exact permission quote verified","https://maps.nyc.gov/lidar/2017/","2017 dataset availability established; underlying acquisition/provider redistribution notice and exact attribution unclear; confirm per NOAA metadata.","Official documentation reviewed; no dataset downloaded or candidate-area records counted.","2026-10-07"
"D010","New York","OpenStreetMap NYC","baseline roads/buildings","https://wiki.openstreetmap.org/wiki/New_York_City","NYC import plus continuing OSM; selected area stats unclear","Community edits; no fixed local cadence","OSM APIs/Overpass; future count-only query proposed","No fee stated; unclear unless explicitly documented","unclear","GREEN","Allowed subject to the cited licence and conditions","Allowed subject to the cited licence and conditions","unclear","See Q003 in sources.md (exact quotation)","https://opendatacommons.org/licenses/odbl/1-0/","ODbL: attribution and applicable derivative-database share-alike/source offer required; software licence is separate. See shared rights notes.","Official documentation reviewed; no dataset downloaded or candidate-area records counted.","2026-10-07"
"D011","New York","Overture Buildings","footprints/parts/height","https://docs.overturemaps.org/guides/buildings/","Global; NYC-specific completeness unclear","Monthly","Free S3/Azure release, Parquet; no data downloaded","No fee stated; unclear unless explicitly documented","unclear","GREEN","Allowed subject to the cited licence and conditions","Allowed subject to the cited licence and conditions","unclear","See Q004 in sources.md (exact quotation)","https://docs.overturemaps.org/attribution/","Buildings theme under ODbL; retain upstream credits. Global offering, local bbox coverage/height completeness unmeasured. See shared rights notes.","Official documentation reviewed; no dataset downloaded or candidate-area records counted.","2026-10-07"
"D012","New York","MTA GTFS-RT subway/rail/alerts","live transit","https://www.mta.info/developers","MTA operating agencies","Realtime; exact feed freshness cadence unclear","GTFS-RT feed listing; subway/rail key requirement not verified here","No fee stated; unclear unless explicitly documented","unclear","YELLOW","unclear; see licence notes","unclear; see licence notes","unclear","See Q005 in sources.md (exact quotation)","https://www.mta.info/developers/terms-and-conditions","Free feeds; own-server hosting mandatory, direct client-to-MTA prohibited; >1 minute lag needs notice; do not modify/delete original data; no endorsement/accuracy claim. App logo/map/symbol intellectual property licensing separate. https://www.mta.info/developers","Official documentation reviewed; no dataset downloaded or candidate-area records counted.","2026-10-07"
"D013","New York","MTA Bus Time GTFS-RT","bus positions","https://bustime-classic.mta.info/wiki/Developers/GTFSRt","MTA Bus Time coverage","Realtime; exact publication cadence unclear","TripUpdates/VehiclePositions/Alerts; self-serve account API key https://www.mta.info/developers","No fee stated; unclear unless explicitly documented","unclear","YELLOW","unclear; see licence notes","unclear; see licence notes","unclear","unclear: no exact permission quote verified","https://www.mta.info/developers/terms-and-conditions","Apply MTA own-server/staleness/no-modification conditions; bus-specific account terms and published rate limit unclear.","Official documentation reviewed; no dataset downloaded or candidate-area records counted.","2026-10-07"
"D014","New York","LPC district maps","landmark/public-art exclusion screen","https://www.nyc.gov/site/lpc/designations/historic-district-brooklyn.page","Designated Brooklyn districts; separate borough maps","As designations change; exact cadence unclear","City map/PDF pages; no files downloaded","No fee stated; unclear unless explicitly documented","unclear","YELLOW","unclear; see licence notes","unclear; see licence notes","unclear","unclear: no exact permission quote verified","https://cityofnewyork.github.io/opendatatsm/publicpolicies.html","Useful for provenance and context. Landmark designation does not itself establish a reproduction ban. Map graphics and public-art rights separate from underlying factual coordinates; exact grant unclear.","Official documentation reviewed; no dataset downloaded or candidate-area records counted.","2026-10-07"
"D015","Los Angeles","City building footprints / HEIGHT and ELEV","2D outlines plus numeric HEIGHT and ELEV; no pre-made 3D mesh established","https://maps.lacity.org/lahub/rest/services/Landbase_Information_WFS/MapServer/0","City of Los Angeles; candidate-box intersection unverified","2014 source per https://www.arcgis.com/home/item.html?id=813fcefde1f64b209103107b26a8909f","Public metadata/API or viewer; no files downloaded","Unclear; public access does not establish licence","Unclear; no data download","YELLOW","Unclear or conditional; verify before shipping","Unclear or conditional; separate approval required where noted","Unclear; retain source provenance","See Q006 in sources.md (exact quotation)","https://data.lacity.org/terms-of-use","City terms quote is subordinate-source warning, not permission. OSM historical import wiki says public-domain source, but current direct distribution grant still verify. HEIGHT/ELEV units must verify.","unclear","2026-10-07"
"D016","Los Angeles","Street centerlines","Polyline street network, classification and modification fields","https://maps.lacity.org/arcgis/rest/services/Mapping/NavigateLA/MapServer/341","City of Los Angeles; candidate-box intersection unverified","Unclear; modification fields exist","Public metadata/API or viewer; no files downloaded","Unclear; public access does not establish licence","Unclear; no data download","YELLOW","Unclear or conditional; verify before shipping","Unclear or conditional; separate approval required where noted","Unclear; retain source provenance","unclear: no exact permission quote verified","https://data.lacity.org/terms-of-use","","unclear","2026-10-07"
"D017","Los Angeles","Sidewalks mapped areas","Sidewalk polygons/width/length, access ramps/curbs/driveways/parkways","https://www.arcgis.com/home/item.html?id=10854b6040a74950abeab5502c69fe77","City of Los Angeles; candidate-box intersection unverified","One-time 2017 inventory using 2014 LARIAC imagery; last listed update 2021-05-20","Public metadata/API or viewer; no files downloaded","Unclear; public access does not establish licence","Unclear; no data download","YELLOW","Unclear or conditional; verify before shipping","Unclear or conditional; separate approval required where noted","Unclear; retain source provenance","See Q007 in sources.md (exact quotation)","https://www.arcgis.com/home/item.html?id=10854b6040a74950abeab5502c69fe77","Quote is maintenance warning, not a licence grant. Stale geometry; not accessibility assurance.","unclear","2026-10-07"
"D018","Los Angeles","Sidewalk geometry API","Queryable sidewalk polygon layer","https://maps.lacity.org/arcgis/rest/services/Mapping/NavigateLA/MapServer/327","City of Los Angeles; candidate-box intersection unverified","Unclear; use stale inventory caveat","Public metadata/API or viewer; no files downloaded","Unclear; public access does not establish licence","Unclear; no data download","YELLOW","Unclear or conditional; verify before shipping","Unclear or conditional; separate approval required where noted","Unclear; retain source provenance","unclear: no exact permission quote verified","https://data.lacity.org/terms-of-use","","unclear","2026-10-07"
"D019","Los Angeles","Curbs / driveways / parkways","NavigateLA layers324/325/326 establish curb and driveway geometry candidates","https://maps.lacity.org/arcgis/rest/services/Mapping/NavigateLA/MapServer","City of Los Angeles; candidate-box intersection unverified","Unclear; mapped-areas source stale","Public metadata/API or viewer; no files downloaded","Unclear; public access does not establish licence","Unclear; no data download","YELLOW","Unclear or conditional; verify before shipping","Unclear or conditional; separate approval required where noted","Unclear; retain source provenance","unclear: no exact permission quote verified","https://data.lacity.org/terms-of-use","Layer ids verified in service catalogue; licence not verified.","unclear","2026-10-07"
"D020","Los Angeles","StreetsLA tree inventory","Individual street trees, stumps and vacant planting locations inventory; do not render all records as trees","https://streets.lacity.gov/resources/tree-inventory","City of Los Angeles; candidate-box intersection unverified","Unclear; city describes completed field assessment","Public metadata/API or viewer; no files downloaded","Unclear; public access does not establish licence","Unclear; no data download","YELLOW","Unclear or conditional; verify before shipping","Unclear or conditional; separate approval required where noted","Unclear; retain source provenance","unclear: no exact permission quote verified","https://data.lacity.org/terms-of-use","Species diversity corroborated https://streets.lacity.gov/resources/biodiversity; citywide species mix must not become uniform palms. Viewer/API bulk export permission unclear.","unclear","2026-10-07"
"D021","Los Angeles","Park trees","Recreation and Parks tree layer listed by city","https://maps.lacity.org/arcgis/rest/services/Mapping/NavigateLA/MapServer/227","City of Los Angeles; candidate-box intersection unverified","Unclear","Public metadata/API or viewer; no files downloaded","Unclear; public access does not establish licence","Unclear; no data download","YELLOW","Unclear or conditional; verify before shipping","Unclear or conditional; separate approval required where noted","Unclear; retain source provenance","unclear: no exact permission quote verified","https://data.lacity.org/terms-of-use","","unclear","2026-10-07"
"D022","Los Angeles","Parks polygons/facilities","RAP park layer; facilities225 in same service","https://maps.lacity.org/arcgis/rest/services/Mapping/NavigateLA/MapServer/226","City of Los Angeles; candidate-box intersection unverified","Unclear","Public metadata/API or viewer; no files downloaded","Unclear; public access does not establish licence","Unclear; no data download","YELLOW","Unclear or conditional; verify before shipping","Unclear or conditional; separate approval required where noted","Unclear; retain source provenance","unclear: no exact permission quote verified","https://data.lacity.org/terms-of-use","Directory corroboration https://recreation.parks.lacity.gov/parks","unclear","2026-10-07"
"D023","Los Angeles","County assessor parcels / YearBuilt1","Building-age heuristic from YearBuilt1; geometry parcel not one building","https://public.gis.lacounty.gov/public/rest/services/LACounty_Cache/LACounty_Parcel/MapServer/0","City of Los Angeles; candidate-box intersection unverified","Monthly parcels / weekly public cache per https://lacounty.hub.arcgis.com/documents/4d67b154ae614d219c58535659128e71","Public metadata/API or viewer; no files downloaded","Unclear; public access does not establish licence","Unclear; no data download","YELLOW","Unclear or conditional; verify before shipping","Unclear or conditional; separate approval required where noted","Unclear; retain source provenance","See Q008 in sources.md (exact quotation)","https://lacounty.hub.arcgis.com/documents/4d67b154ae614d219c58535659128e71","YearBuilt differs from effective year https://maps.assessor.lacounty.gov/mapping/help.html. Do not ingest owner/contact/tax/household fields.","unclear","2026-10-07"
"D024","Los Angeles","SurveyLA/HPOZ architecture evidence","Victorian, Craftsman, Mission Revival forms and historic-district boundaries","https://planning.lacity.gov/preservation-design/overlays/angelino-heights","City of Los Angeles; candidate-box intersection unverified","Unclear; district designation and preservation records","Public metadata/API or viewer; no files downloaded","Unclear; public access does not establish licence","Unclear; no data download","YELLOW","Unclear or conditional; verify before shipping","Unclear or conditional; separate approval required where noted","Unclear; retain source provenance","unclear: no exact permission quote verified","https://data.lacity.org/terms-of-use","Read guidance; copying city document imagery not cleared. Architecture evidence does not establish metro style shares.","unclear","2026-10-07"
"D025","Los Angeles","USGS3DEP terrain/lidar","National elevation, LA2025post-wildfire lidar link; exact boxes/project acquisition dates unverified","https://www.usgs.gov/3d-elevation-program","National; two candidate-box lidar footprints not checked","Project-specific; not continuous","Public metadata/API or viewer; no files downloaded","Free","Unclear; no data download","GREEN","Allowed subject to the cited licence and conditions","Allowed subject to the cited licence and conditions","USGS provenance recommended; no mandatory credit stated in quoted grant","See Q009 in sources.md (exact quotation)","https://www.usgs.gov/3d-elevation-program","Free per quoted source; pointcloud sizes and exact projects verify in spatialmetadata, not infer citywide postfirecoverage.","unclear","2026-10-07"
"D026","Los Angeles","LARIAC consortium imagery/lidar archive","2014 orthogonal/oblique imagery, terrain spot updates, building outlines >400sqft with elevation","https://lariac-lacounty.hub.arcgis.com/pages/lariac4-archive","City of Los Angeles; candidate-box intersection unverified","2014archive; modern release/boxavailability unclear","Public metadata/API or viewer; no files downloaded","Unclear; public access does not establish licence","Unclear; no data download","YELLOW","Unclear or conditional; verify before shipping","Unclear or conditional; separate approval required where noted","Unclear; retain source provenance","See Q010 in sources.md (exact quotation)","https://egis7.gis.lacounty.gov/hub/lariac_documents/LARIAC3_kickOff_county_overview_20100729.pdf","Historical2010licensewarning establishes not blanketpublicdomain; product-specific current rights verify. Do not reuseobliqueimagery/textures.","unclear","2026-10-07"
"D027","Los Angeles","OSM buildings","Completed LA city/county footprint import; mapping HEIGHT→height and YearBuilt→start_date documented","https://wiki.openstreetmap.org/wiki/Los_angeles%2C_California/Buildings_Import","City of Los Angeles; candidate-box intersection unverified","Live edits; import source2014; box percentages not measured","Public metadata/API or viewer; no files downloaded","Unclear; public access does not establish licence","Unclear; no data download","GREEN","Allowed subject to the cited licence and conditions","Allowed subject to the cited licence and conditions","© OpenStreetMap contributors; link ODbL/copyright","See Q003 in sources.md (exact quotation)","https://opendatacommons.org/licenses/odbl/1-0/","ODbL: attribution and applicable derivative-database share-alike/source offer required; software licence is separate. See shared rights notes.","unclear","2026-10-07"
"D028","Los Angeles","Overture buildings","Global building outlines with multiple sources; exact local coverage/height completeness unmeasured","https://docs.overturemaps.org/attribution/","City of Los Angeles; candidate-box intersection unverified","Release-specific; local data revision unverified","Public metadata/API or viewer; no files downloaded","Unclear; public access does not establish licence","Unclear; no data download","GREEN","Allowed subject to the cited licence and conditions","Allowed subject to the cited licence and conditions","Unclear; retain source provenance","See Q004 in sources.md (exact quotation)","https://docs.overturemaps.org/attribution/","Buildings theme under ODbL; retain upstream credits. Global offering, local bbox coverage/height completeness unmeasured. See shared rights notes.","unclear","2026-10-07"
"D029","Los Angeles","LA Metro realtime API","GTFS-rt Trip Updates and VehiclePositions, JSON API alternative","https://api.metro.net/","City of Los Angeles; candidate-box intersection unverified","Metro home says minute updates; docs websocket says3seconds: conflict verify","Public metadata/API or viewer; no files downloaded","Unclear; public access does not establish licence","Unclear; no data download","YELLOW","Unclear or conditional; verify before shipping","Unclear or conditional; separate approval required where noted","Unclear; retain source provenance","See Q011 in sources.md (exact quotation)","https://www.goswift.ly/api-license-agreement","Metro https://developer.metro.net/real-time-apis/ and terms page retrieval failed; do not bypass. Swiftly §2permits appdisplay; §4prohibits incrementaldatafees and thirdpartycontentsharing; licensingengine feed onward RED absent writtenoverride. Key/signup/GTFSprotobufendpoint unverifiedofficially. https://lacmta.github.io/metro-api-v2/docs/intro/","unclear","2026-10-07"
"D030","Los Angeles","Metro logos/art/sitegraphics","Exclusion/rights-review inventory","https://www.metro.net/about/copyright/","City of Los Angeles; candidate-box intersection unverified","Unclear","Public metadata/API or viewer; no files downloaded","Unclear; public access does not establish licence","Unclear; no data download","RED","Unclear or conditional; verify before shipping","Unclear or conditional; separate approval required where noted","Unclear; retain source provenance","See Q012 in sources.md (exact quotation)","https://www.metro.net/about/copyright/","Siteart/logos prohibition; agency feed-specific terms may separately permit data. Do not treat this blanket website grant as realtime licence.","unclear","2026-10-07"
"D031","Los Angeles","NWS LOX forecast/observations","Los Angeles/Oxnard NWSoffice; pointforecast/livecloud/wind rather than permanent haze","https://www.weather.gov/lox/","City of Los Angeles; candidate-box intersection unverified","Live products; varies","Public metadata/API or viewer; no files downloaded","Unclear; public access does not establish licence","Unclear; no data download","GREEN","Allowed subject to the cited licence and conditions","Allowed subject to the cited licence and conditions","Unclear; retain source provenance","See Q013 in sources.md (exact quotation)","https://www.weather.gov/documentation/services-web-api","Official API permits open use, no fees; reasonable limits not numerically disclosed; User-Agent required. No agency marks granted.","unclear","2026-10-07"
"D032","Phoenix","Street Centerline","streets","https://maps.phoenix.gov/pub/rest/services/public/STR_StreetCenterline/MapServer","City of Phoenix","monthly (metadata)","ArcGIS REST metadata; future query/download, none performed","unclear","unclear","YELLOW","unclear; see licence notes","unclear; not established by public access","unclear; displayed Copyright Text is not a full licence","See Q014 in sources.md (exact quotation)","https://maps.phoenix.gov/pub/rest/services/public/STR_StreetCenterline/MapServer","Copyright field quoted; no commercial redistribution grant located. Service maxrecordcount2000 is pagination ceiling, not rate limit. Supporting metadata: https://maps.phoenix.gov/pub/rest/services/public/STR_StreetCenterline/MapServer | https://maps.phoenix.gov/pub/rest/services/public/STR_StreetCenterline/MapServer","quoted scoped evidence","2026-10-07"
"D033","Phoenix","Cool Corridors polygons","trees/shade","https://maps.phoenix.gov/pub/rest/services/Public/STR_CoolCorridors/MapServer/0","planned/scheduled/completed project polygons citywide","edited by Street Transportation landscape team; interval unclear","ArcGIS REST metadata; future query/download, none performed","unclear","unclear","YELLOW","unclear; see licence notes","unclear; not established by public access","unclear; displayed Copyright Text is not a full licence","See Q015 in sources.md (exact quotation)","https://maps.phoenix.gov/pub/rest/services/Public/STR_CoolCorridors/MapServer/0","Species fields and existing/projected/planted counts verified; polygons are not exact tree installation positions. Licence unclear. Supporting metadata: https://maps.phoenix.gov/pub/rest/services/Public/STR_CoolCorridors/MapServer/0 | https://maps.phoenix.gov/pub/rest/services/Public/STR_CoolCorridors/MapServer/0","quoted scoped evidence","2026-10-07"
"D034","Phoenix","Landscape Maintenance Areas","landscape","https://maps.phoenix.gov/pub/rest/services/Public/STR_LdscpMaintAreas/MapServer/0","City Street Transportation managed maintenance areas","continuously edited","ArcGIS REST metadata; future query/download, none performed","unclear","unclear","YELLOW","unclear; see licence notes","unclear; not established by public access","unclear; displayed Copyright Text is not a full licence","See Q016 in sources.md (exact quotation)","https://maps.phoenix.gov/pub/rest/services/Public/STR_LdscpMaintAreas/MapServer/0","Over10000 polygons incl canals/freeways/streets/retention basins; open-to-public phrase does not grant redistribution. Not individual tree inventory. Supporting metadata: https://maps.phoenix.gov/pub/rest/services/Public/STR_LdscpMaintAreas/MapServer/0 | https://maps.phoenix.gov/pub/rest/services/Public/STR_LdscpMaintAreas/MapServer/0","quoted scoped evidence","2026-10-07"
"D035","Phoenix","ParksOpenData / Park Boundaries and amenities","parks","https://maps.phoenix.gov/pub/rest/services/Public/ParksOpenData/MapServer","Phoenix city parks/assets","unclear","ArcGIS REST metadata; future query/download, none performed","unclear","unclear","YELLOW","unclear; see licence notes","unclear; not established by public access","unclear; displayed Copyright Text is not a full licence","See Q017 in sources.md (exact quotation)","https://maps.phoenix.gov/pub/rest/services/Public/ParksOpenData/MapServer","Park boundaries layer10, dogparks2, playgrounds4, trails11/14 and sports layers verified. Displayed copyright contact only. Supporting metadata: https://maps.phoenix.gov/pub/rest/services/Public/ParksOpenData/MapServer | https://maps.phoenix.gov/pub/rest/services/Public/ParksOpenData/MapServer","quoted scoped evidence","2026-10-07"
"D036","Phoenix","Planning_Permit service","permits/year built","https://maps.phoenix.gov/pub/rest/services/public/Planning_Permit/MapServer","City","unclear","ArcGIS REST metadata; future query/download, none performed","unclear","unclear","YELLOW","unclear; see licence notes","unclear; not established by public access","unclear; displayed Copyright Text is not a full licence","unclear: no exact permission quote verified","https://www.phoenix.gov/administration/departments/communications/copyright.html","Service verified; permits/historic properties do not establish comprehensive year-built or footprint coverage; scope website terms separately. Supporting metadata: https://maps.phoenix.gov/pub/rest/services/public/Planning_Permit/MapServer | https://www.phoenix.gov/administration/departments/communications/copyright.html","licence grant unclear; no quote invented","2026-10-07"
"D037","Phoenix","Historic Properties","building archetype evidence","https://maps.phoenix.gov/pub/rest/services/public","Phoenix designated historic properties","unclear","ArcGIS REST metadata; future query/download, none performed","unclear","unclear","YELLOW","unclear; see licence notes","unclear; not established by public access","unclear; displayed Copyright Text is not a full licence","unclear: no exact permission quote verified","https://www.phoenix.gov/administration/departments/communications/copyright.html","Service directory verified; use district/survey for style evidence. Exact object coverage and data licence unclear. Supporting metadata: https://maps.phoenix.gov/pub/rest/services/public | https://www.phoenix.gov/administration/departments/communications/copyright.html","licence grant unclear; no quote invented","2026-10-07"
"D038","Phoenix","Maricopa Assessor property characteristics","year built","https://www.maricopa.gov/509/Data-Requests","Maricopa County; both proposed areas","regularly; exact cadence unclear","self-serve county open portal or assessor request/purchase; product-specific","open portal free; assessor products cost policy unclear","unclear","YELLOW","unclear; see licence notes","unclear; not established by public access","unclear; displayed Copyright Text is not a full licence","See Q018 in sources.md (exact quotation)","https://www.maricopa.gov/509/Data-Requests","Official page explicitly includes square footage/year built/land use and directs to Parcel Data Sales Policy for cost/licensing/attribution. Exclude owners/individual records; no implied open licence. Supporting metadata: https://www.maricopa.gov/509/Data-Requests | https://www.maricopa.gov/509/Data-Requests","quoted scoped evidence","2026-10-07"
"D039","Phoenix","Dedicated Phoenix building footprint / 3D release","buildings","https://maps.phoenix.gov/pub/rest/services/public","unclear; none verified","unclear","ArcGIS REST metadata; future query/download, none performed","unclear","unclear","YELLOW","unclear; see licence notes","unclear; not established by public access","unclear; displayed Copyright Text is not a full licence","unclear: no exact permission quote verified","https://www.phoenix.gov/administration/departments/communications/copyright.html","Not located in examined public directory; do not use CityParcels as footprints. OSM/Overture independent fallback. Supporting metadata: https://maps.phoenix.gov/pub/rest/services/public | https://www.phoenix.gov/administration/departments/communications/copyright.html","licence grant unclear; no quote invented","2026-10-07"
"D040","Phoenix","Dedicated sidewalk/ADA-curb asset GIS release","sidewalks","https://maps.phoenix.gov/pub/rest/services/public","unclear","unclear","ArcGIS REST metadata; future query/download, none performed","unclear","unclear","YELLOW","unclear; see licence notes","unclear; not established by public access","unclear; displayed Copyright Text is not a full licence","unclear: no exact permission quote verified","https://www.phoenix.gov/administration/departments/communications/copyright.html","Public sidewalk polygon/line release not verified. City FY2021 report mentions curb-ramp GIS maintenance; existence of internal GIS is not open dataset licence. Supporting metadata: https://maps.phoenix.gov/pub/rest/services/public | https://www.phoenix.gov/administration/departments/communications/copyright.html","licence grant unclear; no quote invented","2026-10-07"
"D041","Phoenix","PublicArtColl","art clearance/exclusion","https://maps.phoenix.gov/pub/rest/services/Public/PublicArtColl/MapServer","public-art city inventories incl transit, parks, facilities","staff maintained; cadence unclear","ArcGIS REST metadata; future query/download, none performed","unclear","unclear","YELLOW","unclear; see licence notes","unclear; not established by public access","unclear; displayed Copyright Text is not a full licence","See Q019 in sources.md (exact quotation)","https://maps.phoenix.gov/pub/rest/services/Public/PublicArtColl/MapServer","Locations verified; metadata licence and artwork reproduction rights separate. Use exclusion IDs before modelling artworks. Supporting metadata: https://maps.phoenix.gov/pub/rest/services/Public/PublicArtColl/MapServer | https://maps.phoenix.gov/pub/rest/services/Public/PublicArtColl/MapServer","quoted scoped evidence","2026-10-07"
"D042","Phoenix","GIS Landbase paid data package","parcels/streets/right-of-way","https://www.phoenix.gov/streetssite/documents/eas_pdf_gis_request_packet.pdf","citywide","unclear","signed City Data Licensing Agreement and commercial DVD request","$275 each commercial-use DVD (packet dated2024-05-10)","unclear","RED","commercial licence available but redistribution blocked without consent","prior written consent required","unclear; displayed Copyright Text is not a full licence","See Q020 in sources.md (exact quotation)","https://www.phoenix.gov/streetssite/documents/eas_pdf_gis_request_packet.pdf","§2 bans assignment/licensing/distribution/transfer without consent. RED for requested redistribution absent consent; does not automatically govern separate public REST layers. Supporting metadata: https://www.phoenix.gov/streetssite/documents/eas_pdf_gis_request_packet.pdf | https://www.phoenix.gov/streetssite/documents/eas_pdf_gis_request_packet.pdf","quoted scoped evidence","2026-10-07"
"D043","Phoenix","Phoenix website text/photos/graphics","reference media","https://www.phoenix.gov/administration/departments/communications/copyright.html","phoenix.gov site content","varies","view/link; written permission for reuse","unclear","unclear","RED","commercial licence available but redistribution blocked without consent","prior written consent required","unclear; displayed Copyright Text is not a full licence","See Q021 in sources.md (exact quotation)","https://www.phoenix.gov/administration/departments/communications/copyright.html","General website content restrictions; Open Data Portal may have separate terms. Do not copy website photos/text as app assets or city bird symbol. Supporting metadata: https://www.phoenix.gov/administration/departments/communications/copyright.html | https://www.phoenix.gov/administration/departments/communications/copyright.html","quoted scoped evidence","2026-10-07"
"D044","Phoenix","USGS 3DEP DEM/lidar via LidarExplorer","terrain","https://www.usgs.gov/tools/lidarexplorer","national catalog; square-level availability/date/QL unclear","project dependent","public metadata/viewer; future download not performed","no charge indicated; product-specific check","unclear","GREEN","Allowed subject to the cited licence and conditions","Allowed subject to the cited licence and conditions","Credit: U.S. Geological Survey","See Q022 in sources.md (exact quotation)","https://www.usgs.gov/information-policies-and-instructions/copyrights-and-credits","Public-domain statement only covers USGS-produced/authored products; check third-party metadata. Tool supports EPT web3D quick views/cloud processing. Supporting metadata: https://www.usgs.gov/tools/lidarexplorer | https://www.usgs.gov/information-policies-and-instructions/copyrights-and-credits","quoted scoped evidence","2026-10-07"
"D045","Phoenix","NWS Phoenix forecast/alerts","weather","https://www.weather.gov/psr","Phoenix PSR area","live product dependent","NWS public pages / API; caller identification per shared API docs","free","unclear","GREEN","Allowed subject to the cited licence and conditions","Allowed subject to the cited licence and conditions","identify NWS source; no endorsement or false official modified product","See Q013 in sources.md (exact quotation)","https://www.weather.gov/documentation/services-web-api","Official API permits open use, no fees; reasonable limits not numerically disclosed; User-Agent required. No agency marks granted.","quoted scoped evidence","2026-10-07"
"D046","Phoenix","Valley Metro realtime developer feed","transit","https://www.valleymetro.org/developer-resources","Phoenix regional system; exact feed scope unclear","unclear","unclear; no download or feed request","unclear","unclear","YELLOW","unclear; see licence notes","unclear; not established by public access","unclear; displayed Copyright Text is not a full licence","unclear: no exact permission quote verified","https://www.valleymetro.org/developer-resources","Official developer page retrieval failed; no endpoint/key/GTFSRT assertion licensed. Contact agency developer support before import. Supporting metadata: https://www.valleymetro.org/developer-resources | https://www.valleymetro.org/developer-resources","licence grant unclear; no quote invented","2026-10-07"
"D047","Seattle","OSM Seattle buildings","buildings","https://wiki.openstreetmap.org/wiki/Seattle","Seattle mapping/import documented; proposed-box completeness unverified","Community edits; box snapshot unmeasured","metadata/API; no data downloaded","Public metadata accessible without payment; access price unclear unless explicitly stated","Unclear; no download","GREEN","Allowed subject to the cited licence and conditions","Allowed subject to the cited licence and conditions","See licence notes; unclear exact city dataset attribution unless specified","See Q003 in sources.md (exact quotation)","https://opendatacommons.org/licenses/odbl/1-0/","ODbL: attribution and applicable derivative-database share-alike/source offer required; software licence is separate. See shared rights notes.","Official metadata reviewed; local spatial coverage/field completeness not measured","2026-10-07"
"D048","Seattle","Overture buildings","buildings","https://docs.overturemaps.org/schema/reference/buildings/building/","Global schema; Seattle box presence/completeness unverified","Release dependent; see Overture release calendar","metadata/API; no data downloaded","Public metadata accessible without payment; access price unclear unless explicitly stated","Unclear; no download","GREEN","Allowed subject to the cited licence and conditions","Allowed subject to the cited licence and conditions","© OpenStreetMap contributors, Overture Maps Foundation; retain applicable upstream credits","See Q004 in sources.md (exact quotation)","https://docs.overturemaps.org/attribution/","Buildings theme under ODbL; retain upstream credits. Global offering, local bbox coverage/height completeness unmeasured. See shared rights notes.","Official metadata reviewed; local spatial coverage/field completeness not measured","2026-10-07"
"D049","Seattle","Building Outlines 2023","footprints","https://catalog.data.gov/dataset/building-outlines-2023","Seattle city; metadata bounds include both candidate boxes","2023 imagery; metadata modified 2025-04-23","metadata/API; no data downloaded","Public metadata accessible without payment; access price unclear unless explicitly stated","Unclear; no download","YELLOW","Unclear or conditional; see notes","Unclear or conditional; see notes","See licence notes; unclear exact city dataset attribution unless specified","See Q023 in sources.md (exact quotation)","https://www.arcgis.com/sharing/rest/content/items/1ea2f226716e417e8a554476f4337c51/info/metadata/metadata.xml?format=default&output=html","Hand-drawn outlines derived from King County 2023 Eagleview imagery. No height field in inspected service summary. Public access alone is not enough to assume Eagleview imagery licence permits imagery redistribution. Outline-derived-data licence needs explicit confirmation.","Official metadata reviewed; local spatial coverage/field completeness not measured","2026-10-07"
"D050","Seattle","SDOT Trees","trees","https://catalog.data.gov/dataset/sdot-trees","Right-of-way trees, publicly/private maintained; not all private-yard trees","Daily","metadata/API; no data downloaded","Public metadata accessible without payment; access price unclear unless explicitly stated","Unclear; no download","YELLOW","Allowed subject to licence","Allowed subject to licence","See licence notes; unclear exact city dataset attribution unless specified","See Q024 in sources.md (exact quotation)","https://opendatacommons.org/licenses/pddl/1-0/","Species, size, condition, maintenance responsibility. Filter CURRENT_STATUS=INSVC per metadata. Exact per-item licence not displayed in harvested record; collection PDDL explicit. PDDL declaration source: https://catalog.data.gov/dataset/sdot-gis-datasets ; no mandatory PDDL attribution, acknowledge City/SDOT as source recommendation. Collection-level PDDL is permissive; confirm exact current item inherits it before classifying this delivered item GREEN.","Official metadata reviewed; local spatial coverage/field completeness not measured","2026-10-07"
"D051","Seattle","Seattle Streets","street centerlines","https://catalog.data.gov/dataset/seattle-streets","Seattle city; SND linework","Weekly","metadata/API; no data downloaded","Public metadata accessible without payment; access price unclear unless explicitly stated","Unclear; no download","YELLOW","Allowed subject to licence","Allowed subject to licence","See licence notes; unclear exact city dataset attribution unless specified","See Q024 in sources.md (exact quotation)","https://opendatacommons.org/licenses/pddl/1-0/","Includes surface width/type, percent slope, one-way, pavement condition. Useful for mapped ground treatment rather than generic street widths. PDDL declaration source: https://catalog.data.gov/dataset/sdot-gis-datasets ; no mandatory PDDL attribution, acknowledge City/SDOT as source recommendation. Collection-level PDDL is permissive; confirm exact current item inherits it before classifying this delivered item GREEN.","Official metadata reviewed; local spatial coverage/field completeness not measured","2026-10-07"
"D052","Seattle","Sidewalks / SidewalkObservations / Curb Ramps","sidewalks","https://catalog.data.gov/dataset/sdot-gis-datasets","Seattle SDOT collection names datasets; box coverage unverified","Unclear","metadata/API; no data downloaded","Public metadata accessible without payment; access price unclear unless explicitly stated","Unclear; no download","YELLOW","Allowed subject to licence","Allowed subject to licence","See licence notes; unclear exact city dataset attribution unless specified","See Q024 in sources.md (exact quotation)","https://opendatacommons.org/licenses/pddl/1-0/","Individual current layer URLs/measurement completeness unverified; use collection browse. Do not reuse accidentally matching Austin Sidewalks dataset. PDDL declaration source: https://catalog.data.gov/dataset/sdot-gis-datasets ; no mandatory PDDL attribution, acknowledge City/SDOT as source recommendation. Collection-level PDDL is permissive; confirm exact current item inherits it before classifying this delivered item GREEN.","Official metadata reviewed; local spatial coverage/field completeness not measured","2026-10-07"
"D053","Seattle","Parks boundaries","parks","https://catalog.data.gov/dataset/parks-d1655","City parks plus parks not owned by Seattle Parks; geometry bounds include candidates","Weekly Mondays","metadata/API; no data downloaded","Public metadata accessible without payment; access price unclear unless explicitly stated","Unclear; no download","YELLOW","Unclear or conditional; see notes","Unclear or conditional; see notes","See licence notes; unclear exact city dataset attribution unless specified","See Q025 in sources.md (exact quotation)","https://www.seattle.gov/documents/departments/tech/opendata/cos_opendatapolicy.pdf","Policy quote seen in official search excerpt, direct PDF returned403; no bypass. Policy intention is not substitute for current dataset licence.","Official metadata reviewed; local spatial coverage/field completeness not measured","2026-10-07"
"D054","Seattle","Residential Building Assessor extract","building age","https://www5.kingcounty.gov/sdc?Layer=resbldg_extr","King County; residential 1–3 unit structures","Weekly","metadata/API; no data downloaded","Public metadata accessible without payment; access price unclear unless explicitly stated","Unclear; no download","YELLOW","Unclear or conditional; see notes","Unclear or conditional; see notes","See licence notes; unclear exact city dataset attribution unless specified","See Q026 in sources.md (exact quotation)","https://www5.kingcounty.gov/sdc?Layer=resbldg_extr","Catalogue's earlier detection link now states non-public. Schema documents STORIES and YRBUILT; use authoritative Assessor route only after licence/access verification. No individual owner/resident fields to ingest.","Official metadata reviewed; local spatial coverage/field completeness not measured","2026-10-07"
"D055","Seattle","Authoritative Assessor data route","building age","https://info.kingcounty.gov/assessor/DataDownload/default.aspx","King County","Unclear","metadata/API; no data downloaded","Public metadata accessible without payment; access price unclear unless explicitly stated","Unclear; no download","YELLOW","Unclear or conditional; see notes","Unclear or conditional; see notes","See licence notes; unclear exact city dataset attribution unless specified","unclear: no exact permission quote verified","https://info.kingcounty.gov/assessor/DataDownload/default.aspx","Official download landing page found, no ZIP obtained. Restrict future ingestion to building age/stories/physical fields and parcel geometry; never owner, sale-person or contact records.","Official metadata reviewed; local spatial coverage/field completeness not measured","2026-10-07"
"D056","Seattle","Washington lidar portal DEM/point cloud","terrain/lidar","https://www.dnr.wa.gov/lidar","Washington projects incl regional holdings; candidate acquisition/date coverage unverified","By acquisition/project","metadata/API; no data downloaded","Public metadata accessible without payment; access price unclear unless explicitly stated","Unclear; no download","YELLOW","Unclear or conditional; see notes","Unclear or conditional; see notes","See licence notes; unclear exact city dataset attribution unless specified","See Q027 in sources.md (exact quotation)","https://www.dnr.wa.gov/lidar","DEMs/hillshade/point clouds available; REST image services documented by help. Do not assume city3D roof mesh product exists. Source project resolution/date/licence verify before baking.","Official metadata reviewed; local spatial coverage/field completeness not measured","2026-10-07"
"D057","Seattle","King County Metro GTFS / GTFS-RT","transit","https://kingcounty.gov/en/dept/metro/rider-tools/mobile-and-web-apps","Metro bus, Seattle Streetcar, Water Taxi, Link and some ST Express per current page","Realtime feed interval/rate limit unclear; static ZIP listed","metadata/API; no data downloaded","Public metadata accessible without payment; access price unclear unless explicitly stated","Unclear; no download","GREEN","Allowed subject to the cited licence and conditions","Allowed subject to the cited licence and conditions","See licence notes; unclear exact city dataset attribution unless specified","See Q028 in sources.md (exact quotation)","https://kingcounty.gov/en/dept/metro/rider-tools/mobile-and-web-apps","Trip updates/vehicle positions/alerts public PB/JSON links on official page. Required legend: Transit scheduling, geographic, and real-time data provided by permission of King County. Caching/storage and derivative works permitted to extent county owns rights, third-party claims disclaimed; no agency logo use.","Official metadata reviewed; local spatial coverage/field completeness not measured","2026-10-07"
"D058","Seattle","Sound Transit OTD OneBusAway GTFS-RT","transit","https://www.soundtransit.org/help-contacts/business-information/open-transit-data-otd/otd-downloads","King Metro agency1, Seattle Streetcar23; Sound Transit40 limited to1Line/2Line/TLine andSTExpress current page","Realtime update/rate limit unclear; API request allow2business days","metadata/API; no data downloaded","Public metadata accessible without payment; access price unclear unless explicitly stated","Unclear; no download","YELLOW","Unclear or conditional; see notes","Unclear or conditional; see notes","See licence notes; unclear exact city dataset attribution unless specified","See Q029 in sources.md (exact quotation)","https://www.soundtransit.org/help-contacts/business-information/open-transit-data-otd/transit-data-terms-use","Request API key via official page; request-based. Propagate terms to recipients; usage metrics on request; provide contact email; no transit trademarks/app-name branding. Clarify whether app smoothing/derived positions constitutes prohibited changes. Public ST alerts PB exists. Consolidated GTFS ends end2026; use agency feeds.","Official metadata reviewed; local spatial coverage/field completeness not measured","2026-10-07"
"D059","Seattle","NWS Seattle WFO weather","weather","https://www.weather.gov/sew/","Seattle/western Washington WFO","Product-dependent; interval unclear","metadata/API; no data downloaded","Public metadata accessible without payment; access price unclear unless explicitly stated","Unclear; no download","GREEN","Allowed subject to the cited licence and conditions","Allowed subject to the cited licence and conditions","See licence notes; unclear exact city dataset attribution unless specified","See Q013 in sources.md (exact quotation)","https://www.weather.gov/documentation/services-web-api","Official API permits open use, no fees; reasonable limits not numerically disclosed; User-Agent required. No agency marks granted.","Official metadata reviewed; local spatial coverage/field completeness not measured","2026-10-07"
"D060","Seattle","Space Needle likeness / branding","protected landmark","https://www.spaceneedle.com/trademark","Seattle landmark","Not applicable","metadata/API; no data downloaded","Public metadata accessible without payment; access price unclear unless explicitly stated","Unclear; no download","YELLOW","Unclear or conditional; see notes","Unclear or conditional; see notes","See licence notes; unclear exact city dataset attribution unless specified","See Q030 in sources.md (exact quotation)","https://www.spaceneedle.com/trademark","Owner advises entire Seattle skyline instead of isolated landmark branding. Avoid isolated app icon/hero marketing use; seek review/permission for distinctive landmark assets. This does not establish blanket legal prohibition on all factual city depictions.","Official metadata reviewed; local spatial coverage/field completeness not measured","2026-10-07"
"D061","Seattle","Seattle public artworks","public art","https://www.seattle.gov/documents/Departments/Arts/Downloads/Public%20Art%20Roadmap/Roadmap_Section3.pdf","City public-art programme; exclude artwork meshes pending per-work rights","Unclear","metadata/API; no data downloaded","Public metadata accessible without payment; access price unclear unless explicitly stated","Unclear; no download","YELLOW","Unclear or conditional; see notes","Unclear or conditional; see notes","See licence notes; unclear exact city dataset attribution unless specified","See Q031 in sources.md (exact quotation)","https://www.seattle.gov/documents/Departments/Arts/Downloads/Public%20Art%20Roadmap/Roadmap_Section3.pdf","Use public art as exclusion register; artistic3D reproduction permission separate from factual location metadata.","Official metadata reviewed; local spatial coverage/field completeness not measured","2026-10-07"
