frame_ms,gpu_ms
1.726,
935.832,
232.808,
18.938,1.378
26.630,1.375
37.886,1.369
18.120,1.345
29.092,1.465
36.141,1.492
16.709,1.391
22.248,1.409
24.956,1.388
20.930,1.359
25.055,1.384
40.213,1.402
16.649,1.424
18.070,1.347
25.040,1.449
20.882,1.351
20.857,1.412
20.760,1.382
29.664,1.561
16.914,1.379
20.205,1.345
20.822,1.449
20.883,1.399
20.918,1.387
20.792,1.346
29.207,1.463
16.800,1.481
16.559,1.367
20.850,1.370
20.827,1.415
20.799,1.342
20.905,1.451
20.870,1.401
29.198,1.353
17.376,1.376
16.069,1.411
20.791,1.344
20.729,1.400
20.901,1.409
20.898,1.362
20.855,1.425
29.155,1.380
16.699,1.376
16.695,1.337
20.839,1.402
20.864,1.324
20.884,1.326
12.406,1.356
12.701,1.375
12.369,1.379
16.654,1.503
16.836,1.623
16.577,1.516
16.642,1.519
16.853,1.481
16.582,1.500
16.632,1.509
16.699,1.515
16.646,1.507
16.818,1.614
16.841,1.665
17.087,1.665
16.043,1.686
16.744,1.662
16.901,1.662
17.229,1.744
15.988,1.637
16.712,1.621
16.693,1.606
17.525,1.641
15.804,1.669
16.642,1.673
16.756,1.724
16.540,1.691
17.557,1.704
15.782,1.691
16.752,1.563
16.687,1.675
17.468,1.620
15.785,1.610
16.837,1.596
17.296,1.713
16.034,1.632
16.698,1.631
16.984,1.724
17.038,1.752
16.031,1.574
17.384,1.765
15.912,1.765
16.708,1.627
16.627,1.568
17.374,1.692
17.660,1.644
15.025,1.616
16.937,1.638
17.301,1.638
15.852,1.562
17.367,1.598
15.931,1.751
16.699,1.656
17.496,1.686
16.677,1.708
16.588,1.625
15.947,1.619
16.698,1.695
17.469,1.695
16.573,1.730
15.980,1.625
16.925,1.637
17.324,1.703
15.907,1.688
17.423,1.601
15.928,1.639
16.606,1.606
16.689,1.653
17.346,1.699
16.139,1.672
16.451,1.557
16.836,1.729
17.305,1.621
16.016,1.559
16.577,1.631
16.994,1.697
16.417,1.697
16.815,1.588
16.621,1.743
16.817,1.683
17.176,1.691
16.008,1.633
17.509,1.637
15.824,1.637
16.678,1.668
16.815,1.668
16.637,1.680
16.678,1.567
17.308,1.660
15.921,1.576
16.700,1.622
17.743,1.586
15.611,1.641
16.747,1.657
16.801,1.657
17.416,1.708
16.526,1.619
15.957,1.679
16.666,1.774
16.738,1.774
17.392,1.673
15.936,1.575
16.654,1.612
16.730,1.630
17.287,1.709
17.552,1.589
15.845,1.509
15.972,1.652
16.656,1.694
16.675,1.622
16.729,1.648
16.736,1.765
16.527,1.742
16.736,1.606
16.758,1.735
16.775,1.683
17.095,1.712
16.950,1.587
15.939,1.675
16.566,1.670
16.558,1.779
17.156,1.749
17.196,1.727
15.826,1.652
16.718,1.663
16.719,1.858
16.728,1.736
17.345,1.667
16.471,1.630
16.016,1.748
16.741,1.636
17.585,1.650
15.982,1.677
16.514,1.715
17.420,1.779
15.864,1.646
17.533,1.640
15.959,1.640
16.842,1.659
16.494,1.607
16.794,1.627
17.293,1.705
15.834,1.533
16.807,1.577
17.551,1.719
15.760,1.673
16.616,1.554
16.805,1.759
16.623,1.722
16.814,1.560
16.470,1.729
16.868,1.594
17.197,1.666
15.913,1.581
16.822,1.660
16.585,1.686
17.381,1.734
16.073,1.734
16.591,1.595
16.827,1.580
17.337,1.719
15.984,1.557
16.683,1.697
16.944,1.697
17.235,1.724
17.299,1.581
15.348,1.667
16.758,1.587
17.218,1.678
15.848,1.572
16.807,1.591
16.755,1.824
17.209,1.593
15.822,1.613
16.837,1.688
17.415,1.688
16.099,1.615
16.477,1.566
16.811,1.711
17.424,1.732
15.856,1.596
16.777,1.675
17.505,1.752
15.863,1.632
16.677,1.853
16.727,1.853
16.747,1.680
17.383,1.699
15.734,1.582
16.704,1.620
16.621,1.596
16.811,1.664
17.261,1.664
16.075,1.577
17.323,1.523
16.021,1.560
16.658,1.514
16.867,1.685
17.462,1.685
15.798,1.585
17.224,1.605
16.064,1.630
16.688,1.596
16.646,1.712
16.679,1.622
16.764,1.618
17.563,1.614
15.749,1.686
16.705,1.739
16.757,1.739
17.456,1.710
16.564,1.668
16.056,1.614
16.642,1.580
17.434,1.697
15.848,1.621
16.672,1.692
16.959,1.692
17.089,1.751
16.048,1.662
17.277,1.607
16.788,1.661
15.901,1.646
17.549,1.649
15.813,1.726
16.747,1.573
18.220,1.568
15.053,1.568
17.206,1.727
16.074,1.727
16.851,1.702
16.655,1.702
16.766,1.610
17.395,1.628
16.451,1.615
16.049,1.638
16.617,1.556
16.798,1.729
17.405,1.662
15.923,1.760
17.130,1.642
17.203,1.641
15.750,1.724
16.834,1.707
17.452,1.874
15.704,1.572
16.575,1.635
16.829,1.571
17.327,1.617
16.011,1.556
16.601,1.518
16.838,1.577
16.549,1.755
16.748,1.552
16.593,1.643
16.779,1.587
17.405,1.526
15.778,1.657
16.946,1.653
16.614,1.653
16.592,1.536
16.724,1.651
16.825,1.651
16.494,1.650
16.644,1.604
16.750,1.710
16.605,1.720
16.718,1.676
17.419,1.619
15.977,1.602
16.718,1.653
16.680,1.625
17.200,1.538
16.082,1.686
16.780,1.699
16.650,1.763
16.669,1.651
16.668,1.600
17.141,1.539
16.184,1.610
16.673,1.664
16.706,1.664
16.604,1.518
16.721,1.630
17.323,1.697
16.028,1.697
19.196,1.676
14.190,1.676
16.677,1.560
16.720,1.772
17.488,1.553
15.862,1.602
17.265,1.605
16.102,1.651
16.749,1.533
16.572,1.575
16.579,1.545
16.944,1.696
17.296,1.696
15.901,1.638
16.701,1.701
16.744,1.651
16.649,1.582
16.693,1.645
17.396,1.621
15.841,1.592
16.689,1.524
16.842,1.783
16.452,1.715
16.799,1.574
17.208,1.653
16.032,1.558
16.740,1.520
16.856,1.724
16.626,1.712
16.824,1.569
17.321,1.676
15.876,1.583
16.591,1.670
16.886,1.702
17.074,1.702
16.135,1.589
16.621,1.626
16.792,1.695
17.420,1.699
15.819,1.626
17.479,1.589
15.816,1.604
16.789,1.609
16.761,1.664
16.512,1.535
16.812,1.570
17.150,1.682
16.104,1.588
16.780,1.686
16.656,1.686
17.569,1.543
16.405,1.539
15.996,1.631
16.773,1.647
17.271,1.550
16.081,1.569
17.409,1.545
15.900,1.596
17.363,1.743
16.000,1.743
16.821,1.677
17.701,1.677
15.519,1.528
16.684,1.715
17.344,1.715
15.976,1.578
17.348,1.598
16.047,1.578
17.548,1.713
15.817,1.713
16.639,1.588
16.745,1.723
16.624,1.608
16.758,1.707
16.643,1.707
16.801,1.633
16.752,1.785
16.765,1.618
17.289,1.586
15.701,1.588
16.703,1.535
16.628,1.623
17.487,1.669
16.177,1.573
17.017,1.669
16.185,1.569
16.650,1.579
16.687,1.658
17.224,1.693
16.164,1.744
17.379,1.616
15.932,1.581
16.751,1.568
16.667,1.714
16.621,1.684
16.689,1.677
17.317,1.640
16.056,1.578
16.708,1.690
16.684,1.738
16.611,1.636
16.741,1.597
16.587,1.618
16.816,1.636
16.576,1.676
16.708,1.558
17.386,1.702
15.965,1.582
16.562,1.589
16.854,1.800
17.399,1.599
15.948,1.635
17.207,1.627
16.103,1.571
16.678,1.668
17.454,1.654
15.872,1.675
16.807,1.588
17.263,1.730
16.001,1.649
16.767,1.611
17.801,1.566
15.421,1.566
16.814,1.667
17.284,1.667
15.991,1.569
16.827,1.605
16.582,1.786
16.507,1.580
16.815,1.620
17.507,1.634
15.894,1.556
16.598,1.589
16.654,1.633
17.469,1.586
16.028,1.586
16.586,1.587
16.743,1.660
16.662,1.695
16.575,1.767
17.247,1.642
16.184,1.574
16.626,1.669
16.767,1.595
16.626,1.642
16.779,1.636
17.243,1.644
16.101,1.563
17.344,1.663
15.870,1.570
17.545,1.654
15.911,1.617
17.291,1.509
16.016,1.577
16.781,1.699
16.617,1.587
17.369,1.607
16.011,1.717
16.631,1.656
16.696,1.583
16.686,1.567
17.511,1.732
16.525,1.640
16.029,1.702
16.623,1.591
16.769,1.568
16.600,1.638
16.663,1.616
16.724,1.717
16.683,1.584
17.281,1.729
16.075,1.729
16.642,1.682
16.772,1.722
16.579,1.689
16.817,1.575
16.606,1.692
16.709,1.630
17.251,1.585
16.079,1.563
17.156,1.632
18.064,1.665
14.727,1.697
16.769,1.723
17.360,1.723
15.980,1.599
17.365,1.635
16.761,1.786
15.894,1.625
17.421,1.625
15.865,1.616
16.822,1.568
16.601,1.635
16.758,1.603
17.493,1.818
15.939,1.587
17.411,1.623
16.510,1.670
15.994,1.749
16.676,1.598
16.634,1.722
16.869,1.549
16.522,1.671
16.810,1.632
16.457,1.559
16.885,1.569
17.222,1.721
16.062,1.689
17.363,1.608
15.982,1.713
17.394,1.659
16.021,1.642
17.327,1.661
16.036,1.719
16.805,1.524
16.585,1.631
16.741,1.631
16.559,1.571
17.204,1.681
16.138,1.647
17.481,1.602
15.964,1.671
16.688,1.597
17.389,1.565
16.535,1.646
16.021,1.622
17.334,1.729
16.056,1.729
17.344,1.654
16.029,1.713
17.349,1.638
16.008,1.645
16.589,1.676
16.660,1.653
16.831,1.517
16.626,1.644
16.833,1.630
16.483,1.577
16.657,1.644
16.770,1.663
17.358,1.681
17.480,1.646
15.128,1.610
16.793,1.656
17.278,1.710
15.975,1.675
17.319,1.688
16.084,1.688
16.781,1.600
17.406,1.551
15.773,1.610
17.482,1.563
15.928,1.608
16.733,1.608
17.472,1.611
16.096,1.656
17.240,1.694
15.890,1.633
16.540,1.605
16.912,1.691
16.721,1.725
16.558,1.536
16.608,1.630
16.751,1.556
16.628,1.614
16.822,1.619
17.175,1.620
16.067,1.581
17.393,1.629
15.955,1.608
17.532,1.567
15.844,1.730
17.315,1.649
16.026,1.651
17.356,1.585
16.015,1.578
16.841,1.583
16.515,1.576
16.635,1.520
16.688,1.589
17.538,1.665
15.907,1.582
17.281,1.626
16.042,1.581
17.462,1.619
15.936,1.583
17.386,1.610
15.971,1.692
16.514,1.642
16.862,1.622
17.249,1.612
16.170,1.579
16.499,1.663
16.879,1.613
16.430,1.687
16.977,1.591
17.191,1.572
15.961,1.681
17.544,1.563
15.806,1.690
17.309,1.679
17.267,1.671
15.412,1.655
16.759,1.608
17.319,1.602
15.957,1.573
16.651,1.610
16.656,1.665
16.718,1.589
16.638,1.650
16.711,1.621
16.692,1.553
16.588,1.707
16.857,1.786
16.649,1.807
16.829,1.607
17.089,1.805
16.215,1.620
17.320,1.538
15.967,1.560
17.420,1.657
15.959,1.655
17.278,1.612
16.128,1.648
16.648,1.618
16.790,1.527
16.553,1.542
16.747,1.525
16.573,1.506
16.726,1.499
16.598,1.584
16.754,1.546
16.589,1.572
16.792,1.732
17.398,1.663
15.971,1.603
17.394,1.695
15.938,1.705
17.358,1.646
16.005,1.599
16.603,1.665
17.275,1.680
16.098,1.645
16.745,1.711
17.433,1.648
15.889,1.665
16.634,1.642
16.748,1.634
17.409,1.633
15.863,1.676
16.741,1.649
16.716,1.599
17.375,1.682
15.986,1.701
16.828,1.639
16.486,1.684
16.860,1.717
17.328,1.659
16.698,1.648
16.618,1.645
16.087,1.660
17.692,1.674
15.413,1.510
16.807,1.659
16.583,1.728
16.708,1.595
16.742,1.646
16.661,1.668
17.401,1.626
16.119,1.564
16.476,1.677
16.719,1.660
16.653,1.659
16.700,1.704
17.440,1.709
15.988,1.600
17.426,1.649
15.873,1.565
17.481,1.600
15.924,1.632
16.592,1.663
16.723,1.669
17.302,1.575
16.052,1.658
17.396,1.638
16.113,1.598
17.194,1.605
16.669,1.676
16.161,1.658
16.532,1.689
16.645,1.714
16.726,1.611
16.860,1.667
16.471,1.656
16.901,1.699
16.531,1.555
17.340,1.655
15.947,1.661
16.672,1.642
16.738,1.694
16.783,1.638
16.544,1.693
16.860,1.655
17.274,1.558
15.820,1.650
16.803,1.603
16.651,1.671
16.704,1.596
17.177,1.587
16.112,1.649
17.401,1.637
15.879,1.527
17.456,1.661
16.007,1.726
16.679,1.648
16.660,1.612
17.382,1.618
16.759,1.666
15.896,1.597
16.765,1.679
17.300,1.634
17.224,1.657
15.421,1.643
16.747,1.569
16.835,1.603
16.523,1.692
16.833,1.654
16.801,1.612
17.129,1.639
15.980,1.625
16.521,1.682
17.526,1.620
15.901,1.622
17.558,1.743
16.477,1.698
16.142,1.670
17.308,1.768
15.946,1.606
16.638,1.656
16.788,1.577
17.311,1.741
16.027,1.648
16.637,1.656
16.711,1.641
17.348,1.638
16.012,1.646
17.372,1.654
16.001,1.635
16.662,1.658
16.694,1.610
17.320,1.624
16.019,1.662
17.374,1.685
15.989,1.663
16.645,1.672
16.746,1.694
17.321,1.631
16.018,1.616
17.354,1.620
15.899,1.626
17.341,1.630
16.162,1.694
17.282,1.656
15.988,1.619
17.468,1.671
16.677,1.682
15.898,1.660
17.363,1.657
15.989,1.632
16.738,1.689
17.336,1.671
16.017,1.622
17.203,1.603
16.168,1.685
16.649,1.685
16.677,1.645
17.295,1.668
16.811,1.662
16.796,1.610
15.810,1.594
17.403,1.665
17.168,1.686
15.457,1.658
16.725,1.649
17.515,1.655
15.843,1.639
17.220,1.587
16.102,1.663
17.394,1.664
15.950,1.586
16.698,1.629
16.732,1.659
16.908,1.710
16.504,1.650
17.227,1.592
16.094,1.615
17.238,1.743
16.009,1.673
17.559,1.707
15.989,1.594
17.264,1.643
15.988,1.620
17.411,1.666
16.068,1.623
16.704,1.674
16.510,1.641
16.813,1.681
17.352,1.669
16.635,1.631
15.941,1.648
17.344,1.669
16.710,1.619
15.980,1.604
16.731,1.576
16.670,1.655
16.705,1.676
16.611,1.641
16.712,1.670
17.400,1.629
15.908,1.621
16.874,1.646
16.508,1.708
16.597,1.655
16.749,1.679
17.384,1.708
15.971,1.632
17.425,1.688
16.094,1.648
16.456,1.678
16.790,1.666
17.024,1.633
16.276,1.619
17.507,1.697
15.883,1.645
17.260,1.640
16.803,1.629
15.895,1.695
16.783,1.603
17.379,1.565
15.966,1.649
16.645,1.645
18.079,1.600
15.241,1.665
16.774,1.670
17.410,1.630
16.094,1.599
16.487,1.642
16.709,1.600
17.258,1.658
16.246,1.636
16.498,1.662
16.701,1.660
17.531,1.685
15.954,1.670
17.400,1.785
16.642,1.629
15.858,1.653
16.728,1.649
16.606,1.671
16.741,1.648
16.611,1.592
17.461,1.620
16.686,1.659
15.950,1.694
16.643,1.608
16.732,1.644
16.548,1.613
16.803,1.731
16.626,1.667
16.647,1.630
16.926,1.654
16.524,1.632
16.682,1.657
16.671,1.652
16.707,1.656
16.689,1.711
16.566,1.620
16.766,1.722
16.615,1.598
16.767,1.659
17.498,1.620
15.784,1.664
17.385,1.776
16.027,1.737
17.524,1.723
15.796,1.608
16.677,1.730
16.707,1.711
16.628,1.602
16.754,1.743
17.403,1.653
15.908,1.662
17.330,1.692
16.036,1.628
17.433,1.646
15.913,1.626
17.486,1.646
15.905,1.587
16.654,1.677
16.724,1.689
16.633,1.620
18.081,1.680
15.212,1.646
16.799,1.659
17.520,1.650
15.745,1.636
17.486,1.666
15.895,1.639
17.512,1.649
15.890,1.566
16.638,1.660
17.353,1.682
16.101,1.681
17.306,1.712
15.934,1.725
16.818,1.578
16.612,1.697
17.386,1.577
15.840,1.601
16.917,1.590
17.305,1.630
15.942,1.614
16.637,1.620
16.757,1.605
16.575,1.677
16.779,1.660
17.100,1.693
16.293,1.611
16.574,1.639
16.733,1.627
17.397,1.647
15.963,1.587
16.649,1.610
16.722,1.697
16.633,1.620
16.700,1.633
17.337,1.637
15.966,1.717
16.737,1.694
16.776,1.664
16.509,1.660
16.831,1.731
16.664,1.660
16.670,1.640
16.596,1.692
16.705,1.668
17.399,1.711
15.960,1.665
17.541,1.694
16.610,1.660
15.858,1.670
16.743,1.642
16.641,1.657
16.732,1.550
17.319,1.633
16.045,1.662
16.611,1.679
16.738,1.637
16.604,1.626
16.703,1.734
16.769,1.671
17.761,1.637
15.517,1.658
16.711,1.696
16.662,1.614
16.726,1.716
17.310,1.570
16.741,1.610
15.920,1.601
16.720,1.648
16.678,1.606
16.571,1.705
16.798,1.778
17.463,1.605
15.965,1.673
16.658,1.601
16.833,1.647
16.467,1.576
16.864,1.700
16.461,1.732
16.652,1.670
16.750,1.728
16.658,1.628
16.731,1.667
17.291,1.630
16.044,1.690
17.344,1.641
15.988,1.641
16.639,1.531
16.759,1.621
16.584,1.662
16.763,1.710
17.390,1.716
16.176,1.653
16.437,1.655
16.796,1.685
16.538,1.716
16.721,1.619
17.531,1.723
15.838,1.720
16.765,1.593
16.565,1.630
16.643,1.653
16.766,1.666
16.549,1.716
17.008,1.619
17.175,1.658
15.996,1.641
16.828,1.669
16.481,1.639
16.676,1.611
16.803,1.686
17.187,1.660
16.151,1.719
17.273,1.642
16.084,1.690
16.776,1.671
16.598,1.693
17.476,1.641
15.829,1.642
17.291,1.669
17.477,1.652
15.150,1.527
16.760,1.682
16.589,1.608
16.773,1.654
16.655,1.680
17.393,1.558
16.027,1.624
16.685,1.674
17.330,1.629
16.061,1.748
16.582,1.752
17.026,1.653
17.183,1.706
15.904,1.713
16.573,1.662
16.786,1.663
17.477,1.687
15.843,1.682
17.353,1.638
16.061,1.652
16.609,1.656
16.758,1.704
17.364,1.647
15.975,1.613
17.459,1.660
16.656,1.616
16.069,1.647
16.736,1.660
17.121,1.671
16.002,1.640
16.817,1.656
16.505,1.691
16.772,1.666
16.755,1.638
17.245,1.598
15.980,1.656
17.327,1.630
16.022,1.679
16.704,1.747
16.674,1.700
16.551,1.610
16.777,1.688
17.210,1.685
16.135,1.639
16.633,1.659
16.655,1.700
17.458,1.687
16.048,1.582
17.324,1.653
16.748,1.670
15.912,1.635
16.899,1.677
17.179,1.623
16.032,1.662
16.800,1.607
17.381,1.722
16.341,1.616
16.178,1.730
17.118,1.667
17.261,1.593
15.580,1.645
16.702,1.669
16.614,1.788
16.821,1.673
17.220,1.607
16.297,1.626
17.212,1.721
15.879,1.637
16.912,1.663
17.541,1.766
16.102,1.696
16.520,1.731
16.413,1.704
16.689,1.733
17.420,1.668
15.893,1.629
16.859,1.646
16.567,1.648
17.323,1.676
15.943,1.648
17.357,1.656
16.093,1.659
17.313,1.647
16.679,1.628
16.176,1.619
16.464,1.663
17.172,1.740
16.151,1.735
17.374,1.670
16.014,1.641
17.482,1.682
16.748,1.601
15.929,1.635
16.794,1.670
16.560,1.707
16.601,1.678
16.647,1.626
16.780,1.612
16.664,1.611
17.439,1.678
15.830,1.663
17.517,1.676
15.834,1.614
17.465,1.633
15.955,1.611
17.333,1.625
16.057,1.623
16.710,1.688
16.801,1.643
17.199,1.651
16.716,1.606
15.918,1.595
17.365,1.636
16.040,1.620
17.335,1.639
15.968,1.607
16.649,1.671
16.742,1.676
17.401,1.637
17.300,1.634
15.260,1.684
16.803,1.718
17.529,1.666
15.791,1.614
16.703,1.650
17.471,1.633
15.778,1.632
16.981,1.658
16.446,1.681
17.729,1.744
15.983,1.716
16.505,1.739
16.553,1.696
16.669,1.741
17.287,1.658
16.006,1.626
16.829,1.640
16.575,1.673
17.275,1.650
16.013,1.623
17.355,1.601
16.045,1.652
17.181,1.630
16.260,1.624
16.716,1.639
16.593,1.658
17.495,1.643
15.896,1.657
16.597,1.669
16.720,1.610
16.620,1.653
16.615,1.686
16.844,1.620
16.697,1.674
16.628,1.645
16.687,1.654
17.297,1.625
16.058,1.665
16.657,1.703
16.686,1.614
17.289,1.635
16.144,1.581
17.415,1.647
15.922,1.617
16.605,1.643
16.777,1.749
16.556,1.638
16.785,1.646
17.313,1.661
16.061,1.590
16.628,1.633
17.484,1.641
16.058,1.624
16.559,1.665
17.290,1.689
15.993,1.672
16.595,1.641
16.768,1.682
17.376,1.596
17.407,1.679
15.242,1.692
16.740,1.703
16.644,1.594
16.726,1.687
17.440,1.620
15.860,1.651
17.173,1.620
16.242,1.688
16.587,1.610
16.778,1.625
17.393,1.683
16.668,1.687
16.073,1.720
16.574,1.638
16.572,1.650
16.717,1.594
16.673,1.714
17.431,1.657
15.931,1.638
16.860,1.632
17.249,1.686
16.609,1.668
16.217,1.616
16.749,1.618
17.154,1.639
15.957,1.591
16.646,1.648
17.565,1.686
16.377,1.607
16.302,1.608
17.109,1.675
16.009,1.692
16.747,1.702
17.403,1.666
15.901,1.624
16.743,1.714
17.165,1.679
16.166,1.635
16.637,1.671
16.731,1.670
17.417,1.639
15.999,1.604
16.794,1.590
16.465,1.643
16.642,1.701
16.754,1.619
17.383,1.703
15.997,1.611
17.334,1.680
16.055,1.649
16.750,1.696
16.562,1.650
16.572,1.682
16.901,1.714
17.364,1.650
16.582,1.615
15.925,1.584
16.697,1.644
16.774,1.631
17.716,1.698
15.526,1.611
17.507,1.691
16.624,1.655
16.008,1.692
17.290,1.685
16.059,1.605
16.508,1.624
16.804,1.623
17.713,1.761
15.739,1.668
17.427,1.550
16.623,1.669
16.148,1.730
16.488,1.646
16.589,1.671
16.675,1.597
17.542,1.617
15.813,1.655
17.375,1.640
16.051,1.636
17.422,1.585
15.800,1.626
17.561,1.739
16.640,1.647
15.999,1.658
17.397,1.577
15.900,1.635
16.639,1.576
17.264,1.698
16.360,1.645
16.416,1.667
16.808,1.649
17.412,1.623
15.908,1.665
16.612,1.700
16.738,1.713
16.696,1.616
16.781,1.594
16.440,1.632
16.789,1.742
17.313,1.626
16.040,1.682
17.497,1.694
16.605,1.739
15.954,1.621
16.687,1.617
16.592,1.677
16.850,1.653
16.725,1.660
17.203,1.614
15.974,1.655
16.738,1.704
17.355,1.624
15.977,1.620
16.637,1.697
16.746,1.696
16.659,1.665
16.751,1.645
16.765,1.654
17.770,1.647
15.371,1.677
16.777,1.699
16.505,1.697
16.930,1.677
17.305,1.591
15.973,1.644
17.303,1.667
16.043,1.701
16.762,1.686
16.650,1.665
17.400,1.696
15.959,1.660
17.347,1.675
16.007,1.659
17.304,1.670
16.705,1.651
16.179,1.610
16.547,1.627
17.279,1.679
16.017,1.655
16.614,1.651
16.767,1.647
16.638,1.635
16.728,1.622
16.842,1.620
16.499,1.681
16.837,1.638
17.263,1.673
15.884,1.597
16.670,1.668
17.417,1.649
16.749,1.673
15.932,1.620
16.776,1.619
17.384,1.604
16.041,1.676
17.287,1.628
15.900,1.640
16.671,1.692
16.696,1.693
16.546,1.723
16.878,1.590
17.219,1.649
16.054,1.593
17.354,1.583
15.957,1.661
16.699,1.662
16.780,1.662
16.631,1.634
16.633,1.656
16.667,1.621
16.736,1.758
17.335,1.623
16.116,1.633
16.501,1.695
16.775,1.616
16.717,1.672
16.648,1.678
17.495,1.644
16.934,1.602
15.582,1.662
16.702,1.738
16.617,1.644
16.799,1.611
16.574,1.687
16.734,1.664
16.578,1.607
16.801,1.649
16.771,1.802
16.654,1.754
16.655,1.691
16.685,1.772
17.337,1.713
15.914,1.581
17.371,1.582
16.031,1.703
16.842,1.631
16.429,1.601
16.926,1.644
16.560,1.653
17.245,1.659
16.068,1.630
17.372,1.643
15.988,1.658
16.672,1.666
16.663,1.637
17.392,1.617
16.145,1.609
17.089,1.607
16.119,1.575
17.426,1.606
16.013,1.576
17.344,1.630
15.994,1.689
17.112,1.596
16.179,1.666
16.655,1.611
16.714,1.633
17.435,1.643
15.948,1.658
17.320,1.654
16.021,1.621
16.816,1.633
16.535,1.682
17.365,1.660
16.086,1.613
17.281,1.639
15.948,1.650
16.702,1.670
16.716,1.656
16.615,1.654
16.765,1.640
17.441,1.623
15.881,1.630
17.292,1.654
16.076,1.623
17.374,1.590
15.951,1.700
16.649,1.592
16.651,1.615
18.032,1.646
16.188,1.660
15.838,1.640
16.755,1.693
17.435,1.636
15.986,1.649
16.487,1.639
16.848,1.688
17.533,1.711
16.583,1.605
15.902,1.733
16.705,1.653
16.797,1.636
16.496,1.620
16.629,1.604
16.740,1.644
16.646,1.703
16.698,1.602
16.770,1.640
16.583,1.608
16.895,1.693
16.509,1.663
16.855,1.676
16.508,1.615
16.603,1.717
16.736,1.746
16.626,1.619
16.763,1.675
17.449,1.675
15.895,1.649
17.270,1.685
16.121,1.663
16.711,1.712
16.805,1.684
17.293,1.654
15.870,1.666
16.797,1.663
16.552,1.668
16.857,1.654
16.537,1.676
16.820,1.663
16.513,1.688
17.150,1.600
16.240,1.722
16.648,1.725
16.743,1.674
16.641,1.643
16.635,1.694
16.666,1.617
16.758,1.665
16.722,1.635
16.597,1.635
17.363,1.660
16.009,1.635
16.625,1.726
16.718,1.625
17.291,1.605
16.109,1.592
16.629,1.594
16.770,1.657
17.988,1.690
15.216,1.653
17.440,1.621
16.063,1.605
17.427,1.596
15.843,1.600
17.353,1.586
16.260,1.692
16.471,1.647
16.733,1.778
16.849,1.720
16.421,1.705
16.701,1.671
16.916,1.661
17.163,1.632
15.983,1.662
16.880,1.600
16.460,1.675
16.557,1.644
16.784,1.694
17.452,1.592
15.899,1.609
17.324,1.616
16.044,1.663
16.683,1.669
16.600,1.724
16.899,1.704
16.564,1.696
17.294,1.603
16.179,1.633
17.284,1.656
16.030,1.660
17.350,1.639
15.960,1.604
17.323,1.582
16.200,1.640
17.171,1.592
15.995,1.592
16.523,1.581
16.755,1.562
16.663,1.593
16.778,1.643
17.180,1.705
16.090,1.678
16.690,1.656
16.788,1.703
17.411,1.691
16.095,1.691
16.615,1.669
16.753,1.664
17.166,1.598
15.991,1.609
16.686,1.617
16.672,1.646
17.260,1.745
16.163,1.672
17.429,1.617
15.849,1.634
16.942,1.629
16.486,1.610
19.289,1.661
13.846,1.616
17.701,1.605
15.763,1.590
16.934,1.672
16.564,1.655
17.136,1.665
16.237,1.689
17.397,1.630
16.690,1.714
16.605,1.710
16.724,1.666
15.844,1.636
17.554,1.698
15.875,1.647
16.748,1.648
17.304,1.655
16.055,1.666
16.520,1.646
16.842,1.656
17.286,1.572
15.979,1.635
16.699,1.772
16.714,1.634
17.356,1.666
16.004,1.625
17.406,1.623
15.895,1.596
17.589,1.684
15.786,1.640
17.406,1.600
15.965,1.610
17.541,1.684
15.918,1.720
17.167,1.703
16.110,1.666
16.659,1.697
16.695,1.672
16.645,1.613
16.690,1.609
16.757,1.668
16.666,1.640
17.358,1.741
15.969,1.605
16.562,1.664
16.741,1.709
16.672,1.708
16.709,1.713
17.405,1.612
16.164,1.653
16.550,1.617
16.627,1.607
17.270,1.675
16.129,1.600
16.577,1.679
16.789,1.670
17.263,1.590
16.117,1.629
16.813,1.624
16.459,1.575
19.324,1.726
13.849,1.641
17.636,1.565
15.918,1.604
16.633,1.646
16.704,1.639
16.702,1.619
17.783,1.767
16.389,1.719
15.905,1.688
17.473,1.667
15.899,1.668
16.762,1.650
16.596,1.614
16.633,1.684
16.705,1.733
16.576,1.652
16.771,1.728
16.789,1.668
16.567,1.669
17.331,1.629
15.988,1.676
17.427,1.594
15.945,1.644
16.900,1.611
16.560,1.645
17.410,1.668
15.915,1.687
17.215,1.664
16.221,1.720
16.557,1.652
16.723,1.625
16.607,1.596
16.778,1.677
17.367,1.635
16.183,1.691
17.141,1.625
15.883,1.606
16.930,1.610
17.317,1.653
15.895,1.643
16.755,1.653
17.283,1.649
15.969,1.615
16.880,1.604
16.458,1.648
17.256,1.648
16.342,1.662
16.430,1.625
16.717,1.721
16.582,1.693
16.889,1.660
16.739,1.584
17.333,1.659
15.897,1.602
16.669,1.656
17.374,1.618
16.015,1.632
17.487,1.595
15.987,1.610
18.612,1.643
14.566,1.714
16.730,1.639
16.702,1.650
17.325,1.694
15.936,1.695
17.370,1.586
16.089,1.759
16.664,1.694
17.411,1.762
15.839,1.725
17.581,1.651
16.738,1.666
15.975,1.614
16.660,1.627
16.558,1.615
16.611,1.640
16.749,1.653
17.365,1.617
15.975,1.649
16.663,1.654
16.709,1.679
17.313,1.656
16.072,1.657
17.365,1.596
15.918,1.654
17.357,1.611
16.046,1.617
16.608,1.605
17.490,1.682
15.740,1.620
16.895,1.639
16.574,1.604
16.812,1.687
17.295,1.634
16.046,1.683
17.368,1.637
15.929,1.633
16.642,1.647
17.516,1.767
15.839,1.718
16.753,1.632
17.373,1.639
15.933,1.650
17.409,1.570
16.036,1.645
17.438,1.678
15.856,1.691
16.669,1.683
16.752,1.731
17.496,1.642
16.332,1.629
16.167,1.632
17.564,1.666
15.755,1.635
17.563,1.561
15.810,1.657
16.734,1.632
17.493,1.629
15.830,1.652
17.348,1.581
16.993,1.653
16.441,1.761
16.805,1.626
15.754,1.647
16.755,1.592
17.782,1.712
15.595,1.785
17.374,1.608
16.100,1.711
17.291,1.699
15.962,1.652
17.138,1.626
16.143,1.619
17.168,1.710
16.337,1.610
17.164,1.593
16.123,1.598
17.155,1.671
16.204,1.641
17.048,1.660
16.773,1.708
16.512,1.620
16.372,1.629
17.234,1.639
16.199,1.623
17.097,1.664
16.161,1.672
17.317,1.714
16.044,1.698
17.216,1.651
16.886,1.679
16.311,1.601
16.385,1.730
17.257,1.673
16.177,1.704
17.072,1.663
16.301,1.640
17.068,1.608
16.141,1.624
17.100,1.675
16.301,1.611
17.147,1.654
16.188,1.617
17.004,1.658
16.269,1.653
17.116,1.733
16.263,1.590
17.038,1.695
16.341,1.591
17.311,1.713
16.105,1.683
16.575,1.639
16.706,1.686
17.294,1.601
16.082,1.688
17.329,1.601
16.070,1.669
17.248,1.657
16.775,1.684
16.492,1.621
17.397,1.660
15.810,1.706
16.374,1.666
17.246,1.693
16.152,1.643
17.418,1.733
16.541,1.738
16.533,1.791
16.871,1.704
16.450,1.692
16.217,1.698
17.378,1.683
15.804,1.646
17.499,1.623
16.079,1.711
16.995,1.703
16.384,1.608
17.031,1.730
16.302,1.678
17.190,1.673
16.132,1.662
17.304,1.657
16.117,1.654
17.098,1.651
16.241,1.563
17.077,1.607
16.223,1.622
17.261,1.603
16.020,1.645
17.293,1.644
16.162,1.713
17.250,1.690
16.189,1.670
16.579,1.603
16.604,1.618
16.735,1.632
16.674,1.677
16.699,1.615
16.714,1.635
17.435,1.680
16.125,1.597
17.094,1.604
16.067,1.681
17.375,1.606
16.016,1.665
17.159,1.629
16.242,1.640
17.477,1.610
16.323,1.613
16.973,1.604
15.793,1.585
16.762,1.648
16.797,1.667
17.039,1.614
16.221,1.600
17.105,1.645
16.282,1.631
17.295,1.586
16.176,1.600
17.254,1.650
17.283,1.618
15.273,1.657
17.406,1.688
16.804,1.629
16.497,1.590
16.071,1.741
16.693,1.743
17.433,1.701
16.036,1.781
17.119,1.727
16.167,1.668
16.608,1.605
16.679,1.693
16.886,1.705
16.484,1.715
16.608,1.631
16.780,1.648
17.300,1.596
16.021,1.555
16.741,1.671
16.698,1.711
17.236,1.618
16.164,1.534
16.521,1.636
16.793,1.618
17.298,1.629
16.016,1.669
17.133,1.566
16.256,1.643
16.834,1.663
16.505,1.610
16.793,1.637
16.582,1.645
17.390,1.640
16.163,1.656
16.354,1.595
16.778,1.736
16.614,1.624
16.771,1.628
17.376,1.609
16.099,1.600
16.528,1.697
17.372,1.596
16.616,1.629
16.035,1.647
16.661,1.615
16.799,1.636
16.564,1.633
16.720,1.650
17.496,1.610
15.812,1.615
17.491,1.643
15.934,1.596
16.837,1.601
16.519,1.605
16.821,1.650
16.561,1.704
17.432,1.607
15.881,1.670
16.656,1.644
18.230,1.634
15.148,1.606
17.455,1.647
15.866,1.601
16.737,1.613
17.562,1.682
16.581,1.654
16.045,1.692
16.622,1.757
16.584,1.768
16.642,1.708
16.844,1.617
16.560,1.637
16.834,1.662
16.560,1.684
17.482,1.619
15.810,1.598
17.347,1.595
15.950,1.666
16.892,1.634
16.548,1.653
16.675,1.624
16.596,1.657
16.882,1.663
16.540,1.668
17.528,1.632
16.456,1.629
16.758,1.640
16.003,1.622
16.810,1.686
16.676,1.622
16.447,1.651
16.718,1.725
17.496,1.664
15.922,1.670
17.141,1.659
16.265,1.652
17.460,1.618
15.866,1.627
17.378,1.651
15.964,1.600
17.475,1.706
15.889,1.635
17.378,1.672
15.971,1.593
16.873,1.596
16.525,1.650
16.522,1.649
16.781,1.697
17.337,1.646
16.012,1.644
16.714,1.655
16.686,1.618
16.900,1.652
16.476,1.663
17.333,1.671
16.049,1.632
16.840,1.620
16.492,1.654
17.467,1.591
16.768,1.638
16.400,1.705
16.078,1.644
17.283,1.691
16.997,1.702
15.832,1.699
16.657,1.641
17.503,1.737
15.864,1.733
17.476,1.700
15.909,1.661
17.242,1.657
16.773,1.626
15.901,1.593
16.709,1.669
17.545,1.656
16.585,1.717
15.858,1.664
16.763,1.624
17.472,1.586
16.061,1.627
17.332,1.670
15.856,1.652
17.284,1.737
16.031,1.591
17.357,1.615
16.166,1.666
16.722,1.616
16.445,1.656
16.670,1.683
16.779,1.637
16.630,1.636
16.713,1.599
16.844,1.661
16.567,1.695
16.826,1.684
16.482,1.640
17.556,1.647
15.800,1.642
16.789,1.623
16.580,1.641
17.409,1.638
15.923,1.684
17.136,1.630
16.142,1.643
17.473,1.582
16.010,1.623
17.497,1.688
15.799,1.635
17.303,1.624
16.199,1.661
17.230,1.649
16.011,1.675
16.689,1.687
16.634,1.664
16.645,1.683
16.793,1.641
17.354,1.664
15.993,1.645
16.634,1.642
18.114,1.653
16.013,1.632
15.895,1.663
17.417,1.640
16.072,1.768
17.422,1.725
16.485,1.628
16.059,1.645
16.623,1.687
16.667,1.612
16.708,1.723
17.518,1.635
15.839,1.590
17.472,1.629
15.909,1.579
16.706,1.622
16.564,1.690
17.486,1.589
15.946,1.605
16.533,1.703
16.833,1.659
16.626,1.595
16.727,1.660
16.795,1.649
16.567,1.649
17.291,1.637
16.150,1.626
16.613,1.677
16.648,1.650
16.601,1.673
16.798,1.668
17.425,1.620
15.934,1.612
17.208,1.652
16.225,1.676
17.263,1.639
15.973,1.673
16.739,1.660
16.655,1.656
17.503,1.699
15.823,1.591
17.300,1.642
16.050,1.612
17.433,1.627
15.813,1.703
17.525,1.660
16.178,1.679
16.316,1.686
16.820,1.693
16.618,1.525
16.772,1.553
17.471,1.538
16.719,1.508
15.780,1.619
16.770,1.670
17.145,1.656
16.272,1.692
17.246,1.619
16.039,1.672
17.154,1.700
18.137,1.626
14.662,1.655
16.750,1.620
17.223,1.656
16.205,1.756
17.387,1.664
16.059,1.672
16.530,1.620
16.702,1.691
16.586,1.657
16.723,1.685
17.304,1.626
16.064,1.704
17.375,1.635
15.872,1.654
16.838,1.570
16.647,1.493
16.682,1.479
16.629,1.505
17.549,1.511
20.174,1.492
16.587,1.563
16.607,1.608
12.913,1.535
16.348,1.513
16.569,1.639
17.557,1.666
16.061,1.699
16.563,1.637
16.546,1.637
16.775,1.617
17.116,1.701
16.258,1.547
17.416,1.647
15.801,1.569
16.790,1.681
17.375,1.681
15.937,1.673
16.794,1.592
16.989,1.592
16.278,1.635
16.570,1.637
17.458,1.588
15.903,1.716
16.691,1.688
17.593,1.699
15.860,1.541
17.127,1.645
16.972,1.751
15.869,1.612
16.835,1.680
16.592,1.708
16.626,1.613
16.697,1.703
16.849,1.678
17.106,1.678
16.875,1.668
15.900,1.587
16.702,1.589
17.339,1.726
18.080,1.728
14.572,1.689
16.740,1.637
16.590,1.637
16.865,1.798
16.611,1.678
17.434,1.663
16.097,1.571
17.199,1.637
15.903,1.570
17.459,1.659
15.908,1.651
16.828,1.690
16.438,1.680
16.875,1.705
16.549,1.681
16.897,1.617
17.167,1.656
16.769,1.569
15.876,1.576
16.656,1.675
16.737,1.698
16.726,1.653
17.388,1.701
15.903,1.644
16.718,1.618
16.793,1.601
17.259,1.688
16.774,1.592
15.860,1.649
16.752,1.631
16.594,1.589
16.805,1.569
17.387,1.699
16.684,1.709
15.880,1.624
16.820,1.746
17.209,1.672
16.034,1.696
17.323,1.719
16.079,1.719
16.494,1.651
16.880,1.626
17.048,1.626
16.360,1.767
17.082,1.544
16.193,1.699
16.538,1.686
17.534,1.766
15.917,1.621
16.837,1.687
17.274,1.687
15.963,1.595
16.618,1.608
16.804,1.608
16.594,1.690
16.747,1.619
17.325,1.619
16.690,1.723
15.962,1.649
16.731,1.630
19.015,1.664
14.186,1.664
16.882,1.711
16.872,1.787
17.195,1.626
15.994,1.574
16.772,1.764
17.362,1.597
16.399,1.688
16.092,1.618
16.652,1.603
17.521,1.687
15.817,1.703
17.015,1.695
17.289,1.699
15.783,1.552
16.665,1.607
17.446,1.691
15.873,1.587
16.749,1.672
17.405,1.672
15.932,1.666
16.637,1.687
17.496,1.687
15.922,1.666
16.691,1.648
16.705,1.630
17.509,1.673
16.425,1.649
16.792,1.681
15.917,1.634
16.854,1.673
16.698,1.657
17.307,1.652
15.836,1.591
16.890,1.693
17.031,1.693
16.150,1.572
16.658,1.671
16.757,1.605
16.582,1.730
17.493,1.562
15.892,1.525
16.795,1.718
16.781,1.659
16.533,1.589
17.353,1.607
16.717,1.598
16.134,1.612
17.376,1.666
15.756,1.640
16.817,1.652
16.516,1.652
16.790,1.658
16.752,1.590
16.532,1.655
16.708,1.572
17.491,1.683
15.807,1.652
16.678,1.603
18.589,1.556
14.788,1.737
17.379,1.717
16.125,1.717
16.830,1.706
17.365,1.654
15.722,1.631
16.668,1.593
16.574,1.750
17.015,1.739
16.452,1.672
16.684,1.551
17.238,1.722
16.073,1.570
17.465,1.624
15.921,1.629
17.410,1.612
16.026,1.691
17.357,1.645
16.009,1.659
16.604,1.588
16.740,1.710
16.864,1.710
16.499,1.572
17.386,1.620
15.949,1.712
17.376,1.676
16.024,1.676
16.807,1.677
16.558,1.716
17.420,1.564
15.813,1.618
16.769,1.709
16.828,1.718
16.716,1.707
16.558,1.704
17.267,1.628
16.048,1.720
16.676,1.711
16.828,1.711
17.138,1.730
16.165,1.703
16.847,1.661
16.447,1.778
16.808,1.493
16.508,1.635
16.810,1.684
16.523,1.730
17.381,1.719
16.033,1.567
16.622,1.711
16.687,1.711
16.648,1.623
16.704,1.703
17.251,1.624
16.149,1.548
16.687,1.723
16.683,1.723
17.364,1.573
16.063,1.557
18.436,1.685
14.811,1.685
17.500,1.750
16.483,1.750
16.103,1.779
17.536,1.621
16.351,1.688
16.086,1.518
16.885,1.612
17.278,1.634
15.905,1.686
16.719,1.565
17.385,1.689
16.681,1.533
15.912,1.509
16.868,1.600
16.416,1.706
16.994,1.601
17.243,1.708
15.950,1.651
17.459,1.615
15.879,1.704
16.808,1.667
16.450,1.579
16.744,1.684
16.599,1.737
16.735,1.704
16.766,1.701
16.585,1.694
16.902,1.592
17.221,1.663
15.888,1.678
17.467,1.578
16.042,1.551
16.549,1.631
16.996,1.601
16.990,1.683
16.176,1.571
16.537,1.542
16.643,1.721
17.359,1.740
15.980,1.740
16.862,1.668
16.555,1.668
16.814,1.644
16.833,1.748
17.299,1.723
15.856,1.658
17.410,1.578
15.875,1.619
16.788,1.631
16.555,1.729
16.649,1.695
16.615,1.678
16.946,1.669
16.549,1.669
17.449,1.683
15.854,1.740
17.286,1.693
16.247,1.693
18.249,1.699
15.013,1.699
16.733,1.698
16.800,1.661
16.566,1.793
17.430,1.757
16.073,1.589
16.671,1.686
16.934,1.686
16.238,1.675
16.664,1.645
16.835,1.777
17.332,1.670
15.930,1.575
17.259,1.519
16.093,1.693
16.823,1.654
16.578,1.775
16.613,1.628
16.711,1.747
16.594,1.715
17.411,1.589
15.972,1.656
16.727,1.720
17.405,1.644
15.989,1.719
16.694,1.652
16.609,1.755
17.414,1.643
15.970,1.667
16.914,1.602
16.482,1.671
17.347,1.674
16.020,1.655
16.838,1.763
16.506,1.763
16.824,1.665
16.515,1.693
16.851,1.660
16.676,1.773
17.015,1.616
16.147,1.547
16.747,1.653
17.436,1.636
15.786,1.586
16.807,1.682
17.167,1.670
16.165,1.714
17.155,1.724
16.241,1.724
17.444,1.587
16.575,1.575
15.941,1.516
16.697,1.661
17.384,1.605
15.983,1.720
17.111,1.714
16.245,1.714
16.645,1.669
17.419,1.586
17.169,1.719
16.332,1.811
15.873,1.736
16.908,1.644
17.266,1.803
16.608,1.748
15.887,1.621
16.799,1.753
17.297,1.727
15.887,1.643
17.455,1.723
16.029,1.723
17.304,1.608
16.006,1.710
16.714,1.674
16.661,1.674
16.829,1.598
16.517,1.538
16.847,1.680
16.541,1.727
17.350,1.549
15.993,1.686
16.670,1.588
16.702,1.599
16.592,1.708
16.761,1.664
16.621,1.603
16.631,1.704
16.673,1.598
17.088,1.742
17.022,1.722
15.951,1.673
16.710,1.724
16.848,1.610
17.190,1.702
16.069,1.684
16.712,1.743
16.617,1.743
17.371,1.685
16.026,1.685
16.643,1.689
16.674,1.743
16.664,1.740
16.718,1.618
17.343,1.634
16.238,1.682
17.297,1.565
15.850,1.570
17.330,1.657
16.007,1.569
16.641,1.716
16.764,1.716
17.298,1.652
16.040,1.695
16.847,1.609
16.517,1.680
17.312,1.633
16.013,1.648
16.700,1.682
16.680,1.682
16.574,1.689
18.611,1.620
14.876,1.620
16.657,1.748
17.440,1.830
15.935,1.665
16.621,1.759
16.948,1.759
17.138,1.718
15.882,1.644
16.980,1.623
17.210,1.717
15.939,1.655
16.754,1.695
17.373,1.695
15.911,1.681
16.660,1.609
16.759,1.710
16.840,1.615
16.461,1.537
16.825,1.661
16.519,1.764
16.905,1.641
16.514,1.751
17.220,1.587
16.115,1.708
16.630,1.625
16.767,1.603
17.437,1.654
15.850,1.694
16.739,1.724
16.668,1.724
17.488,1.624
15.877,1.564
16.628,1.623
16.729,1.761
16.664,1.756
17.406,1.564
15.916,1.602
16.765,1.637
16.501,1.637
16.817,1.615
16.686,1.650
16.542,1.722
16.842,1.729
16.675,1.722
17.412,1.655
15.892,1.689
16.646,1.635
16.740,1.738
16.641,1.642
16.782,1.705
16.543,1.717
17.455,1.720
15.844,1.687
16.910,1.547
16.552,1.547
16.730,1.646
16.761,1.656
16.601,1.631
16.687,1.702
19.305,1.663
13.964,1.663
17.139,1.658
16.910,1.842
16.066,1.633
16.833,1.641
16.507,1.780
16.515,1.652
16.946,1.626
17.028,1.752
16.229,1.638
17.378,1.568
15.901,1.556
17.429,1.618
15.978,1.671
16.648,1.595
16.778,1.670
17.377,1.675
15.933,1.679
17.347,1.724
16.024,1.724
16.628,1.580
17.517,1.555
15.863,1.642
16.721,1.713
17.398,1.713
15.929,1.698
16.775,1.731
16.822,1.731
17.159,1.647
16.032,1.692
16.801,1.675
16.554,1.535
17.374,1.623
15.942,1.739
16.670,1.643
16.777,1.642
16.687,1.660
16.547,1.641
16.644,1.656
16.870,1.638
16.432,1.695
17.102,1.673
17.133,1.668
15.980,1.646
17.235,1.610
16.018,1.561
16.818,1.678
16.776,1.750
17.307,1.692
15.918,1.667
17.371,1.652
15.985,1.572
16.629,1.648
16.730,1.619
16.609,1.608
16.717,1.615
17.370,1.625
15.960,1.625
16.617,1.501
16.771,1.743
19.078,1.735
14.199,1.735
17.524,1.660
15.962,1.660
16.671,1.618
16.843,1.772
17.336,1.684
15.841,1.684
17.368,1.687
15.972,1.687
17.406,1.640
15.974,1.630
16.714,1.705
17.451,1.740
15.829,1.700
16.757,1.704
16.802,1.755
17.304,1.655
15.789,1.647
16.820,1.538
16.612,1.531
16.748,1.704
16.620,1.727
16.773,1.688
17.395,1.688
15.714,1.700
16.846,1.719
16.562,1.751
16.746,1.758
16.798,1.735
17.168,1.694
15.981,1.681
16.783,1.675
16.834,1.725
16.475,1.692
16.886,1.690
16.468,1.671
16.908,1.559
16.685,1.675
16.600,1.717
17.202,1.620
16.111,1.707
16.696,1.718
16.604,1.718
17.373,1.754
16.113,1.751
17.413,1.622
15.876,1.546
17.221,1.729
16.151,1.729
16.805,1.612
16.554,1.574
16.596,1.602
16.834,1.679
17.569,1.571
15.715,1.639
17.281,1.709
16.052,1.709
16.901,1.563
17.359,1.706
18.186,1.582
14.276,1.709
16.700,1.727
16.699,1.784
16.579,1.709
16.778,1.685
17.297,1.644
16.057,1.661
17.208,1.727
16.161,1.727
16.817,1.664
16.534,1.749
17.321,1.644
16.013,1.721
16.645,1.692
16.923,1.692
16.952,1.752
16.108,1.722
16.781,1.557
16.561,1.790
16.738,1.763
16.655,1.672
17.217,1.730
16.180,1.657
16.680,1.541
16.746,1.557
16.594,1.503
16.745,1.539
16.545,1.596
16.693,1.585
17.266,1.654
16.101,1.694
16.685,1.596
16.754,1.562
16.626,1.647
16.678,1.689
17.241,1.624
16.091,1.657
17.296,1.647
16.262,1.703
17.051,1.680
16.117,1.670
16.843,1.651
16.535,1.570
17.304,1.665
16.017,1.617
16.663,1.664
16.733,1.711
16.661,1.609
16.698,1.624
16.664,1.687
16.735,1.689
17.250,1.627
16.082,1.714
17.111,1.732
16.248,1.603
17.194,1.671
16.111,1.668
17.272,1.710
16.203,1.706
17.381,1.718
17.202,1.700
15.367,1.779
16.656,1.713
16.767,1.680
16.644,1.791
16.686,1.659
16.642,1.643
16.639,1.629
16.721,1.731
16.692,1.579
16.641,1.700
16.669,1.711
16.762,1.727
17.255,1.779
16.300,1.710
16.461,1.682
16.764,1.664
16.586,1.623
16.767,1.638
17.266,1.680
15.999,1.639
17.288,1.693
16.044,1.625
16.707,1.690
16.699,1.694
16.870,1.675
16.479,1.700
16.744,1.729
16.601,1.727
16.648,1.632
16.737,1.663
16.601,1.682
16.792,1.625
16.752,1.694
16.609,1.687
17.229,1.670
16.100,1.601
16.672,1.697
16.669,1.616
16.748,1.649
16.644,1.687
16.635,1.659
16.721,1.706
17.283,1.686
16.090,1.701
16.748,1.606
16.544,1.684
17.265,1.612
16.091,1.596
17.275,1.620
16.062,1.646
16.713,1.650
16.689,1.728
16.631,1.620
16.754,1.629
16.743,1.620
16.572,1.685
17.373,1.689
16.092,1.678
17.411,1.759
17.936,1.665
14.607,1.693
16.684,1.673
16.686,1.631
16.659,1.700
17.276,1.643
16.050,1.621
17.331,1.646
16.116,1.628
16.695,1.678
16.625,1.634
17.280,1.617
16.040,1.590
17.398,1.588
15.991,1.670
17.263,1.653
16.152,1.635
17.257,1.650
16.103,1.662
17.250,1.643
16.030,1.601
16.705,1.683
16.693,1.720
17.277,1.687
16.103,1.618
16.669,1.658
16.729,1.671
16.632,1.626
16.717,1.681
17.202,1.594
16.213,1.620
16.645,1.623
16.656,1.612
17.212,1.608
16.171,1.601
17.091,1.619
16.218,1.637
16.653,1.636
16.700,1.689
16.687,1.689
16.671,1.823
16.685,1.637
16.649,1.645
16.682,1.647
16.748,1.684
16.726,1.733
16.670,1.577
16.590,1.635
16.690,1.688
17.234,1.636
16.090,1.664
17.297,1.679
16.063,1.694
17.316,1.635
16.057,1.684
16.661,1.609
16.730,1.660
17.264,1.675
16.158,1.675
17.289,1.725
18.006,1.703
14.664,1.763
16.655,1.828
16.785,1.667
16.697,1.676
17.197,1.691
16.042,1.654
16.821,1.665
16.582,1.608
16.897,1.642
16.427,1.525
16.673,1.683
16.677,1.626
16.672,1.671
16.689,1.631
17.290,1.620
16.085,1.641
16.801,1.671
16.557,1.681
17.313,1.723
16.022,1.652
17.287,1.617
16.071,1.622
16.673,1.600
16.733,1.714
17.176,1.631
16.130,1.654
16.646,1.653
16.769,1.693
17.208,1.621
16.113,1.628
16.688,1.689
16.696,1.728
17.265,1.662
16.064,1.638
16.754,1.652
16.645,1.695
17.231,1.634
16.186,1.652
16.555,1.651
16.729,1.723
17.388,1.642
15.977,1.651
16.663,1.698
16.716,1.728
17.286,1.572
16.068,1.643
16.603,1.631
16.759,1.681
16.808,1.614
16.504,1.680
17.290,1.593
16.100,1.635
17.341,1.619
16.020,1.513
16.629,1.652
17.478,1.668
16.570,1.620
16.137,1.713
17.372,1.726
17.011,1.707
15.499,1.696
16.752,1.730
16.615,1.710
16.765,1.659
17.253,1.623
16.799,1.637
15.927,1.636
16.778,1.632
17.147,1.611
16.237,1.634
17.194,1.656
16.038,1.684
17.267,1.640
16.107,1.673
16.672,1.672
16.688,1.688
16.819,1.660
16.601,1.659
17.272,1.669
15.992,1.647
16.697,1.626
16.702,1.663
16.643,1.674
16.717,1.630
17.223,1.629
16.147,1.602
16.702,1.593
16.692,1.727
16.764,1.679
16.619,1.675
16.583,1.657
16.902,1.729
16.476,1.744
16.742,1.683
16.622,1.661
17.564,1.718
15.768,1.609
16.737,1.666
17.264,1.664
16.031,1.639
17.250,1.643
16.145,1.661
16.668,1.683
16.727,1.687
16.660,1.603
16.660,1.659
17.279,1.632
16.057,1.606
17.257,1.602
16.153,1.668
16.696,1.607
16.647,1.673
17.215,1.691
16.168,1.646
16.719,1.668
17.317,1.827
16.012,1.704
16.691,1.825
17.283,1.688
16.145,1.703
17.963,1.644
15.252,1.646
17.312,1.663
16.154,1.601
17.194,1.639
16.098,1.705
17.327,1.667
16.054,1.609
16.661,1.643
16.712,1.637
17.195,1.729
16.284,1.581
17.097,1.631
16.106,1.605
16.863,1.655
16.499,1.659
17.289,1.615
16.050,1.670
17.368,1.638
16.020,1.621
16.664,1.629
16.692,1.681
17.250,1.628
16.086,1.619
16.644,1.668
16.725,1.667
16.802,1.684
16.634,1.695
17.139,1.665
16.281,1.641
16.596,1.668
16.815,1.674
16.481,1.687
16.907,1.638
16.505,1.656
16.652,1.672
16.667,1.692
16.734,1.653
17.206,1.609
16.112,1.670
16.632,1.645
16.751,1.609
16.722,1.620
16.668,1.623
17.167,1.648
16.165,1.642
17.270,1.639
16.873,1.630
16.368,1.645
16.192,1.644
16.727,1.659
16.794,1.551
17.091,1.651
16.097,1.620
16.635,1.681
16.757,1.811
17.512,1.649
16.588,1.744
15.982,1.689
16.635,1.733
17.942,1.702
15.392,1.650
16.696,1.664
16.696,1.650
17.261,1.635
16.008,1.664
17.384,1.609
16.012,1.614
16.609,1.666
16.798,1.668
16.608,1.633
16.761,1.625
16.644,1.627
16.649,1.644
16.771,1.665
16.596,1.563
16.607,1.686
16.823,1.754
17.224,1.662
16.099,1.805
16.624,1.673
16.712,1.711
16.684,1.652
16.677,1.660
16.710,1.660
16.647,1.640
17.310,1.684
16.082,1.709
17.231,1.664
16.057,1.651
16.682,1.589
16.731,1.585
17.436,1.656
15.934,1.716
16.632,1.671
16.707,1.681
16.660,1.726
16.715,1.733
16.697,1.603
16.603,1.643
16.662,1.654
16.690,1.665
17.335,1.614
16.037,1.687
17.394,1.624
15.951,1.626
17.378,1.722
16.009,1.623
17.281,1.599
16.112,1.649
16.636,1.626
16.682,1.641
16.640,1.632
16.867,1.647
16.480,1.696
16.844,1.889
17.389,1.729
16.068,1.701
16.691,1.727
16.505,1.750
17.877,1.642
15.432,1.584
16.677,1.645
16.780,1.676
16.620,1.580
16.664,1.612
17.269,1.639
16.090,1.604
17.172,1.695
16.176,1.618
16.862,1.642
16.523,1.704
17.249,1.651
16.091,1.618
16.737,1.631
16.600,1.687
16.696,1.660
16.708,1.695
17.214,1.621
16.222,1.694
16.521,1.635
16.742,1.712
16.740,1.662
16.628,1.622
17.330,1.647
16.072,1.649
17.287,1.650
16.026,1.673
17.290,1.664
16.083,1.592
16.620,1.750
16.720,1.647
16.668,1.642
16.824,1.599
17.308,1.635
15.916,1.602
17.299,1.675
16.042,1.626
17.351,1.611
16.076,1.618
16.646,1.660
16.701,1.722
17.219,1.693
16.104,1.656
16.741,1.654
16.634,1.648
16.688,1.604
16.692,1.615
16.640,1.714
16.680,1.617
16.748,1.636
16.652,1.656
16.814,1.581
16.538,1.585
16.676,1.727
16.777,1.713
16.659,1.718
16.694,1.736
17.224,1.679
15.990,1.630
17.865,1.660
15.517,1.599
16.725,1.641
16.674,1.586
16.694,1.606
16.680,1.641
17.234,1.578
16.078,1.578
16.636,1.541
16.731,1.514
16.651,1.495
16.751,1.593
16.653,1.699
16.632,1.634
16.721,1.717
16.673,1.619
16.696,1.656
16.646,1.660
16.745,1.699
16.623,1.711
17.262,1.651
16.194,1.645
16.556,1.640
16.703,1.696
17.331,1.642
16.102,1.647
16.593,1.721
16.744,1.681
16.616,1.663
16.734,1.602
16.629,1.680
16.758,1.629
16.625,1.641
16.704,1.637
17.202,1.677
16.192,1.588
17.280,1.640
16.002,1.670
16.703,1.670
17.563,1.721
15.848,1.589
16.687,1.644
16.586,1.670
16.679,1.650
16.716,1.564
16.667,1.668
16.693,1.660
16.654,1.629
17.232,1.636
16.147,1.591
16.701,1.640
16.655,1.656
16.650,1.639
16.715,1.592
16.735,1.714
16.681,1.715
16.709,1.663
16.700,1.724
16.543,1.702
16.729,1.591
18.666,1.656
14.612,1.572
16.722,1.628
16.710,1.588
16.646,1.602
16.736,1.695
16.592,1.648
16.722,1.679
16.696,1.642
16.666,1.564
16.658,1.655
16.714,1.680
17.250,1.590
16.115,1.693
16.717,1.697
16.654,1.648
17.126,1.646
17.046,1.660
15.876,1.596
16.681,1.630
16.589,1.631
16.750,1.698
17.224,1.635
16.144,1.642
17.332,1.650
15.986,1.691
16.713,1.591
16.670,1.652
16.655,1.638
16.699,1.688
16.655,1.685
16.781,1.657
17.210,1.643
16.298,1.599
16.465,1.531
16.664,1.603
16.706,1.704
16.622,1.643
16.735,1.673
16.699,1.632
16.622,1.613
16.714,1.591
16.653,1.694
16.725,1.614
17.794,1.581
15.630,1.602
16.604,1.560
16.628,1.608
16.665,1.624
16.717,1.608
16.683,1.637
16.806,1.603
16.998,1.634
16.256,1.627
17.274,1.559
16.199,1.542
17.130,1.607
16.435,1.596
16.449,1.583
16.629,1.547
18.077,1.519
15.275,1.491
16.646,1.500
16.668,1.515
21.025,1.471
16.570,1.491
16.688,1.628
16.638,1.517
20.947,1.504
16.725,1.499
20.782,1.556
16.628,1.496
35.954,1.476
16.658,1.476
18.362,1.635
20.845,1.570
16.758,1.568
20.693,1.512
20.874,1.519
16.658,1.501
35.927,1.474
16.634,1.474
22.676,1.445
12.675,1.498
24.709,1.571
16.690,1.509
16.634,1.603
20.935,1.476
20.785,1.505
17.187,1.490
20.364,1.512
20.791,1.519
16.652,1.523
20.917,1.545
20.823,1.487
16.495,1.604
21.029,1.602
25.026,1.515
12.372,1.468
25.154,1.520
16.749,1.476
16.625,1.491
20.903,1.565
20.836,1.605
16.596,1.533
20.931,1.500
20.881,1.502
16.553,1.644
16.728,1.652
17.028,1.669
16.495,1.591
16.608,1.697
18.758,1.670
14.585,1.670
16.878,1.522
16.453,1.522
16.608,1.754
17.411,1.644
16.001,1.644
16.674,1.693
17.654,1.745
16.632,1.745
15.704,1.734
16.831,1.571
17.553,1.571
15.685,1.757
17.395,1.731
16.019,1.731
17.134,1.744
16.235,1.744
16.704,1.681
16.696,1.619
16.763,1.619
16.604,1.727
17.266,1.774
16.001,1.742
16.666,1.641
16.839,1.547
16.563,1.547
16.752,1.559
17.417,1.678
15.876,1.678
17.308,1.586
16.031,1.586
16.771,1.685
17.329,1.758
16.379,1.758
16.027,1.605
17.508,1.573
16.084,1.573
17.191,1.670
16.807,1.666
15.989,1.666
16.779,1.558
17.260,1.558
15.965,1.746
17.376,1.747
16.066,1.747
17.532,1.615
15.804,1.615
17.350,1.574
16.027,1.574
17.220,1.572
16.050,1.572
17.137,1.579
16.341,1.579
17.427,1.640
15.950,1.640
17.399,1.681
15.961,1.681
17.171,1.720
16.192,1.769
18.706,1.700
14.582,1.700
17.330,1.568
16.050,1.568
17.181,1.546
16.057,1.546
16.862,1.737
16.639,1.737
17.479,1.661
15.866,1.826
17.359,1.607
16.605,1.607
16.010,1.633
16.851,1.571
17.295,1.571
16.135,1.717
17.358,1.594
15.832,1.680
16.828,1.650
16.505,1.801
16.698,1.723
16.690,1.641
17.471,1.641
16.505,1.709
16.149,1.709
16.700,1.580
17.080,1.580
16.374,1.749
16.440,1.770
16.715,1.695
16.835,1.733
16.562,1.733
17.199,1.715
16.178,1.715
16.677,1.692
16.612,1.692
16.721,1.720
16.640,1.714
17.523,1.842
16.761,1.842
15.829,1.702
17.274,1.718
15.945,1.718
17.433,1.704
15.944,1.704
16.839,1.550
17.468,1.550
15.877,1.684
16.802,1.653
16.457,1.733
16.687,1.709
16.769,1.578
17.218,1.578
16.103,1.805
17.455,1.726
15.922,1.726
17.463,1.689
15.924,1.689
16.517,1.723
16.849,1.723
18.396,1.577
