# renderer=realitykit triangles=278817 drawCalls=108 meshBytes=33418916 build=2.07s light=golden→noon 0.00, sun 6.0° az 253.3°  screen=1179x2556
seconds,fps,frame_ms_avg,frame_ms_max,pct_over_16_9,gpu_ms_avg,memory_mb,thermal,battery
1,1.7,468.78,935.83,50.00,0.00,319,nominal,1.00
2,34.4,29.09,232.81,88.57,1.40,416,nominal,1.00
3,57.8,17.27,29.15,36.21,1.56,416,nominal,1.00
4,60.0,16.68,17.74,31.67,1.65,410,nominal,1.00
5,59.9,16.68,17.58,26.67,1.67,404,nominal,1.00
6,60.0,16.67,17.56,29.51,1.65,404,nominal,1.00
7,60.0,16.68,18.22,23.33,1.64,405,nominal,1.00
8,59.9,16.68,19.20,26.23,1.63,405,nominal,1.00
9,60.0,16.68,17.70,25.00,1.64,405,nominal,1.00
10,59.9,16.69,17.80,23.33,1.63,406,nominal,1.00
11,60.0,16.68,18.06,28.33,1.65,406,nominal,1.00
12,59.9,16.68,17.54,36.67,1.62,406,nominal,1.00
13,60.0,16.67,17.43,23.33,1.64,406,nominal,1.00
14,59.9,16.69,17.69,26.67,1.64,406,nominal,1.00
15,59.9,16.68,17.56,33.33,1.65,406,nominal,1.00
16,60.0,16.67,17.56,31.67,1.65,406,nominal,1.00
17,60.0,16.68,18.08,23.33,1.66,406,nominal,1.00
18,59.9,16.68,18.08,25.00,1.65,406,nominal,1.00
19,59.9,16.69,17.76,21.67,1.66,406,nominal,1.00
20,60.0,16.68,17.48,30.00,1.66,406,nominal,1.00
21,59.9,16.68,17.54,33.33,1.66,406,nominal,1.00
22,60.0,16.68,17.73,28.33,1.65,406,nominal,1.00
23,60.0,16.67,17.57,26.67,1.65,406,nominal,1.00
24,59.9,16.68,17.72,26.67,1.65,406,nominal,1.00
25,59.9,16.69,17.77,26.67,1.65,406,nominal,1.00
26,60.0,16.66,17.44,29.51,1.65,406,nominal,1.00
27,59.9,16.68,18.03,15.00,1.66,406,nominal,1.00
28,60.0,16.68,17.99,31.67,1.65,406,nominal,1.00
29,59.9,16.68,19.29,30.00,1.65,406,nominal,1.00
30,59.9,16.68,19.32,28.33,1.65,406,nominal,1.00
31,59.9,16.69,18.61,34.43,1.65,406,nominal,1.00
32,60.0,16.68,17.78,41.67,1.66,406,nominal,1.00
33,59.9,16.68,17.50,40.00,1.65,406,nominal,1.00
34,60.0,16.67,17.50,23.33,1.64,406,nominal,1.00
35,59.9,16.69,18.23,25.00,1.65,406,nominal,1.00
36,60.0,16.67,17.56,30.00,1.66,406,nominal,1.00
37,59.9,16.69,18.11,30.00,1.64,407,nominal,1.00
38,59.9,16.68,20.17,30.00,1.63,407,fair,1.00
39,60.0,16.67,18.08,24.59,1.66,406,fair,1.00
40,60.0,16.68,19.01,26.67,1.65,406,fair,1.00
41,60.0,16.68,18.59,26.67,1.66,406,fair,1.00
42,60.0,16.68,18.44,31.67,1.66,406,fair,1.00
43,59.9,16.69,18.25,30.00,1.67,404,fair,1.00
44,60.1,16.67,17.45,26.23,1.67,406,fair,1.00
45,59.9,16.68,18.61,25.00,1.67,404,fair,1.00
46,60.0,16.68,19.31,31.15,1.66,407,fair,1.00
47,59.8,16.69,19.08,30.00,1.68,407,fair,1.00
48,59.9,16.68,18.19,27.87,1.66,407,fair,1.00
49,60.0,16.68,17.41,16.67,1.67,406,fair,1.00
50,60.0,16.68,17.94,28.33,1.65,407,fair,1.00
51,59.9,16.68,18.01,25.00,1.66,406,fair,1.00
52,60.0,16.67,17.56,26.23,1.67,407,fair,1.00
53,60.0,16.68,17.96,26.67,1.65,407,fair,1.00
54,60.0,16.68,17.94,20.00,1.67,407,fair,1.00
55,60.0,16.68,17.88,21.67,1.65,407,fair,1.00
56,59.9,16.68,17.86,13.33,1.64,407,fair,1.00
57,60.0,16.68,18.67,18.33,1.63,407,fair,1.00
58,51.9,19.25,35.95,51.92,1.53,407,fair,1.00
59,60.0,16.68,18.76,35.00,1.66,407,fair,1.00
60,59.9,16.71,18.71,29.51,1.68,404,fair,1.00
