id,source,country,coverage,accuracy,vintage,height_method_definition,licence,commercial_use,redistribution,derived_rights,metro_processing_cost,observation_label,source_url,licence_url,method_or_metadata_url,verification_status,checked_date,unverified_items
OVERTURE,Overture Buildings,Global including target countries,Global footprints; optional height completeness unverified,Mixed upstream; no height error guarantee,Monthly; 2026-09-23.1,Source height convention requires ingest audit; see sources.md,ODbL,Yes with obligations,Adapted database obligations apply,Adapted database obligations apply,UNBENCHMARKED estimate: 1–8 vCPUh/1M buildings vector subset and scalar extraction; staff/storage/transfer extra,Mixed/unknown,https://docs.overturemaps.org/guides/buildings/,https://docs.overturemaps.org/attribution/,https://docs.overturemaps.org/schema/reference/buildings/building/,Primary docs checked; specific gaps marked unverified,2026-10-07,Metro completeness; building-height error/calibration; actual compute cost; acquisition metadata; package exceptions unless explicitly established in sources.md
MICROSOFT,Microsoft GlobalMLBuildingFootprints,Global; partial North America/Western Europe heights,Global footprint tiles; partial North America/Western Europe heights,Height RMSE unverified; confidence only footprints,2026-08-13 release; imagery varies to 2025,Neural image model mean over polygon; -1 missing; footprint confidence not height confidence,CDLA Permissive 2.0,Yes,Data sharing includes license; results unrestricted by section 3,Data sharing includes license; results unrestricted by section 3,UNBENCHMARKED estimate: 1–8 vCPUh/1M buildings vector subset and scalar extraction; staff/storage/transfer extra,inferred_imagery_ml,https://github.com/microsoft/GlobalMLBuildingFootprints,https://cdla.dev/permissive-2-0/,https://cdla.dev/permissive-2-0/,Primary docs checked; specific gaps marked unverified,2026-10-07,Metro completeness; building-height error/calibration; actual compute cost; acquisition metadata; package exceptions unless explicitly established in sources.md
GOOGLE,Google Open Buildings Temporal V1,Global South; Caribbean territories need extent check,"Africa, South/Southeast Asia, Latin America, Caribbean; not default mainland US/CA/NL/UK/JP; PR/USVI extent applicability unverified",Effective 4 m; country height error unverified,2016–2023 annual,ML predicted building-height raster; effective 4m not stored 0.5m resolution,CC BY 4.0 or ODbL,Yes via selected license,CC BY attribution/changes; ODbL obligations if chosen,CC BY attribution/changes; ODbL obligations if chosen,UNBENCHMARKED estimate: 4–30 vCPUh/1000km2 raster zonal processing; not a mainland target-country source,inferred_imagery_ml,https://developers.google.cn/earth-engine/datasets/catalog/GOOGLE_Research_open-buildings-temporal_v1?hl=en,https://sites.research.google/gr/open-buildings/,https://sites.research.google/gr/open-buildings/,Primary docs checked; specific gaps marked unverified,2026-10-07,Metro completeness; building-height error/calibration; actual compute cost; acquisition metadata; package exceptions unless explicitly established in sources.md
3DBAG,Netherlands 3DBAG,NL,National BAG buildings; gaps/failures flagged,Reconstruction QA available; AHN precision not model error,v2025.09.03; AHN3/4/5 per tile,Absolute RD/NAP roof part elevations minus b3_h_maaiveld (ground p05 in 4m surroundings); LoD1 roof p70 extrusion; preserve other roof stats,CC BY 4.0,Yes,Redistribution/adaptation with attribution and changes,Redistribution/adaptation with attribution and changes,UNBENCHMARKED estimate: 1–8 vCPUh/1M buildings vector subset and scalar extraction; staff/storage/transfer extra,observed_lidar_derived,https://3dbag.nl/download,https://docs.3dbag.nl/nl/copyright/,https://docs.3dbag.nl/nl/overview/release_notes/,Primary docs checked; specific gaps marked unverified,2026-10-07,Metro completeness; building-height error/calibration; actual compute cost; acquisition metadata; package exceptions unless explicitly established in sources.md
ODB,Canada StatCan ODB,CA,14.4M footprints v3; optional supplied height,Source-specific; no national height accuracy,April 2025 release; upstream vintage varies,Source height convention requires ingest audit; see sources.md,OGL Canada,Yes,Commercial copy/adapt/distribute with attribution/exceptions,Commercial copy/adapt/distribute with attribution/exceptions,UNBENCHMARKED estimate: 1–8 vCPUh/1M buildings vector subset and scalar extraction; staff/storage/transfer extra,source_reported_unknown,https://www150.statcan.gc.ca/n1/pub/34-26-0001/2018001/metadata-eng.htm,https://open.canada.ca/en/open-government-licence-canada,https://open.canada.ca/en/frequently-asked-questions,Primary docs checked; specific gaps marked unverified,2026-10-07,Metro completeness; building-height error/calibration; actual compute cost; acquisition metadata; package exceptions unless explicitly established in sources.md
VANCOUVER,Vancouver 2009 building footprints,CA,City only; components/heights,LiDAR derived; height error unverified,2009 capture,Source height convention requires ingest audit; see sources.md,OGL Vancouver,Yes,Copy/adapt/distribute with attribution/exceptions,Copy/adapt/distribute with attribution/exceptions,UNBENCHMARKED estimate: 1–8 vCPUh/1M buildings vector subset and scalar extraction; staff/storage/transfer extra,observed_lidar_derived,https://opendata.vancouver.ca/explore/dataset/building-footprints-2009/,https://opendata.vancouver.ca/pages/licence/,https://opendata.vancouver.ca/pages/licence/,Primary docs checked; specific gaps marked unverified,2026-10-07,Metro completeness; building-height error/calibration; actual compute cost; acquisition metadata; package exceptions unless explicitly established in sources.md
PLATEAU,Japan PLATEAU,JP,306 listed locations 2026-05-11; not nationwide,City/LOD-specific; numeric error unverified,Package/capture-specific,Source height convention requires ingest audit; see sources.md,CC BY/government terms/ODC BY/ODbL per package,Yes generally; package check,Redistribute/adapt with credits and exact terms; Survey Act check,Redistribute/adapt with credits and exact terms; Survey Act check,UNBENCHMARKED estimate: 4–30 vCPUh/1M buildings CityGML parse/extract; staff/storage/transfer extra,source_reported_unknown until method established,https://www.mlit.go.jp/plateau/open-data/,https://www.mlit.go.jp/plateau/site-policy/,https://www.mlit.go.jp/plateau/site-policy/,Primary docs checked; specific gaps marked unverified,2026-10-07,Metro completeness; building-height error/calibration; actual compute cost; acquisition metadata; package exceptions unless explicitly established in sources.md
OS,UK OS MasterMap/NGD building heights,UK-GB,GB access; NI separate; complete height coverage unverified,Official product; quantitative error unverified,Quarterly catalog; observation vintage per product,Source height convention requires ingest audit; see sources.md,Commercial contract; not verified open,Negotiated,Redistribution/derivation rights unverified; contract required,Redistribution/derivation rights unverified; contract required,UNBENCHMARKED estimate: 1–8 vCPUh/1M buildings vector subset and scalar extraction; staff/storage/transfer extra,source_reported_unknown,https://docs.os.uk/osngd,https://docs.os.uk/osngd,https://www.data.gov.uk/dataset/7624f5d0-899e-4f38-93a6-22f6b915befe/os-mastermap-building-height-attribute,Primary docs checked; specific gaps marked unverified,2026-10-07,Metro completeness; building-height error/calibration; actual compute cost; acquisition metadata; package exceptions unless explicitly established in sources.md
NYC,NYC BUILDING municipal height,US-NYC,NYC only; roof height + ground,Controlled imagery/plans; error unverified,2026-09 portal update; observation date varies,Source height convention requires ingest audit; see sources.md,NYC portal terms; exact exceptions unverified,Public resource generally; verify terms,Exact redistribution/derived rights unverified in pass,Exact redistribution/derived rights unverified in pass,UNBENCHMARKED estimate: 1–8 vCPUh/1M buildings vector subset and scalar extraction; staff/storage/transfer extra,observed_source_reported when method confirmed,https://data.cityofnewyork.us/City-Government/BUILDING/5zhs-2jue,https://www.nyc.gov/assets/doitt/downloads/pdf/nyc_open_data_tsm.pdf,https://github.com/CityOfNewYork/nyc-geo-metadata/blob/main/Metadata/Metadata_BuildingFootprints.md,Primary docs checked; specific gaps marked unverified,2026-10-07,Metro completeness; building-height error/calibration; actual compute cost; acquisition metadata; package exceptions unless explicitly established in sources.md
GBA,GlobalBuildingAtlas,Global,Global ML heights and LoD1,ML; accuracy not investigated for production,2025 publication,Source height convention requires ingest audit; see sources.md,CC BY-NC 4.0 dataset; separate code Commons Clause,NO without separate permission,Noncommercial only; OSM compatibility issue documented,Noncommercial only; OSM compatibility issue documented,UNBENCHMARKED estimate: 1–8 vCPUh/1M buildings vector subset and scalar extraction; staff/storage/transfer extra,inferred_imagery_ml,https://tubvsig-so2sat-vm1.srv.mwn.de/terms_of_use.html,https://tubvsig-so2sat-vm1.srv.mwn.de/terms_of_use.html,https://osmfoundation.org/wiki/Licensing_Working_Group/Minutes/2025-11-10,Primary docs checked; specific gaps marked unverified,2026-10-07,Metro completeness; building-height error/calibration; actual compute cost; acquisition metadata; package exceptions unless explicitly established in sources.md
usgs_3dep,USGS 3DEP lidar and bare-earth DEM,US,National baseline 99% available OR in progress FY2025; includes Alaska IfSAR; metro roof-cloud coverage requires inventory,QL2 point RMSEz 0.10m and >=2 pulses/m2; building height accuracy unverified,Project-specific acquisition windows; not publication date,Roof cloud/derived DSM minus same-survey terrain,Free without use restrictions per USGS; commercial redistribution derivatives supported,Yes under stated provider policy; exact package/external partner exceptions check,Free without use restrictions per USGS; commercial redistribution derivatives supported,Free without use restrictions per USGS; commercial redistribution derivatives supported,Estimated medium/high; 20–200 vCPUh per 1000km2 simple QL2 pipeline; UNVERIFIED,observed_derived/lidar if QC passes,https://www.usgs.gov/3d-elevation-program,https://www.usgs.gov/3d-elevation-program,https://www.usgs.gov/3d-elevation-program,Program license/QL verified; all-metro availability and building error unverified,2026-10-07,Metro completeness; building-height error/calibration; actual compute cost; acquisition metadata; package exceptions unless explicitly established in sources.md
canada_hrdem,NRCan HRDEM DSM/DTM,CA,Regional expanding coverage; no all-metro guarantee,1–2m raster sampling; project accuracy and building error require metadata,Project acquisition window; mosaic mixed vintage,Paired lidar DSM minus DTM; exclude unpaired satellite products,Open Government Licence - Canada (official catalog verified by lead),Yes with OGL terms,Yes with attribution and terms/exclusions,Adaptation/commercial derivatives allowed with OGL terms,Estimated low/medium raster; UNVERIFIED,observed_derived/lidar with project metadata,https://open.canada.ca/data/en/dataset/957782bf-847c-4644-a757-e383c0057995?res_page=1,https://open.canada.ca/en/open-government-licence-canada,https://natural-resources.canada.ca/maps-tools-publications/satellite-elevation-air-photos/national-elevation-data-strategy,Official catalog licence/resolution/datum verified by lead; coverage/roof error unverified,2026-10-07,Metro completeness; building-height error/calibration; actual compute cost; acquisition metadata; package exceptions unless explicitly established in sources.md
canada_lidar,NRCan LiDAR Point Clouds,CA,Regional expanding; launch page nearly 60000km2 is not current audited coverage,Project-specific; height error unverified,Acquisition-specific,Ground-normalized roof point extraction,Open Government Licence; commercial redistribution derivatives with attribution,Yes under stated provider policy; exact package/external partner exceptions check,Open Government Licence; commercial redistribution derivatives with attribution,Open Government Licence; commercial redistribution derivatives with attribution,Estimated medium/high; UNVERIFIED,observed_derived/lidar,https://natural-resources.canada.ca/science-data/science-research/geomatics/new-lidar-point-clouds-product-canada-you-ve-never-seen,https://open.canada.ca/en/open-government-licence-canada,https://natural-resources.canada.ca/science-data/science-research/geomatics/new-lidar-point-clouds-product-canada-you-ve-never-seen,License verified; present coverage unverified,2026-10-07,Metro completeness; building-height error/calibration; actual compute cost; acquisition metadata; package exceptions unless explicitly established in sources.md
ahn_lidar,AHN DTM DSM LAZ,NL,National multi-cycle; latest tile availability inspect,AHN2–4 points <=0.05m stochastic and <=0.05m systematic; building error unverified,AHN3 2014–2019; AHN4 2020–2022; newer cycles tile-specific,Use 3DBAG first; AHN normalized clouds/paired 0.5m rasters for refresh,Official AHN says open without conditions; exact CC0 metadata unverified,Yes under stated provider policy; exact package/external partner exceptions check,Official AHN says open without conditions; exact CC0 metadata unverified,Official AHN says open without conditions; exact CC0 metadata unverified,Estimated low/medium raster; higher roof reconstruction; UNVERIFIED,observed_derived/lidar,https://www.ahn.nl/dataroom,https://www.ahn.nl/over-het-programma-ahn,https://www.ahn.nl/dataroom,Product policy/older point accuracy verified; newest complete coverage/license identifier unverified,2026-10-07,Metro completeness; building-height error/calibration; actual compute cost; acquisition metadata; package exceptions unless explicitly established in sources.md
ea_lidar,Environment Agency Composite DSM/DTM,UK-England,~99% England DSM 1m; not whole UK,Input surveys +/-0.15m RMSE; building height error unverified,2022 composite includes surveys 2000-06-06 to 2022-04-02; inspect survey index,Prefer timestamped paired surveys; DSM-DTM roof statistics,OGL; commercial redistribution derived permitted with EA attribution,Yes under stated provider policy; exact package/external partner exceptions check,OGL; commercial redistribution derived permitted with EA attribution,OGL; commercial redistribution derived permitted with EA attribution,Estimated low/medium raster; UNVERIFIED,observed_derived/lidar,https://www.data.gov.uk/dataset/cf3f1137-c12b-44a1-a835-e80fe4a60b92/lidar-composite-dsm-2022-1m,https://www.nationalarchives.gov.uk/doc/open-government-licence/version/3/,https://www.data.gov.uk/dataset/cf3f1137-c12b-44a1-a835-e80fe4a60b92/lidar-composite-dsm-2022-1m,Coverage/license/input accuracy verified; building error unverified,2026-10-07,Metro completeness; building-height error/calibration; actual compute cost; acquisition metadata; package exceptions unless explicitly established in sources.md
wales_lidar,Welsh Government lidar DSM DTM,UK-Wales,Official NRW says whole Wales 1m; inspect tile gaps,1m sampling; project vertical/building accuracy unverified,2020–2022 plus historic archive,Paired DSM/DTM COG/tile processing,OGL in Data Map Wales; commercial redistribution derived with attribution,Yes under stated provider policy; exact package/external partner exceptions check,OGL in Data Map Wales; commercial redistribution derived with attribution,OGL in Data Map Wales; commercial redistribution derived with attribution,Estimated low/medium raster; UNVERIFIED,observed_derived/lidar,https://datamap.gov.wales/maps/lidar-viewer/,https://datamap.gov.wales/maps/lidar-viewer/,https://datamap.gov.wales/maps/lidar-viewer/,Viewer license/access verified; current coverage QA needed; older NRW download note conflicts,2026-10-07,Metro completeness; building-height error/calibration; actual compute cost; acquisition metadata; package exceptions unless explicitly established in sources.md
gsi_lidar,GSI high precision DEM1A and point clouds,JP,Regional published extents; no national building coverage claim,DEM1A 1m grid; point density/roof classification/error unverified,DEM1A introduced 2023-11; DEM scope expanded 2026-07-31; point-cloud scope expanded 2026-09-30; acquisition dates must inspect,PLATEAU first; regional clouds as future gap fill; DEM alone gives no roof height,UNVERIFIED reuse/redistribution/derived and Survey Act workflow for downloaded cloud,UNVERIFIED for downloaded cloud and Survey Act workflow,UNVERIFIED reuse/redistribution/derived and Survey Act workflow for downloaded cloud,UNVERIFIED reuse/redistribution/derived and Survey Act workflow for downloaded cloud,Estimated medium/high cloud; UNVERIFIED,observed_derived/lidar only after QC/legal verification,https://www.gsi.go.jp/gazochosa/gazochosa41022.html,UNVERIFIED,https://www.gsi.go.jp/gazochosa/gazochosa41022.html,Current publication availability verified; license/density/building accuracy unverified,2026-10-07,Metro completeness; building-height error/calibration; actual compute cost; acquisition metadata; package exceptions unless explicitly established in sources.md
osm_height_levels,OpenStreetMap height / building:levels,Global,"Buildings with volunteered tags; completeness varies, not universal","Unknown per-building; explicit height tag is not proof of measurement; 3 m per level is a renderer fallback, not a measured accuracy",OSM edit timestamp is not measurement date; retain source:height and source survey date if present,Inference/reported tag semantics; see source evidence and README,ODbL 1.0,Allowed with obligations,OSM and derivative databases under ODbL; attribution,Height-enhanced OSM database generally derivative; produced-work requirements apply,"UNVERIFIED planning estimate: 1M tagged footprints parse/convert 1–10 CPU-hours plus I/O, excluding acquisition and spatial joins",explicit tag=reported_unknown unless measurement provenance; levels conversion=inferred_levels,https://wiki.openstreetmap.org/wiki/Key:building:levels,https://osmfoundation.org/wiki/Licence/Licence_and_Legal_FAQ,https://osmfoundation.org/wiki/Licence/Licence_and_Legal_FAQ,Verified tag semantics/licence; actual metro coverage/accuracy/cost unverified,2026-10-07,Metro completeness; building-height error/calibration; actual compute cost; acquisition metadata; package exceptions unless explicitly established in sources.md
urban_form_xgboost,Milojevic-Dupont et al. 2020 urban-form inference,France; Italy; NL; Germany study; method transferable after validation,Predicts where usable footprints/features exist; not a ready guaranteed US dataset,1.47 m MAE averaged four validation areas; held-out Brandenburg 1.72 m; Berlin 2.98 m; tall-building errors worse,2020 publication; outputs inherit input imagery/footprint dates,Inference/reported tag semantics; see source evidence and README,Article CC BY; input datasets retain their own licences; code/output licence must be checked separately,Method can be implemented; input rights required,Input/output licence dependent; paper licence is not data licence,OSM-feature augmentation retains ODbL obligations; independently derived geometry has different analysis,Paper training on full dataset: XGBoost hours on single CPU; current metro cost UNVERIFIED,inferred_ml,https://journals.plos.org/plosone/article?id=10.1371/journal.pone.0242010,https://osmfoundation.org/wiki/Licence/Attribution_Guidelines,https://osmfoundation.org/wiki/Licence/Attribution_Guidelines,Verified research results; deployment rights/performance/cost unverified,2026-10-07,Metro completeness; building-height error/calibration; actual compute cost; acquisition metadata; package exceptions unless explicitly established in sources.md
germany_xgboost_2024,Dabrock et al. 2024 height imputation methodology,Germany study; extrapolation to requested countries unverified,Nationwide mixed measured/reported/derived/imputed workflow; missing heights filled using XGBoost,"ML component 1.78 m MAE national, 1.52–3.47 m by state; mixed final-dataset accuracy must not be quoted as ML accuracy",Published 2024; training raw model data reference years differ,Inference/reported tag semantics; see source evidence and README,Article CC BY 4.0; input/output data licences separate,Method implementable; input rights required,Dataset and code terms require separate verification,Provenance follows original source; imputation does not remove ODbL,"UNVERIFIED planning estimate: feature generation/inference for 1M buildings 10–100 CPU-hours, 16–64 GB RAM; local training/QA extra",inferred_ml for imputed records; preserve reported/observed source labels elsewhere,https://publications.rwth-aachen.de/record/992601/files/992601.pdf,https://creativecommons.org/licenses/by/4.0/,https://creativecommons.org/licenses/by/4.0/,Verified research results; requested-country deployment unverified,2026-10-07,Metro completeness; building-height error/calibration; actual compute cost; acquisition metadata; package exceptions unless explicitly established in sources.md
biljecki_rf_2017,Biljecki et al. 2017 cadastral / footprint inference,NL study,"Rotterdam/Leeuwarden; data-rich attribute scenarios, not universal heights",Best scenario MAE 0.8 m; cannot claim footprint-only model universally achieves 0.8 m,2017 paper; output inherits cadastral vintage,Inference/reported tag semantics; see source evidence and README,Author manuscript CC BY-NC-ND; method is a research description; dataset/input/code licences separate,Do not redistribute manuscript commercially under NC terms; independent method implementation requires usable data rights,Input/output terms require separate review,Source-dependent,UNVERIFIED planning estimate: archetype/levels baseline 1–10 CPU-hours per 1M rows; feature joins dominate,inferred_ml or inferred_archetype,https://3d.bk.tudelft.nl/news/2017/01/17/inferring-heights-ceus-paper.html,https://filipbiljecki.com/publications/2017_ceus_inferring_heights.pdf,https://filipbiljecki.com/publications/2017_ceus_inferring_heights.pdf,Verified research result; input/code/output rights and transfer performance unverified,2026-10-07,Metro completeness; building-height error/calibration; actual compute cost; acquisition metadata; package exceptions unless explicitly established in sources.md
scotland_lidar,Scottish Remote Sensing Portal,UK-Scotland,Public-sector lidar tiles; national and metro coverage unverified,UNVERIFIED local height error; resolution/spec is not building error,Per survey/input; unverified until metadata audit,Inspect paired DSM/DTM or normalized clouds by tile,OGL v3 unless otherwise stated; per-package exception check,Yes under OGL terms unless exception,OGL terms and attribution unless exception,OGL derivatives allowed unless exception,UNBENCHMARKED: paired raster 4–30 vCPUh/1000km2; cloud 20–200 vCPUh at QL2-like density; not a provider benchmark,measured_derived_lidar only after QA,https://remotesensingdata.gov.scot/about,https://remotesensingdata.gov.scot/about,https://remotesensingdata.gov.scot/about,Portal policy verified; coverage/error/cost unverified,2026-10-07,"Exact tile/metro coverage, observation vintage, local roof error, exceptions, actual cost"
ni_lidar,Northern Ireland lidar project inventory,UK-NI,Partial project archive candidate; all-metro coverage UNVERIFIED,UNVERIFIED local height error; resolution/spec is not building error,Per survey/input; unverified until metadata audit,Candidate LAS surveys only; footprint and ground coverage audit needed,UNVERIFIED per project; no blanket redistribution permission established,UNVERIFIED exact inputs/package rights,Input/package dependent; UNVERIFIED,Input-dependent; no rights laundering through inference,UNBENCHMARKED: paired raster 4–30 vCPUh/1000km2; cloud 20–200 vCPUh at QL2-like density; not a provider benchmark,measured_derived_lidar only after QA,https://admin.opendatani.gov.uk/tl/dataset/?_res_format_limit=0&res_format=LAS,https://admin.opendatani.gov.uk/tl/dataset/?_res_format_limit=0&res_format=LAS,https://admin.opendatani.gov.uk/tl/dataset/?_res_format_limit=0&res_format=LAS,Candidate/proposed method; indicated items UNVERIFIED,2026-10-07,"Exact tile/metro coverage, observation vintage, local roof error, exceptions, actual cost"
archetype_prior,WorldEngine proposed levels/vintage/archetype fallback,All five target countries,Any footprint with usable evidence; no universal error guarantee,UNVERIFIED local height error; resolution/spec is not building error,Per survey/input; unverified until metadata audit,Country/use/era/roof-conditioned floor-height and roof-allowance distribution,Implementation/input/model licences separately checked,UNVERIFIED exact inputs/package rights,Input/package dependent; UNVERIFIED,Input-dependent; no rights laundering through inference,UNBENCHMARKED: 1–10 vCPUh/1M rows; calibration/training/QA extra,inferred_levels or inferred_archetype,https://wiki.openstreetmap.org/wiki/Key:building:levels,https://wiki.openstreetmap.org/wiki/Key:building:levels,https://wiki.openstreetmap.org/wiki/Key:building:levels,Candidate/proposed method; indicated items UNVERIFIED,2026-10-07,"Exact tile/metro coverage, observation vintage, local roof error, exceptions, actual cost"
