"agency","realtime_feed","key_and_access","commercial_use","redistribution","caching","required_attribution","rate_limits","static_gtfs_url","notes","checked_date"
"MTA — NYC Transit","GTFS-RT subway and bus; subway portal https://api.mta.info/; bus TU/VP/alerts https://gtfsrt.prod.obanyc.com/{tripUpdates|vehiclePositions|alerts}?key=<KEY> [https://bustime-classic.mta.info/wiki/Developers/GTFSRt]; Subway line feeds and alerts [https://api.mta.info/]","Subway no key; Bus Time key required, request via developer registration [https://api.mta.info/]; Bus Time access [https://bustime-classic.mta.info/wiki/Developers/Index]","Data use granted; commercial use of MTA logos/maps requires separate licensing [https://www.mta.info/developers]","Serve downloaded data from own server; do not modify/delete data (subsets allowed) [https://www.mta.info/developers/terms-and-conditions]","Own-server storage required; disclose lag over one minute; TTL unclear [https://www.mta.info/developers/terms-and-conditions]","Fixed attribution text unclear; no endorsement claims; disclose non-realtime data when lag exceeds one minute [https://www.mta.info/developers/terms-and-conditions]","unclear","Subway https://rrgtfsfeeds.s3.amazonaws.com/gtfs_subway.zip; supplemented https://rrgtfsfeeds.s3.amazonaws.com/gtfs_supplemented.zip; bus borough files https://rrgtfsfeeds.s3.amazonaws.com/gtfs_bx.zip ; gtfs_b.zip ; gtfs_m.zip ; gtfs_q.zip ; gtfs_si.zip ; gtfs_busco.zip [https://www.mta.info/developers]","Bus ZIP basenames share https://rrgtfsfeeds.s3.amazonaws.com/; subway feed list in README.","2026-10-06"
"MTA — LIRR","GTFS-RT https://api-endpoint.mta.info/Dataservice/mtagtfsfeeds/lirr%2Fgtfs-lirr [https://api.mta.info/]","No account or API key required [https://api.mta.info/]","Data use granted; commercial use of MTA logos/maps requires separate licensing [https://www.mta.info/developers]","Serve downloaded data from own server; do not modify/delete data (subsets allowed) [https://www.mta.info/developers/terms-and-conditions]","Own-server storage required; disclose lag over one minute; TTL unclear [https://www.mta.info/developers/terms-and-conditions]","Fixed attribution text unclear; no endorsement claims; disclose non-realtime data when lag exceeds one minute [https://www.mta.info/developers/terms-and-conditions]","unclear","https://rrgtfsfeeds.s3.amazonaws.com/gtfslirr.zip [https://www.mta.info/developers]","","2026-10-06"
"MTA — Metro-North","GTFS-RT https://api-endpoint.mta.info/Dataservice/mtagtfsfeeds/mnr%2Fgtfs-mnr [https://api.mta.info/]","No account or API key required [https://api.mta.info/]","Data use granted; commercial use of MTA logos/maps requires separate licensing [https://www.mta.info/developers]","Serve downloaded data from own server; do not modify/delete data (subsets allowed) [https://www.mta.info/developers/terms-and-conditions]","Own-server storage required; disclose lag over one minute; TTL unclear [https://www.mta.info/developers/terms-and-conditions]","Fixed attribution text unclear; no endorsement claims; disclose non-realtime data when lag exceeds one minute [https://www.mta.info/developers/terms-and-conditions]","unclear","https://rrgtfsfeeds.s3.amazonaws.com/gtfsmnr.zip [https://www.mta.info/developers]","","2026-10-06"
"LA Metro","Swiftly GTFS-RT protobuf/JSON; bus agencyKey lametro, rail lametro-rail [https://developer.metro.net/api/]","Key required; submit agency-specific request for approval [https://docs.google.com/forms/d/e/1FAIpQLScy9Jye91QPSTS3WVEU-13es0A1rT9Ep5JhAmXUZEiop7fmIw/viewform]","unclear for WorldEngine; conditional app display rights, see shared Swiftly terms in README [https://www.goswift.ly/api-license-agreement]","Content sharing/resale restricted; see README [https://www.goswift.ly/api-license-agreement]","unclear","Preserve proprietary notices; fixed phrase unclear [https://www.goswift.ly/api-license-agreement]","unclear","Bus https://gitlab.com/LACMTA/gtfs_bus/raw/master/gtfs_bus.zip; rail https://gitlab.com/LACMTA/gtfs_rail/raw/master/gtfs_rail.zip [https://developer.metro.net/gtfs-schedule-data/]","Agency terms also require accurate display and Metro acknowledgement; exact wording unclear [https://developer.metro.net/terms-conditions/]","2026-10-06"
"DART","GTFS-RT shared with Google and Transit; public endpoint unclear [https://www.dart.org/about/news-and-events/newsreleases/newsrelease-detail/dart-begins-sharing-gtfs-realtime-feed-to-google-and-transit-apps]","unclear","unclear","unclear","unclear","unclear","unclear","https://www.dart.org/transitdata/latest/google_transit.zip [https://www.dart.org/transitdata/latest/google_transit.zip]","","2026-10-06"
"Trinity Metro","unclear","unclear","unclear","unclear","Public use must use most current data; cache TTL unclear [https://ridetrinitymetro.org/gtfs-data/]","Data provided by Trinity Metro is not warranted by Trinity Metro for accuracy or completeness and data is subject to change without notice. [https://ridetrinitymetro.org/gtfs-data/]","unclear","https://gtfsdata.ridetm.org/gtfs/fwtatransitdata.zip [https://ridetrinitymetro.org/gtfs-data/]","Published static link timed out during check; download success unclear.","2026-10-06"
"METRO Houston","GTFS-RT arrivals; JSON transit API; alerts https://api.ridemetro.org/v2alertspb/alerts.pb?subscription-key=<KEY> [https://api-portal.ridemetro.org/]","Key required; self-serve Microsoft/Google account registration, subscribe to API products [https://api-portal.ridemetro.org/]","unclear","Limited revocable use/reproduce/redistribute grant [https://api-portal.ridemetro.org/]","unclear","Route and arrival data provided by permission of METRO [https://api-portal.ridemetro.org/]","unclear","Official GTFS download collection https://metro.resourcespace.com/pages/collections_featured.php?parent=1726; direct ZIP unclear [https://www.ridemetro.org/about/business-to-business/developer-portal]","Trademark usage has additional conditions in portal.","2026-10-06"
"WMATA","Bus/rail GTFS-RT and API; endpoint catalogue https://developer.wmata.com/ [https://www.wmata.com/about/developers.html]","Key required; self-serve developer registration https://developer.wmata.com/ [https://www.wmata.com/about/developers.html]","unclear","In-app redistribution allowed; third-party API relay needs written approval [https://developer.wmata.com/license]","Delete data on termination; TTL unclear [https://developer.wmata.com/license]","Fixed text unclear; do not imply affiliation or claim ownership [https://developer.wmata.com/license]","unclear","https://developer.wmata.com/api-details#api=gtfs&operation=rail-bus-combined-gtfs-static (operation documentation; direct ZIP URL unclear) [https://developer.wmata.com/]","","2026-10-06"
"SEPTA","GTFS-RT service/trip/vehicle feeds for septa-pa-us and septarail-pa-us; API catalogue [https://app.septa.org/]","No key documented in published API paths; operational authentication unclear [https://app.septa.org/]","unclear","Trip-planning data use/reproduce/redistribute granted; RT licence scope unclear [https://www3.septa.org/developer/]","unclear","Fixed required text unclear; trademarks not licensed [https://www3.septa.org/developer/]","unclear","https://www3.septa.org/developer/gtfs_public.zip [https://www3.septa.org/developer/]","","2026-10-06"
"MARTA","Bus GTFS-RT https://gtfs-rt.itsmarta.com/TMGTFSRealTimeWebService/vehicle/vehiclepositions.pb and /tripupdate/tripupdates.pb; rail arrivals API [https://itsmarta.com/app-developer-resources.aspx]","Bus URLs publish no key; rail key requested via registration/EULA form [https://itsmarta.com/developer-reg-rtt.aspx]; Bus paths [https://itsmarta.com/app-developer-resources.aspx]","unclear","Rail feed transfer allowed after recipient accepts EULA and MARTA is notified with recipient/use/date [https://itsmarta.com/developer-reg-rtt.aspx]","unclear","Fixed phrase unclear; marks need written consent [https://itsmarta.com/app-developer-resources.aspx]","unclear","https://itsmarta.com/google_transit_feed/google_transit.zip [https://itsmarta.com/app-developer-resources.aspx]","Rail endpoint: https://developerservices.itsmarta.com:18096/itsmarta/railrealtimearrivals/developerservices/traindata?apiKey=<KEY> [https://itsmarta.com/app-developer-resources.aspx]","2026-10-06"
"Miami-Dade Transit","Swiftly GTFS-RT for bus, Metrorail and Metromover [https://www.miamidade.gov/global/transportation/open-data-feeds.page]","Key required; agency-specific request/approval [https://docs.google.com/forms/d/e/1FAIpQLScy9Jye91QPSTS3WVEU-13es0A1rT9Ep5JhAmXUZEiop7fmIw/viewform]","unclear for WorldEngine; conditional app display rights, see shared Swiftly terms in README [https://www.goswift.ly/api-license-agreement]","Content sharing/resale restricted; see README [https://www.goswift.ly/api-license-agreement]","unclear","Preserve proprietary notices; fixed phrase unclear [https://www.goswift.ly/api-license-agreement]","unclear","https://www.miamidade.gov/transit/googletransit/current/google_transit.zip [https://www.miamidade.gov/global/transportation/open-data-feeds.page]","Swiftly conditions cover realtime; static licence unclear.","2026-10-06"
"Broward County Transit","unclear","unclear","unclear","unclear","unclear","unclear","unclear","unclear","Official GTFS use mentioned but public developer access not established; legacy ZIP returned HTML [https://www.broward.org/BCT/Documents/BCT_2024-2033_TDPAnnualUpdate.pdf]","2026-10-06"
"Tri-Rail","GTFS-RT TU, VP, alerts: https://gtfsr.tri-rail.com/download.aspx?file=trip_updates.pb ; file=position_updates.pb ; file=alerts.pb [https://gtfsr.tri-rail.com/]","No key in published public download URLs [https://gtfsr.tri-rail.com/]","unclear","unclear","unclear","unclear","unclear","https://gtfs.tri-rail.com/gtfs.zip [https://gtfs.tri-rail.com/gtfs.zip]","","2026-10-06"
"Valley Metro (Phoenix)","Bus GTFS-RT; JSON views for vehicles/alerts/realtime at mna.mecatran.com, linked on dataset page [https://www.phoenixopendata.com/dataset/general-transit-feed-specification]","Published shared apiKey in resource URLs; personal key process unclear [https://www.phoenixopendata.com/dataset/general-transit-feed-specification]","Static: allowed under ODC-BY 1.0 [https://www.phoenixopendata.com/dataset/valley-metro-bus-schedule] [http://www.opendefinition.org/licenses/odc-by] [https://opendatacommons.org/licenses/by/1-0/]; RT: Creative Commons Attribution listed, exact licence version unclear [https://www.phoenixopendata.com/dataset/general-transit-feed-specification]","Static: allowed with licence/notices [https://opendatacommons.org/licenses/by/1-0/]; RT: CC Attribution listed; exact version-specific conditions unclear [https://www.phoenixopendata.com/dataset/general-transit-feed-specification]","Static temporary/permanent copying allowed; TTL unclear [https://opendatacommons.org/licenses/by/1-0/]; RT caching conditions unclear","Static ODC produced-work example: ""Contains information from DATABASE NAME which is made available under the ODC Attribution License."" Link database and licence; preserve notices for database distribution [https://opendatacommons.org/licenses/by/1-0/]; RT exact phrase/version unclear [https://www.phoenixopendata.com/dataset/general-transit-feed-specification]","unclear","https://www.phoenixopendata.com/dataset/3eae9a4a-98b9-40c8-8df7-8c00c1756235/resource/28ccc0a5-49c8-495c-b91f-193de5ce2cb7/download/googletransit.zip [https://www.phoenixopendata.com/dataset/valley-metro-bus-schedule]","Published dataset describes buses; rail realtime/public static coverage unclear.","2026-10-06"
"MBTA","GTFS-RT https://cdn.mbta.com/realtime/TripUpdates.pb ; VehiclePositions.pb ; Alerts.pb; V3 JSON API [https://github.com/mbta/gtfs-documentation/blob/master/reference/gtfs-realtime.md]","GTFS-RT published without key; V3 key via https://api-v3.mbta.com/ registration; keyless experimentation documented [https://www.mbta.com/developers/v3-api]; GTFS-RT endpoints [https://github.com/mbta/gtfs-documentation/blob/master/reference/gtfs-realtime.md]","Profitable apps supported [https://www.mass.gov/doc/massdot-developers-relationship-principles-11132009/download]","Revocable use/reproduce/redistribute grant [https://cdn.mbta.com/sites/default/files/2023-08/mbta-massdot-develop-license-agreement.pdf]","Static daily conditional GET recommended; legal TTL unclear [https://www.mbta.com/developers/gtfs]","Clearly acknowledge MassDOT as provider; fixed phrase unclear; no logos [https://cdn.mbta.com/sites/default/files/2023-08/mbta-massdot-develop-license-agreement.pdf]","V3 API keyed default 1000 requests/minute; GTFS-RT quota unclear [https://www.mbta.com/developers/v3-api]","https://cdn.mbta.com/MBTA_GTFS.zip [https://www.mbta.com/developers/gtfs]","","2026-10-06"
"RTA (Riverside)","unclear","unclear","unclear","unclear","unclear","Fixed text unclear; no logo/endorsement rights [https://www.riversidetransit.com/index.php/riding-the-bus/buswatch-transit-apps]","unclear","https://www.riversidetransit.com/google_transit.zip [https://www.riversidetransit.com/google_transit.zip]","Consumer realtime tracker is documented; public developer feed unclear [https://www.riversidetransit.com/index.php/riding-the-bus/buswatch-transit-apps]","2026-10-06"
"Omnitrans","unclear","unclear","unclear","unclear","unclear","unclear","unclear","https://www.omnitrans.org/google/google_transit.zip [https://www.omnitrans.org/google/gis/gis-files-download.html]","Download described as free subject to terms; full licence unclear [https://www.omnitrans.org/google/gis/gis-files-download.html]","2026-10-06"
"Metrolink","GTFS-RT https://metrolink-gtfsrt.gbsdigital.us/feed/gtfsrt-trips ; /feed/gtfsrt-vehicles ; alerts https://cdn.simplifytransit.com/metrolink/alerts/service-alerts.pb [https://metrolinktrains.com/about/gtfs/gtfs-rt-access/]","TU/VP X-Api-Key required; request form and emailed key; alerts described as keyless [https://metrolinktrains.com/about/gtfs/gtfs-rt-access/]","unclear","unclear","unclear","unclear","Numeric quota unclear; 429 limits documented; increases by request [https://metrolinktrains.com/about/gtfs/gtfs-rt-access/]","https://metrolinktrains.com/globalassets/about/gtfs/gtfs.zip [https://metrolinktrains.com/about/gtfs/]","Key handling wording conflicts; GTFS-RT specification licence is not a data licence.","2026-10-06"
"BART","GTFS-RT http://api.bart.gov/gtfsrt/tripupdate.aspx ; http://api.bart.gov/gtfsrt/alerts.aspx ; VP unclear [https://www.bart.gov/schedules/developers/gtfs-realtime]","GTFS-RT direct feeds without key; legacy API has public or personal key [https://www.bart.gov/schedules/developers/api]; GTFS-RT access [https://www.bart.gov/schedules/developers/gtfs-realtime]","unclear","Revocable use/reproduce/redistribute grant [https://www.bart.gov/schedules/developers/developer-license-agreement]","unclear","No fixed phrase in agreement; feed page requests acknowledgement/link [https://www.bart.gov/schedules/developers/gtfs-realtime]","unclear","https://www.bart.gov/dev/schedules/google_transit.zip [https://www.bart.gov/dev/schedules/google_transit.zip]","Antioch trip IDs do not match static feed IDs [https://www.bart.gov/schedules/developers/gtfs-realtime]","2026-10-06"
"SFMTA Muni / 511 SF Bay","GTFS-RT TU/VP/alerts and SIRI API; agency SF; http://api.511.org/transit/{tripupdates|vehiclepositions|servicealerts}?api_key=<KEY>&agency=SF [https://511.org/open-data/transit]","Key required; self-serve token form https://511.org/open-data/token [https://511.org/open-data/token]","Commercial vendors allowed; standalone data sale requires written consent [https://511.org/sites/default/files/pdfs/511_Data_Agreement_Final.pdf]","Copy/distribute/sublicense allowed subject to agreement and recipients accepting terms [https://511.org/sites/default/files/pdfs/511_Data_Agreement_Final.pdf]","Storage allowed; use latest data reasonably; TTL unclear [https://511.org/sites/default/files/pdfs/511_Data_Agreement_Final.pdf]","""powered by 511.org"" OR ""data provided by 511.org""; link http://www.511.org in visual proximity [https://511.org/sites/default/files/pdfs/511_Data_Agreement_Final.pdf]","60 requests per 3600 seconds per token; increases by request [https://511.org/open-data/transit]","http://api.511.org/transit/datafeeds?api_key=<KEY>&operator_id=SF [https://511.org/open-data]","","2026-10-06"
"DDOT","unclear","unclear","unclear","unclear","unclear","unclear","unclear","https://www.detroitmi.gov/Portals/0/docs/deptoftransportation/pdfs/ddot_gtfs.zip [https://www.detroitmi.gov/Portals/0/docs/deptoftransportation/pdfs/ddot_gtfs.zip]","ZIP retrieved successfully; currency of schedule unclear.","2026-10-06"
"SMART (Detroit)","unclear","unclear","unclear","unclear","unclear","unclear","unclear","https://apps1.smartbus.org/gtfs/smart_gtfs.zip [https://apps1.smartbus.org/gtfs/smart_gtfs.zip]","","2026-10-06"
"QLine","unclear","unclear","unclear","unclear","unclear","unclear","unclear","unclear","Agency website provides rider tracking, but public developer feed/access/terms not established [https://www.qlinedetroit.com/]","2026-10-06"
"King County Metro","GTFS-RT https://s3.amazonaws.com/kcm-alerts-realtime-prod/tripupdates.pb ; vehiclepositions.pb ; alerts.pb [https://kingcounty.gov/en/dept/metro/rider-tools/mobile-and-web-apps]","No key in published public download URLs [https://kingcounty.gov/en/dept/metro/rider-tools/mobile-and-web-apps]","unclear","Use/reproduce/redistribute and derivatives permitted [https://kingcounty.gov/en/dept/metro/rider-tools/mobile-and-web-apps]","Storage allowed; TTL unclear [https://kingcounty.gov/en/dept/metro/rider-tools/mobile-and-web-apps]","Transit scheduling, geographic, and real-time data provided by permission of King County [https://kingcounty.gov/en/dept/metro/rider-tools/mobile-and-web-apps]","unclear","https://metro.kingcounty.gov/gtfs/google_transit.zip [https://metro.kingcounty.gov/gtfs/]","","2026-10-06"
"Sound Transit","OneBusAway regional API TU/VP (agency 40); GTFS-RT rail alerts https://s3.amazonaws.com/st-service-alerts-prod/alerts.pb [https://www.soundtransit.org/help-contacts/business-information/open-transit-data-otd/otd-downloads]","OBA key by email request to oba_api_key@soundtransit.org; allow two business days; alerts URL no key [https://www.soundtransit.org/help-contacts/business-information/open-transit-data-otd/otd-downloads]","Any use allowed subject to stated exceptions/terms [https://www.soundtransit.org/help-contacts/business-information/open-transit-data-otd/transit-data-terms-use]","Pass similar terms to recipients; do not change data [https://www.soundtransit.org/help-contacts/business-information/open-transit-data-otd/transit-data-terms-use]","Keep data current; TTL unclear [https://www.soundtransit.org/help-contacts/business-information/open-transit-data-otd/transit-data-terms-use]","Fixed required phrase unclear; no marks or endorsement claims [https://www.soundtransit.org/help-contacts/business-information/open-transit-data-otd/transit-data-terms-use]","unclear","https://www.soundtransit.org/GTFS-rail/40_gtfs.zip [https://www.soundtransit.org/help-contacts/business-information/open-transit-data-otd/otd-downloads]","Regional consolidated GTFS decommissioned at end of 2026; use agency files [https://www.soundtransit.org/help-contacts/business-information/open-transit-data-otd/otd-downloads]","2026-10-06"
"Metro Transit (Minneapolis)","GTFS-RT https://svc.metrotransit.org/mtgtfs/tripupdates.pb ; vehiclepositions.pb ; alerts.pb; NexTrip API [https://svc.metrotransit.org/]","No key in published GTFS-RT download URLs [https://svc.metrotransit.org/]","unclear","unclear","Daily static conditional download recommended; legal TTL unclear [https://svc.metrotransit.org/]","unclear","unclear","https://svc.metrotransit.org/mtgtfs/gtfs.zip [https://svc.metrotransit.org/]","","2026-10-06"
"MTS (San Diego)","GTFS-RT https://realtime.sdmts.com/api/api/gtfs_realtime/trip-updates-for-agency/MTS.pb?key=<KEY> ; vehicle-positions-for-agency/MTS.pb?key=<KEY>; separate public alerts feed [https://www.sdmts.com/business-center/app-developers/real-time-data]","TU/VP key by request form, 5–7 business days; alerts shared public key [https://www.sdmts.com/business-center/app-developers/real-time-data]","Request form supports commercial/public use (approval unaffected) [https://www.sdmts.com/business-center/app-developers/real-time-data]","Use/reproduce/redistribute static and realtime allowed [https://www.sdmts.com/business-center/app-developers/terms-and-conditions]","unclear","Fixed required phrase unclear; no trademark rights [https://www.sdmts.com/business-center/app-developers/terms-and-conditions]","May impose key/rate limits; numeric quota unclear [https://www.sdmts.com/business-center/app-developers/terms-and-conditions]","http://www.sdmts.com/google_transit_files/google_transit.zip [https://www.sdmts.com/business-center/app-developers]","General developer page says realtime forthcoming; dedicated realtime page documents active access.","2026-10-06"
"NCTD","Swiftly GTFS-RT in agency operations; public endpoint unclear [https://lfportal.nctd.org/WebLink/0/doc/220158/Page1.aspx]","unclear","unclear","unclear","unclear","unclear","unclear","https://www.gonctd.com/google_transit.zip [https://www.gonctd.com/google_transit.zip]","Public developer entitlement not established; consumer tracking does not establish public API access.","2026-10-06"
"HART","unclear","unclear","unclear","unclear","unclear","unclear","unclear","https://www.gohart.org/google/google_transit.zip [https://www.gohart.org/google/google_transit.zip]","Official rider page links realtime tracking; developer format/access unclear [https://www.gohart.org/Pages/maps-real-time.aspx]","2026-10-06"
"PSTA","unclear","unclear","unclear","unclear","unclear","unclear","unclear","unclear","Legacy developer and static URLs returned agency missing-page HTML; current access unclear [https://www.psta.net/developers/ridepsta_API.php]; https://www.psta.net/latest/Google_transit.zip","2026-10-06"
"MTA Maryland","Swiftly GTFS-RT bus/light rail/metro/commuter bus; MARC https://mdotmta-gtfs-rt.s3.amazonaws.com/MARC+RT/marc-tu.pb and marc-vp.pb; alerts https://feeds.mta.maryland.gov/alerts.pb [https://www.mta.maryland.gov/developer-resources]","Swiftly key request/approval; MARC/alerts published keyless [https://www.mta.maryland.gov/developer-resources]; Request form [https://docs.google.com/forms/d/e/1FAIpQLScy9Jye91QPSTS3WVEU-13es0A1rT9Ep5JhAmXUZEiop7fmIw/viewform]","unclear for WorldEngine; conditional app display rights, see shared Swiftly terms in README [https://www.goswift.ly/api-license-agreement]","Content sharing/resale restricted; see README [https://www.goswift.ly/api-license-agreement]","unclear","Preserve proprietary notices; fixed phrase unclear [https://www.goswift.ly/api-license-agreement]","unclear","https://feeds.mta.maryland.gov/gtfs/local-bus ; /light-rail ; /metro ; /marc ; /commuter-bus [https://www.mta.maryland.gov/developer-resources]","Swiftly terms apply to Swiftly realtime; static and open MARC/alert reuse terms unclear.","2026-10-06"
"Metra","unclear","unclear","unclear","unclear","unclear","unclear","unclear","Official developer pages inaccessible (403); portal requires sign-in; precise static ZIP unclear [https://metra.com/developers]; https://gtfspublic.metrarr.com/","","2026-10-06"
