"provider","product_feed_type","coverage","latency_freshness","commercial_app_use","distribution_to_app_users","licensing_to_other_apps","caching_storage","attribution","price_tiers_usd","cost_1_metro_10s_30days","cost_2_metros_chicago_denver_10s_30days","cost_20_metros_10s_30days","rate_limits","signup_approval","worldengine_fit_and_unclear","official_sources","checked_date"
"OpenSky Network","REST state vectors; bounding-box /states/all [https://openskynetwork.github.io/opensky-api/rest.html]","Receiver-dependent worldwide coverage; strongest Europe/US; low-altitude gaps [https://opensky-network.org/about/faq]","Snapshot resolution anonymous 10 s / authenticated 5 s; actual delivery latency unclear [https://openskynetwork.github.io/opensky-api/rest.html]","Written license required for for-profit and operational use, including testing [https://opensky-network.org/about/terms-of-use]","Unclear until commercial contract; default research redistribution narrowly limited [https://opensky-network.org/about/terms-of-use]","Unclear; negotiate downstream rights [https://opensky-network.org/about/terms-of-use]","Research copies deleted at project/access termination, with reproducibility exception; commercial retention unclear [https://opensky-network.org/about/terms-of-use]","Research publications/web pages must cite Bringing up OpenSky: A large-scale ADS-B sensor network for research (Schäfer et al., IPSN 2014) and provide publication copy/link; commercial wording unclear [https://opensky-network.org/about/terms-of-use]","Commercial license quote; public commercial price unclear [https://opensky-network.org/about/terms-of-use]","Unclear USD; 8,640 credits/day if bbox <=25 square degrees; exceeds free tiers [https://openskynetwork.github.io/opensky-api/rest.html]","Unclear USD; 17,280 credits/day under same assumption [https://openskynetwork.github.io/opensky-api/rest.html]","Unclear USD; 172,800 credits/day =7,200/hour, within licensed 14,400/hour if each bbox <=25 square degrees [https://openskynetwork.github.io/opensky-api/rest.html]","States: anonymous 400/day; standard 4,000/day; active feeder 8,000/day; licensed 14,400/hour. Area costs 1/2/3/4 credits for <=25/<=100/<=400/>400 square degrees [https://openskynetwork.github.io/opensky-api/rest.html]","Self-serve account/API client with OAuth2 credentials; commercial agreement via contact@opensky-network.org [https://openskynetwork.github.io/opensky-api/rest.html ; https://opensky-network.org/about/terms-of-use]","Commercial and operational license required. ORD/MDW/DEN surface completeness and commercial contract terms unclear.","https://opensky-network.org/about/faq ; https://opensky-network.org/about/terms-of-use ; https://openskynetwork.github.io/opensky-api/rest.html","2026-10-06"
"ADS-B Exchange","Enterprise live-position API / gRPC streaming; regional or global subscriptions [https://www.adsbexchange.com/products/enterprise-api/]","Global/regional aircraft positions; optional local operations product within 50 NM [https://www.adsbexchange.com/products/enterprise-api/]","Live-position update choices 5 s, 500 ms or 250 ms; end-to-end latency SLA unclear [https://www.adsbexchange.com/products/enterprise-api/]","Enterprise commercial offering; WorldEngine public display must be expressly authorized [https://www.adsbexchange.com/community/developer-hub/ ; https://www.adsbexchange.com/acceptable-use-policy/]","Default policy prohibits publication/distribution outside authorized users; obtain written override [https://www.adsbexchange.com/acceptable-use-policy/]","Default policy prohibits resale, SaaS/service-bureau and redistribution; negotiated permission required [https://www.adsbexchange.com/acceptable-use-policy/]","Mass download, storage/export require advance written permission; limited specific database exports permitted; TTL unclear [https://www.adsbexchange.com/acceptable-use-policy/]","Preserve proprietary notices; exact app credit phrase unclear [https://www.adsbexchange.com/acceptable-use-policy/]","Personal noncommercial $10/month, 10,000 requests; commercial enterprise custom quote, minimum annual commitment [https://www.adsbexchange.com/community/developer-hub/ ; https://www.adsbexchange.com/products/enterprise-api/]","Unclear commercial quote; personal plan is ineligible and below 259,200 monthly fetches.","Unclear commercial quote; 518,400 fetches/month or streaming.","Unclear commercial quote; 5,184,000 fetches/month or streaming.","Enterprise quotas unclear; personal 10,000/month [https://www.adsbexchange.com/community/developer-hub/ ; https://www.adsbexchange.com/products/enterprise-api/]","Personal RapidAPI key self-serve; enterprise contact/request demo and execute agreement [https://www.adsbexchange.com/community/developer-hub/ ; https://www.adsbexchange.com/products/enterprise-api/]","Own-app production recommendation #1; downstream licensing candidate #1 only with explicit contract overriding default restrictions. Airport-level coverage/SLA unclear.","https://www.adsbexchange.com/community/developer-hub/ ; https://www.adsbexchange.com/products/enterprise-api/ ; https://www.adsbexchange.com/acceptable-use-policy/","2026-10-06"
"FlightAware","AeroAPI REST; regional flight-position search, individual positions and tracks [https://www.flightaware.com/commercial/aeroapi/]","Worldwide; terrestrial network and optional Premium space-based ADS-B [https://www.flightaware.com/commercial/aeroapi/]","Current position endpoints; numeric position delay/update interval unclear [https://www.flightaware.com/commercial/aeroapi/]","Standard B2C/Premium B2C+B2B embedded applications allowed, but both January 2025 licenses prohibit commercial aircraft situational displays; WorldEngine classification/permission unclear [https://uk.flightaware.com/commercial/aeroapi/AeroAPI_Standard_License_Jan2025.pdf ; https://www.flightaware.com/commercial/aeroapi/AeroAPI_Premium_License_Jan2025.pdf]","Embedded nonraw product/derivative permissions; Standard restricts extra data fees, Premium broader; not raw API resale [https://uk.flightaware.com/commercial/aeroapi/AeroAPI_Standard_License_Jan2025.pdf ; https://www.flightaware.com/commercial/aeroapi/AeroAPI_Premium_License_Jan2025.pdf]","Premium B2B embedded products permitted; raw data resale/pass-through prohibited. Not blanket sublicensing [https://www.flightaware.com/commercial/aeroapi/AeroAPI_Premium_License_Jan2025.pdf]","January 2025 licenses: raw 30 days, derivatives indefinitely. September 2026 general terms: 24 hours unless Order overrides. Effective WorldEngine retention unclear until Order resolves conflict [https://uk.flightaware.com/commercial/aeroapi/AeroAPI_Standard_License_Jan2025.pdf ; https://www.flightaware.com/commercial/aeroapi/AeroAPI_Premium_License_Jan2025.pdf ; https://www.flightaware.com/commercial/termsandconditions]","Preserve notices/brand requirements; research credit substantially similar to Contains AeroAPI data © FlightAware LLC [year]. Exact general consumer-app wording unclear [https://uk.flightaware.com/commercial/aeroapi/AeroAPI_Standard_License_Jan2025.pdf ; https://www.flightaware.com/commercial/aeroapi/AeroAPI_Premium_License_Jan2025.pdf]","Personal noncommercial no minimum; Standard $100/month minimum; Premium $1,000/month minimum. Search/positions $0.050 per 15-record result set; incremental volume discounts [https://www.flightaware.com/commercial/aeroapi/]","Calculated minimum one-page scenario $5,270.40/month after advertised volume discounts; actual bill unclear [https://www.flightaware.com/commercial/aeroapi/]","Calculated minimum one-page scenario $7,686.40/month; actual bill unclear [https://www.flightaware.com/commercial/aeroapi/]","Calculated minimum one-page scenario $24,272.00/month; actual bill unclear [https://www.flightaware.com/commercial/aeroapi/]","Personal 10 result sets/minute; Standard 5/second; Premium 100/second. Pagination also billed [https://www.flightaware.com/commercial/aeroapi/]","Self-sign-up or sales-assisted Order; API key via product account [https://www.flightaware.com/commercial/aeroapi/ ; https://www.flightaware.com/commercial/termsandconditions]","Position search can be costly. Aircraft count, pagination and display permission unresolved; do not treat ordinary AeroAPI tier as approved WorldEngine aircraft map.","https://www.flightaware.com/commercial/aeroapi/ ; https://uk.flightaware.com/commercial/aeroapi/AeroAPI_Standard_License_Jan2025.pdf ; https://www.flightaware.com/commercial/aeroapi/AeroAPI_Premium_License_Jan2025.pdf ; https://www.flightaware.com/commercial/termsandconditions","2026-10-06"
"Flightradar24","REST API live flight positions light/full; bounding-box query [https://fr24api.flightradar24.com/docs/credit-overview ; https://fr24api.flightradar24.com/docs/getting-started]","Worldwide tracking, including ADS-B, MLAT and estimated positions; local completeness unclear [https://fr24api.flightradar24.com/docs/faq]","Approximately 3-second aircraft updates; request response typically <1 second for <3,500 flights; not an end-to-end freshness SLA [https://fr24api.flightradar24.com/docs/faq]","API tiers permit commercial use subject to terms; noncompeting added-value use required [https://www.flightradar24.com/terms-of-service]","Raw/enriched-raw redistribution prohibited; derivative product must add significant value and/or not primarily sell the data. Exact WorldEngine public-display permission unclear [https://www.flightradar24.com/terms-of-service]","Raw resale/transfer/sublicensing prohibited; derivative integration is conditional, not permission for a position-data SDK [https://www.flightradar24.com/terms-of-service]","All accumulated API data permanently deleted after 30 days from first receipt [https://fr24api.flightradar24.com/docs/storage-rules]","Preserve proprietary notices; fixed consumer credit text unclear [https://www.flightradar24.com/terms-of-service]","Explorer $9/month 30,000 credits; Essential $90 333,000; Advanced $900 4,050,000. Current double-credit offer 60,000/666,000/8,100,000 through qualifying 2026 billing cycles. Top-up entry $9/30,000 credits; volume discounts [https://fr24api.flightradar24.com/subscriptions-and-credits ; https://fr24api.flightradar24.com/double-credits-deal-terms]","Calculated light 1,555,200*A credits/month; $466.56*A at $0.0003/credit before bundles/discounts, where A=mean returned aircraft [https://fr24api.flightradar24.com/docs/credit-overview ; https://fr24api.flightradar24.com/subscriptions-and-credits]","Calculated light 3,110,400*A credits/month; $933.12*A at same reference unit price [https://fr24api.flightradar24.com/docs/credit-overview ; https://fr24api.flightradar24.com/subscriptions-and-credits]","Calculated light 31,104,000*A credits/month; $9,331.20*A at same reference unit price [https://fr24api.flightradar24.com/docs/credit-overview ; https://fr24api.flightradar24.com/subscriptions-and-credits]","Displayed request limits 10/30/200 by tier; time unit unclear in accessible text. Response caps 20/300/unlimited; light/full 6/8 credits per returned aircraft; empty response 1 credit [https://fr24api.flightradar24.com/subscriptions-and-credits ; https://fr24api.flightradar24.com/docs/credit-overview]","Self-serve FR24 account, separate API subscription, token; static sandbox available [https://fr24api.flightradar24.com/docs/getting-started]","Cannot supplement/backfill with other live providers; WorldEngine added-value/competition classification unclear. Aircraft-based billing makes broad persistent polling expensive [https://www.flightradar24.com/terms-of-service]","https://fr24api.flightradar24.com/subscriptions-and-credits ; https://fr24api.flightradar24.com/docs/credit-overview ; https://fr24api.flightradar24.com/docs/faq ; https://www.flightradar24.com/terms-of-service ; https://fr24api.flightradar24.com/docs/storage-rules ; https://fr24api.flightradar24.com/docs/getting-started ; https://fr24api.flightradar24.com/double-credits-deal-terms","2026-10-06"
"FAA SWIM","SCDS subscription messaging (Solace/JMS); STDDS terminal/surface plus SFDPS en-route; not a polling REST aircraft API [https://www.faa.gov/air_traffic/technology/swim/products/get_connected ; https://www.faa.gov/sites/faa.gov/files/air_traffic/technology/swim/governance/SCDS-Guideline-Document_v1.1_09.11.2024]","STDDS: 38 TRACONs, >200 airports, >400 systems across different services; not surface-position coverage at every airport. SFDPS: 20 continental ARTCCs. Exact current ORD/MDW/DEN subscribed position products unclear [https://www.faa.gov/air_traffic/technology/swim/stdds ; https://www.faa.gov/air_traffic/technology/swim/sfdps]","Near-real-time delivery; numeric delay, refresh cadence and WorldEngine freshness SLA unclear [https://www.faa.gov/air_traffic/technology/swim/products/get_connected]","Business products possible under SAA and service-specific terms; approval required, not NAS-impacting operation [https://support.swim.faa.gov/hc/en-us/article_attachments/29623502764692 ; https://www.faa.gov/sites/faa.gov/files/air_traffic/technology/swim/governance/SCDS-Guideline-Document_v1.1_09.11.2024]","Secondary-user products contemplated; blocking, notices and service-specific restrictions apply [https://support.swim.faa.gov/hc/en-us/article_attachments/29623502764692]","Redistribution contemplated; pass through LADD obligations to indirect consumers; no ownership transferred; per-service terms still control [https://support.swim.faa.gov/hc/en-us/article_attachments/29623502764692]","No general TTL found; retention unclear. LADD blocking applies to relevant historical data as well as current data [https://support.swim.faa.gov/hc/en-us/article_attachments/29623502764692]","Preserve notices; redistributed product must not be characterized as FAA data. Exact positive credit phrase unclear [https://support.swim.faa.gov/hc/en-us/article_attachments/29623502764692]","SCDS service provided free of charge; hosting/bandwidth/engineering additional and unclear [https://www.faa.gov/sites/faa.gov/files/air_traffic/technology/swim/governance/SCDS-Guideline-Document_v1.1_09.11.2024]","Calculated $0 FAA feed fee; streaming connection rather than 259,200 API calls; infrastructure cost unclear [https://www.faa.gov/sites/faa.gov/files/air_traffic/technology/swim/governance/SCDS-Guideline-Document_v1.1_09.11.2024]","Calculated $0 FAA feed fee; engineering/hosting cost unclear [https://www.faa.gov/sites/faa.gov/files/air_traffic/technology/swim/governance/SCDS-Guideline-Document_v1.1_09.11.2024]","Calculated $0 FAA feed fee; engineering/hosting cost unclear [https://www.faa.gov/sites/faa.gov/files/air_traffic/technology/swim/governance/SCDS-Guideline-Document_v1.1_09.11.2024]","No REST per-second quota. Compression required; identical duplicate subscriptions prohibited; >=200 GB/day or 2 TB/month requires internal redistribution [https://www.faa.gov/sites/faa.gov/files/air_traffic/technology/swim/governance/SCDS-Guideline-Document_v1.1_09.11.2024]","SWIFT account; request services with use justification; approve/sign per-service SAA, renew annually and implement LADD requirements [https://www.faa.gov/air_traffic/technology/swim/products/get_connected ; https://support.swim.faa.gov/hc/en-us/article_attachments/29623502764692]","Downstream licensing recommendation #2 for US-focused products after service approval and current coverage verification; higher integration effort. SCDS is transport, STDDS/SFDPS are separate source services.","https://www.faa.gov/air_traffic/technology/swim/products/get_connected ; https://support.swim.faa.gov/hc/en-us/article_attachments/29623502764692 ; https://www.faa.gov/sites/faa.gov/files/air_traffic/technology/swim/governance/SCDS-Guideline-Document_v1.1_09.11.2024 ; https://www.faa.gov/air_traffic/technology/swim/stdds ; https://www.faa.gov/air_traffic/technology/swim/sfdps ; https://www.faa.gov/sites/faa.gov/files/2022-01/PL_115-254_Sec_502_Air_Traffic_Control_Modernization_NextGen_COMPLETE.pdf","2026-10-06"
"adsb.lol","Public JSON REST API with regional aircraft queries [https://www.adsb.lol/docs/open-data/api/ ; https://api.adsb.lol/api/openapi.json]","Community receiver network; unfiltered tracking. Exact ORD/MDW/DEN low-altitude and surface completeness unclear [https://api.adsb.lol/api/openapi.json]","Live positions; numeric update interval, delay and SLA unclear [https://www.adsb.lol/docs/open-data/api/ ; https://api.adsb.lol/api/openapi.json]","Outbound API/data offered under ODbL 1.0, which permits commercial use [https://www.adsb.lol/docs/open-data/api/ ; https://opendatacommons.org/licenses/odbl/1-0/]","Permitted with ODbL notices/attribution; derivative database obligations may apply [https://opendatacommons.org/licenses/odbl/1-0/]","ODbL redistribution permitted; recipients receive ODbL rights directly, not a restrictive proprietary sublicense [https://opendatacommons.org/licenses/odbl/1-0/]","ODbL permits temporary/permanent copying; no license TTL. API-specific cache/retention restrictions unclear [https://opendatacommons.org/licenses/odbl/1-0/ ; https://api.adsb.lol/api/openapi.json]","Use ODbL-compliant source/license-linked notice; see exact example in README [https://opendatacommons.org/licenses/odbl/1-0/]","API described as free; no paid tier published; production consumers asked to contact operator [https://api.adsb.lol/api/openapi.json]","Nominal $0 public API fee if production traffic accepted; availability/quota unclear [https://api.adsb.lol/api/openapi.json]","Nominal $0 if accepted; 0.2 fetches/second shared backend; production quota unclear [https://api.adsb.lol/api/openapi.json]","Nominal $0 if accepted; 2 fetches/second shared backend; production quota unclear [https://api.adsb.lol/api/openapi.json]","Published production numeric quota unclear; API keys planned for future, not documented as currently required [https://api.adsb.lol/api/openapi.json]","Public access; production users should contact creator. Operator approval for expected traffic advisable per documentation [https://api.adsb.lol/api/openapi.json]","Own-app recommendation #2 when ODbL is acceptable and community availability meets needs. Input-feeder CC0 is not the outbound API license.","https://www.adsb.lol/docs/open-data/api/ ; https://api.adsb.lol/api/openapi.json ; https://www.adsb.lol/privacy-license/ ; https://opendatacommons.org/licenses/odbl/1-0/","2026-10-06"
"airplanes.live","JSON REST regional /v2/point/{lat}/{lon}/{radius}; maximum 250 NM [https://airplanes.live/api-docs/]","Community ADS-B/MLAT network; unfiltered received traffic. Actual local completeness unclear [https://airplanes.live/about/ ; https://airplanes.live/faq/]","Response includes seen_pos age; estimated rough positions and last-known positions also exist. Numeric update SLA unclear [https://airplanes.live/api-docs/]","Unclear; API documentation labels Apache-2.0, but whether that licenses returned position data is unclear; accessible Terms page did not supply operative data terms [https://airplanes.live/api-docs/ ; https://airplanes.live/terms-of-use/]","Unclear; obtain explicit data license [https://airplanes.live/api-docs/ ; https://airplanes.live/terms-of-use/]","Unclear; do not infer resale rights from software/API-spec license [https://airplanes.live/api-docs/ ; https://airplanes.live/terms-of-use/]","Unclear [https://airplanes.live/terms-of-use/]","Unclear for data/app use [https://airplanes.live/terms-of-use/]","Published commercial price tiers unclear [https://airplanes.live/api-docs/ ; https://airplanes.live/terms-of-use/]","Unclear price and authorized production quota.","Unclear price and authorized production quota.","Unclear price and authorized production quota.","Unclear; endpoint example has no auth header, but commercial authentication/approval unclear [https://airplanes.live/api-docs/]","Public endpoint documented; commercial signup/approval process unclear. Official website links community/contact channels [https://airplanes.live/api-docs/]","Not selected until commercial data permissions, pricing and traffic limits are supplied. Omit rough estimated coordinates when real positions are required.","https://airplanes.live/about/ ; https://airplanes.live/faq/ ; https://airplanes.live/api-docs/ ; https://airplanes.live/terms-of-use/","2026-10-06"
"FlightAware","Firehose enterprise SSL/TCP JSON Lines streaming [https://www.flightaware.com/commercial/firehose/]","Global fused terrestrial/space ADS-B, radar, ACARS and MLAT; surface/near-surface data [https://www.flightaware.com/commercial/firehose/]","Real-time stream; numeric end-to-end latency guarantee unclear [https://www.flightaware.com/commercial/firehose/]","Aircraft situational display use marketed; exact consumer license must be in Order [https://www.flightaware.com/commercial/firehose/ ; https://www.flightaware.com/commercial/termsandconditions]","Unclear without Order expressly authorizing third-party redistribution [https://www.flightaware.com/commercial/termsandconditions]","No default resale/redistribution. Aireon data has non-negotiable restrictions on third-party/data-service use; a terrestrial-only licensed product may require different terms [https://www.flightaware.com/commercial/termsandconditions]","Current general terms default maximum 24 hours, unless Order allows otherwise; delete at termination [https://www.flightaware.com/commercial/termsandconditions]","Exact consumer-app attribution unclear; settle in Order [https://www.flightaware.com/commercial/termsandconditions]","Fixed monthly pricing by selected geography/operator/data layers; sales quote, amount unclear [https://www.flightaware.com/commercial/firehose/]","Unclear quote; shared continuous stream, no per-poll price stated.","Unclear quote; geographic package may cover both metros.","Unclear quote; regional/national package must be quoted.","Streaming; throughput/connection quotas unclear [https://www.flightaware.com/commercial/firehose/]","Contact sales for live trial/production Order; self-service trial is limited historical data [https://www.flightaware.com/commercial/firehose/]","Useful enterprise alternative to AeroAPI for displays; consumer rights/retention quoted separately. Not selected for B2B without resolving third-party restrictions.","https://www.flightaware.com/commercial/firehose/ ; https://www.flightaware.com/commercial/termsandconditions","2026-10-06"
"adsb.fi","Public ADS-B-compatible regional JSON API; V3 preferred [https://github.com/adsbfi/opendata/blob/main/README.md]","Public radius queries up to 250 NM; full-network snapshot restricted to feeders; local completeness unclear [https://github.com/adsbfi/opendata/blob/main/README.md]","Feeder full snapshot updates twice/minute; public regional-query latency/update cadence unclear [https://github.com/adsbfi/opendata/blob/main/README.md]","Public data personal/noncommercial only; contact for commercial permission [https://github.com/adsbfi/opendata/blob/main/README.md]","Commercial consumer-app rights unclear pending permission [https://github.com/adsbfi/opendata/blob/main/README.md]","Public terms prohibit sale/rent/lease of service/data; commercial exceptions unclear [https://github.com/adsbfi/opendata/blob/main/README.md]","Unclear TTL/retention [https://github.com/adsbfi/opendata/blob/main/README.md]","Credit adsb.fi and link https://adsb.fi [https://github.com/adsbfi/opendata/blob/main/README.md]","No eligible commercial tariff published; request commercial/high-rate access [https://github.com/adsbfi/opendata/blob/main/README.md]","Unclear commercial price; public noncommercial route ineligible.","Unclear commercial price; public noncommercial route ineligible.","Unclear commercial price; public rate limit insufficient for 20 independent queries.","Public 1 request/second; feeder full snapshot no more than once/30 seconds [https://github.com/adsbfi/opendata/blob/main/README.md]","Public regional endpoint; feeding required for full snapshot; contact for commercial or >1 request/second [https://github.com/adsbfi/opendata/blob/main/README.md]","Public feed is not eligible for WorldEngine consumer commerce. Twenty metros require 2 fetches/second before retries, exceeding public limit.","https://github.com/adsbfi/opendata/blob/main/README.md","2026-10-06"
