"provider","category","map_import","ai_layout","spatial_capability","public_price","verification_status","source_urls","limitations","checked_on"
"OnePlan","Direct outdoor event GIS","PNG overlay; manually scale/rotate/align; convert PDF/DWG externally","OneScout venue recommendations; AI item recognition/text layout not verified","To-scale outdoor map object planning; VenueTwin separate 3D product","Free: 1 event/25 objects; Pro USD99/mo or USD984/year; enterprise quote","Official pricing/docs","https://www.oneplan.io/pricing/ | https://support.oneplan.io/how-to-import-png | https://support.oneplan.io/editing-images-for-overlay-import | https://www.oneplan.io/onescout/","PNG overlay is not AI semantic import. oneplan.ai is a different portfolio-management provider.","2026-10-07"
"OnePlan VenueTwin","Direct 3D venue twin","Integration with OnePlan; captured/custom venue model","AI semantic map import not verified","Browser realistic 3D, object moves, weather and time simulation, flythroughs","Numeric public price unverified; demo/custom scope","Official vendor capability; untested","https://www.oneplan.io/milano-cortina-virtual-venues/ | https://www.oneplan.io/smart-cities/","Weather is adjustable simulation; live weather feed/accurate forecast binding not established.","2026-10-07"
"Cvent Event Diagramming / Social Tables","Direct event diagramming","Uploaded floorplans; professional drawing conversion; AI BEO details extraction","Prompt-created/edited diagrams; AI seating assistant beta","To-scale venue plans, collaboration, photorealistic 3D offerings","USD49/mo or USD480/year Standard; USD150/mo or USD1500/year Pro; USD320/mo or USD3500/year Premium; all paid 12-month commitment; Enterprise quote","Official pricing and current vendor pages; untested","https://www.cvent.com/en/event-marketing-management/cvent-event-design-software/pricing | https://www.cvent.com/en/supplier-venue/event-diagramming-software | https://release.cvent.com/eventmanagement/announcements/join-upcoming-beta-programs-1","BEO extraction is event details, not georeferenced outdoor image-object detection. Official free-plan pages conflict (3 events vs 1 event); confirm checkout/entitlement.","2026-10-07"
"Prismm / Allseated","Historical direct competitor now Cvent migration","Legacy venue digital twins and diagrams","Current new-event workflow moves to Cvent","Legacy 3D venue/event collaboration","No independent current price recommended; migrated Cvent entitlements","Official current transition","https://community.cvent.com/solution-evolution/cvent-event-diagramming-resources","New-event creation cutover August26 2026; existing Prismm edits through June2027; avoid counting as separate independent supplier.","2026-10-07"
"Merri (Tripleseat family)","Direct 3D wedding/rental/event design","Blueprint background manual tracing; submitted blueprint model service 2–3 business days","Algorithmic custom venue service advertised; autonomous AI object detection not verified","Parametric modular stage, stairs/railings; tent sizing/walls/floors; detailed 3D rental catalogue","Professional USD29/month; All Access USD39/month; 30-day trial","Official published prices; older crawled pages; confirm checkout","https://bemerri.com/info/planners | https://bemerri.com/articles/custom-3d-event-floor-plans | https://bemerri.com/","Venue creation service differs from instant import; precise geo/context/weather not verified.","2026-10-07"
"EventDiagram","Direct AI event layout + 3D","Vendor claims editable true-scale import of Social Tables/Prismm PDF exports","Plain English layout edits on hidden draft; review/accept; MCP and API","Dimensioned library objects and height-aware 3D; room/airwall models","Free 1 active diagram/3 AI messages; Solo USD9/mo or90/year; Pro USD18/mo or180/year (75 messages,3 editors,3D); Business149/mo or1490/year","Official vendor capability and pricing; product untested","https://eventdiagram.com/features/ | https://eventdiagram.com/pricing/","Narrow source-PDF imports; general outdoor georeference and per-item extraction accuracy not verified; Instant setting may bypass preview.","2026-10-07"
"Ticket Fairy Fai / site map","Direct outdoor event AI rules/layout","JPG/PNG/WebP background; PDF externally rasterized; manual 2-point distance scale; map underlay alignment","Natural-language near/apart/clearance/power rules; allocate <=150 traders into existing pitches; per-trader approval","2D live site map, team/attendee filtered sharing, metres/areas","Free account; no setup fee/no required monthly ticketing fee claimed; standalone map price unverified","Official detailed workflow guides; untested","https://www.ticketfairy.com/guides/draw-your-event-site-map-and-share-it | https://www.ticketfairy.com/guides/set-pitch-rules-and-let-fai-plan-your-trader-pitches | https://www.ticketfairy.com/event-operating-system/site-and-logistics/site-map-and-deliveries","Requires pre-drawn pitches; no automatic semantic site-plan reconstruction or 3D kit found. Safety numbers explicitly starting points, not safety plan.","2026-10-07"
"SeatPlan.io","Direct AI seating plan import","Photo/image/PDF AI table/seat/area detection; DXF exact-scale geometry","Import plus reusable seating layouts; explicit review recommended","Editable 2D seating charts with dimensions; collaboration","Free design; USD8 one-time 90-day saving/export; Event Manager price/allowance CONFLICT across pages (25/mo vs40/mo; annual GBP20 vs35); 10-import topup USD8 claimed","Official vendor claims; beta; conflicting pricing/allowances","https://seatplan.io/ai-floor-plan-import | https://seatplan.io/event-manager | https://seatplan.io/free-seating-chart-maker | https://seatplan.io/alternatives/smartdraw","Importer beta, occasional wrong seat counts; no outdoor georeference or true-scale rich 3D verified. Do not present one Event Manager price as settled.","2026-10-07"
"A Seat Awaits","Direct AI seating import","Photo/scan/PDF -> tables/seat counts/fixtures; preview and tally check before add","AI floorplan and guest-list import","Dimensioned layout and birdseye 3D preview","Current homepage/help: USD9.99 Starter,19.99 Standard,39.99 Premium per nonexpiring event pass; Pro49/mo; /subscription still shows4/12/24/49 monthly; CONFLICT","Official vendor claims; conflicting legacy pricing","https://aseatawaits.com/help | https://aseatawaits.com/ | https://aseatawaits.com/subscription","AI map import included Standard/Premium/Pro per help; home price from9.99 is not AI entitlement; outdoors/georeference not verified.","2026-10-07"
"Signplanr","Adjacent event signage AI import","PDF/PNG/JPEG map; AI extracts marked signs into plotted sign records","Detect signs from plan; workflows/install approvals","Satellite geo pins; image plans; installer mobile locations","Free 1 event/10 signs; Starter29/mo; Pro79/mo; Business279/mo includes20 AI analyses/mo; Enterprise custom; currency shown $ not ISO-confirmed","Official pricing/capability; untested","https://signplanr.com/features/map-editor | https://signplanr.com/pricing","Narrow sign extraction, not event-kit 3D reconstruction; annual ~17% discount stated without settled dollar annual total.","2026-10-07"
"Planning Pod","Adjacent venue suite / layout","To-scale floorplan setup service; existing venue templates","Table grids/snap/templates are automation; semantic AI import not verified","Web 2D diagrams/seating with operations/BEOs","Official homepage typical single-location USD199–319/mo; depends concurrent event volume; annual options; standalone diagram price unverified","Official vendor scope/pricing range","https://planningpod.com/ | https://www.planningpod.com/floor-plan-software-pricing.cfm?scrollTo=anchorFeatures | https://planningpod.com/planning-pod-onboarding-and-data-migration-services","Broad suite price not diagram-only willingness-to-pay. Page discussing some creators offering3D is not evidence Planning Pod has3D.","2026-10-07"
"Momentus / EventDraw add-on","Adjacent enterprise venue operations","Room diagrams with CAD-related venue setup; current EventDraw addon","Ask Mo conversational data analytics; AI geometric layout not verified","Venue operations plus quoted EventDraw room diagramming","Quote-based by venue/event/scope; unlimited users; add-ons scoped","Official current pricing","https://gomomentus.com/pricing","Momentus is not Vivien vendor. Do not attribute Ask Mo analytics to event layout.","2026-10-07"
"CAST Vivien","Direct professional event CAD","CAD venue/event modeling; import capabilities require trial validation","Wizards/truss/pipe-drape specifications; AI text-to-layout not verified","2D/3D,10k+ objects, photoreal render/flythrough, lighting integration","Buy/lease customer portal; numeric current public price unverified; free demo","Official product page","https://cast-soft.com/vivien-event-designer/","Professional CAD alternative; vendor CAST, separate from Momentus. Wizard automation is not evidence of AI.","2026-10-07"
"Vectorworks Spotlight","Direct professional production CAD/BIM","CAD drawing/data workflow; full import matrix not revalidated here","Parametric Event stage/truss tools; AI layout not verified","Precision 2D/3D entertainment production; lighting/rigging integrations","USD170/month orUSD1530/year (127.50/month equivalent); expired September15 promotion excluded","Official price/tool matrix","https://www.vectorworks.net/spotlight/buy | https://app-help.vectorworks.net/2026/eng/assets/docs/Commands_Tools2026.pdf","Learning/setup cost greater than no-code; engineering/safety specialist workflow; add-ons extra.","2026-10-07"
"SmartDraw","Adjacent 2D event diagram editor","PDF/image background; calibrate scale and draw over","Event page recommends AI inspiration image plus manual editable plan; no AI semantic import verified","Scaled symbols/dimensions/layers, PDF/PNG/SVG export","Official buy page introductory USD7.95/mo annual individual; crossed-out10.95; team6.95/user/mo annual min3; checkout price confirm","Official event/pricing pages","https://www.smartdraw.com/event-plan/event-planning-tool.htm | https://www.smartdraw.com/buy/","Scaled tracing differs from editable AI object extraction; introductory price is not guaranteed renewal price.","2026-10-07"
"RoomSketcher AI Convert","Adjacent real-estate image-to-plan benchmark","Computer-drawn PDF/JPG/PNG -> walls/doors/windows; scale before convert; clear photo works","AI structural floorplan conversion beta; no furniture conversion or hand-sketch support","Editable room plan with3D downstream in desktop/tablet app","First conversion free; then5 credits; PAYG USD20/floor; Pro24/mo or144/year; Team70/mo or420/year","Official docs/prices","https://www.roomsketcher.com/features/ai-convert/ | https://help.roomsketcher.com/hc/en-us/articles/31885247016605-Can-AI-Create-My-Floor-Plan-Use-RoomSketcher-s-AI-Convert-Feature | https://www.roomsketcher.com/pricing/","Good precedent for preview before charge. No event objects/furniture recognized; phone sketches require manual tracing.","2026-10-07"
"Planner5D","Adjacent AI interior plan recognition","Uploaded floorplan becomes editable3D project; photo model import","AI floor plan recognition; interior focus","Web/mobile furnished interior3D","Premium USD19.99/mo or59.99/year; Professional49.99/mo or399.99/year; Free tier","Official pricing","https://planner5d.com/pricing | https://support.planner5d.com/en/articles/14434484-how-to-upload-a-floor-plan","Outdoor event semantic detection/georeference not established; generated photo assets do not prove exact dimensions.","2026-10-07"
"Zoo Design Studio / Zookeeper","Adjacent natural-language parametric CAD","STEP/STL import assembly; geometry via KCL/B-rep","Conversational generate/edit/validate CAD; shipped January2026 per vendor","Parametric CAD exported STEP/glTF/etc","February2026 release: Free USD10 usage credit; Plus20/mo; Pro99/mo; PAYG0.50/min billed persecond; current live tier table dynamic; confirm allowances","Official release/research; price allowance conflicts across dated posts","https://docs.zoo.dev/blog/announcing-zookeeper | https://docs.zoo.dev/research/zookeeper | https://zoo.dev/zoo-pricing | https://docs.zoo.dev/blog/per-second-billing","API/MCP billed separately from unlimited Studio usage; mechanical geometry, not real map spatial grounding or StyleB events.","2026-10-07"
"eBooth","Emerging adjacent festival map/AI","Vendor FAQ claims PDF/image boundary extraction and CSV-to-booth linking; manual overlay builder also described","Vendor categories via Gemini; map processing claim untested","Responsive attendee web guide and vendor search","Public numeric pricing unverified","Official vendor marketing only; workflow inconsistencies","https://ebooth.community/","No3D/georeference established; marketing extraction claim broader than concrete manual manager description; verify demo before crediting import accuracy.","2026-10-07"
"Easy Event Map","Low-cost manual substitute","PDF/photo/image background; straighten/crop; annotate","Auto-written approach directions; semantic detection not established","2D satellite/floorplan guest maps; local processing and print/PDF","Free/no signup/no watermark advertised","Official vendor pages","https://easyeventmap.com/ | https://easyeventmap.com/floor-plan/","No3D editor; explicit planning/wayfinding rather than code-compliance drawing.","2026-10-07"
