"record_type","category","rank","name","region","primary_finding","coverage","count","count_scope","update_frequency","license","commercial_use","redistribution","attribution","cost","access_method","key_or_approval","maturity","effort","recommendation","limitations","source_urls","as_of","evidence_status"
"technology","Native rendering","1","RealityKit procedural mesh adapter","Global","Keep renderer-neutral Swift geometry; upload meshes asynchronously through native RealityKit mesh APIs.","Platform/tool; no geographic coverage claim","","Not applicable","Versioned releases","Apple SDK agreement","Yes under SDK terms","Your geometry subject to source-data rights","Apple SDK terms; data attribution separately","SDK free; developer distribution fees separate","Apple SDK MeshResource / LowLevelMesh","No runtime key","Shipping native API","2–4 engineer-weeks planning estimate; not measured","Integrate now","200m chunk / three LOD design and 60fps are project targets requiring device measurement; mesh API is not glTF decoding","https://developer.apple.com/documentation/realitykit/lowlevelmesh","2026-10-07","Primary-source verified capabilities; effort and recommendation are planning judgments"
"technology","Geospatial","2","Metric coordinates and vertical datum contract","Global","Normalize CRS and vertical datum offline; retain Double geodetic/ECEF coordinates and render local metric origins.","Platform/tool; no geographic coverage claim","","Not applicable","Versioned releases","PROJ MIT; EPSG/grid terms separate","Yes for PROJ; check grids","MIT code permitted; grid datasets separately licensed","PROJ notice; grid provenance","Free tools; preprocessing/storage costs","PROJ transformation pipelines then pure Swift local transform","None for tools","Mature geodetic tooling","2–4 engineer-weeks planning estimate; not measured","Integrate now","Web Mercator units are not true-scale meters everywhere; orthometric DEM heights differ from ellipsoid heights; floating-origin strategy is engineering inference","https://proj.org/en/stable/usage/transformation.html","2026-10-07","Primary-source verified capabilities; effort and recommendation are planning judgments"
"technology","Streaming","3","Bounded chunk streaming and LOD budgets","Global","Use fixed chunk IDs; byte/triangle/texture budgets; cancellation; neighbor prefetch; hysteresis and cache eviction.","Platform/tool; no geographic coverage claim","","Not applicable","Versioned releases","Project-owned implementation; data licences separate","Yes","Project code as chosen; derived data per its licence","Source dataset notices","Engineering plus CDN/storage","Swift async loader; renderer-neutral chunk manifest","None","Established technique; project implementation required","3–6 engineer-weeks planning estimate; not measured","Integrate now","Three LODs alone do not guarantee 60fps; measure thermal behavior and main-thread uploads; 200m grid need not match global tile matrix","https://docs.ogc.org/cs/22-025r4/22-025r4.html","2026-10-07","Primary-source verified capabilities; effort and recommendation are planning judgments"
"technology","Asset format","4","glTF 2.0 / GLB","Global","Useful web/export interchange for meshes and stylized PBR or unlit materials; keep core schema independent.","Platform/tool; no geographic coverage claim","","Not applicable","Versioned releases","Khronos open specification; implementation licence separate","Yes for compliant format use","Format gives no rights to contained assets","Tool notices and asset-source attribution","Specification free","GLTFLoader on web; offline export or native adapter","None","Mature standard; three.js shipping loader","1–3 engineer-weeks planning estimate; not measured","Integrate now for interchange; native runtime later","Apple Entity loaders document USD family and .reality; native runtime glTF support must not be assumed","https://www.khronos.org/gltf/|https://threejs.org/docs/pages/GLTFLoader.html|https://developer.apple.com/documentation/realitykit/loading-entities-from-a-file","2026-10-07","Primary-source verified capabilities; effort and recommendation are planning judgments"
"technology","Asset compression","5","meshoptimizer / meshopt glTF extensions","Global","Optimize vertex/index order; quantize and simplify LODs offline; evaluate meshopt compression for web delivery.","Platform/tool; no geographic coverage claim","","Not applicable","Versioned releases","meshoptimizer MIT; glTF spec separate","Yes","MIT implementation with notices; assets separate","MIT copyright/licence","Free; encoding/decode engineering","C++ offline tools; JS/WASM decoder; Swift interop if runtime used","None","Mature implementation; three.js supports EXT and KHR variants","1–3 offline; 3–5 native decode engineer-weeks planning estimate; not measured","Integrate now offline; web runtime next","Pin extension and decoder versions; preserve boundary vertices and attributes; RealityKit has no documented meshopt decoder","https://github.com/zeux/meshoptimizer|https://threejs.org/docs/pages/GLTFLoader.html","2026-10-07","Primary-source verified capabilities; effort and recommendation are planning judgments"
"technology","Asset compression","6","Draco / KHR_draco_mesh_compression","Global","Alternative compressed mesh transport; compare payload and decode latency against meshopt on representative chunks.","Platform/tool; no geographic coverage claim","","Not applicable","Versioned releases","Draco Apache-2.0; glTF extension specification separate","Yes","Apache notice obligations; asset rights separate","Apache licence / NOTICE as applicable","Free tools; decoder engineering","DRACOLoader web; native C++ adapter or offline decode","None","Mature codec and three.js addon","1–2 comparison; 3–5 native integration engineer-weeks planning estimate; not measured","Later; choose one default after benchmark","Decoder cost can cause streaming stalls; no documented RealityKit native Draco decode; compression is not LOD","https://github.com/google/draco|https://threejs.org/docs/pages/GLTFLoader.html","2026-10-07","Primary-source verified capabilities; effort and recommendation are planning judgments"
"technology","Textures","7","KTX2 / Basis Universal","Global","Compact distribution and transcoding to device GPU formats; useful for web stylized atlases with mipmaps.","Platform/tool; no geographic coverage claim","","Not applicable","Versioned releases","KTX specification separate; KTX-Software Apache-2.0; BasisU Apache-2.0","Yes subject to dependency terms","Tools with notices; texture rights separate","Dependency notices and source asset rights","Free tools; transcoding/upload engineering","three.js KTX2Loader with detectSupport; native libktx adapter if adopted","None","Ratified glTF extension; mature web loader","1–3 web; 3–6 native proof engineer-weeks planning estimate; not measured","Integrate later on web; verify native first","No Apple primary documentation found establishing RealityKit direct KTX2 loading; libktx support in GLTFKit2 does not prove RealityKit texture-path fidelity or zero-copy GPU upload","https://www.khronos.org/ktx/|https://github.com/KhronosGroup/glTF/blob/main/extensions/2.0/Khronos/KHR_texture_basisu/README.md|https://github.com/warrenm/GLTFKit2","2026-10-07","Primary-source verified capabilities; effort and recommendation are planning judgments"
"technology","Native interoperability","8","GLTFKit2 adapter","Global","Potential Swift/Objective-C glTF bridge; published releases mention RealityKit conversion and bundled KTX2 support.","Platform/tool; no geographic coverage claim","","Not applicable","Versioned releases","MIT loader; bundled codec additional terms","Yes subject to dependencies","MIT notices plus each binary dependency","Copyright/licences of all linked deps","Free code; substantial QA","XCFramework/source; conversion adapter","None","Maintained third-party adapter; not Apple built-in","3–6 engineer-weeks planning estimate; not measured","Later; optional import proof only","Not pure Swift; extension/material fidelity and memory spikes need tests; prebuilt binaries add licence terms; avoid replacing deterministic core","https://github.com/warrenm/GLTFKit2|https://github.com/warrenm/GLTFKit2/releases","2026-10-07","Primary-source verified capabilities; effort and recommendation are planning judgments"
"technology","3D tiling","9","OGC 3D Tiles 1.1","Global","Hierarchical bounds and geometric error; direct glTF content; implicit tiling can support future broad-area interoperability.","Platform/tool; no geographic coverage claim","","Not applicable","Versioned releases","OGC specification terms; CesiumJS Apache-2.0 if selected","Yes for standard implementation","Standard does not grant rights to any third-party tiles","Implementation notices; data-source notices","Free specification; hosting/implementation costs","Offline exporter; web tiles renderer; custom Swift traversal","None for specification; provider keys vary","Published OGC Community Standard","3–6 export/web; 6–10 native traversal engineer-weeks planning estimate; not measured","Later; adopt concepts now","No documented RealityKit native 3D Tiles loader; 200m local chunk grid may remain simpler; purchased tiles often restrict caching/export","https://www.ogc.org/standards/3dtiles/|https://docs.ogc.org/cs/22-025r4/22-025r4.html","2026-10-07","Primary-source verified capabilities; effort and recommendation are planning judgments"
"technology","2D tiling","10","PMTiles","Global","Single-file range-readable archive for vector/raster tile pyramids; useful source packaging and web debug map.","Platform/tool; no geographic coverage claim","","Not applicable","Versioned releases","Spec public domain/CC0; PMTiles library BSD-3-Clause; data separate","Yes","Library notices; tiles per dataset licence","BSD notice; OSM attribution if basemap used","Free format; storage/egress/range request costs","HTTP Range + CORS; JS reader or own Swift reader","None for self-hosted files","Mature map ecosystem","1–3 engineer-weeks planning estimate; not measured","Integrate now for 2D source packages where useful","Not a generic native 3D scene/mesh streaming solution; archive versioning and cache invalidation required; open format does not licence basemap contents","https://docs.protomaps.com/|https://github.com/protomaps/PMTiles/blob/main/LICENSE","2026-10-07","Primary-source verified capabilities; effort and recommendation are planning judgments"
"technology","Terrain ingest","11","Cloud Optimized GeoTIFF / COG","Global","Window and overview reads reduce DEM/landcover ingest bandwidth; cook data into app-specific terrain chunks.","Platform/tool; no geographic coverage claim","","Not applicable","Versioned releases","GeoTIFF/COG specification terms; GDAL MIT-style licence; raster licence separate","Depends on raster source; tool yes","Raster and derivative rights source-specific","Raster-source notice; GDAL notices if distributed","Free tools; processing/storage","Offline GDAL range/window reads","Provider-dependent","Mature geospatial raster workflow","1–3 engineer-weeks planning estimate; not measured","Integrate now offline","Not RealityKit texture runtime format; validate NoData and vertical units; OGC engineering report is not itself a standard","https://docs.ogc.org/per/21-025.html|https://gdal.org/en/stable/drivers/raster/cog.html","2026-10-07","Primary-source verified capabilities; effort and recommendation are planning judgments"
"technology","LiDAR ingest","12","COPC / LAZ","Global","Spatial octree and HTTP ranges enable selective point-cloud ingest for height/roof calibration and ground-truth checks.","Regional scans; not uniform global coverage","","Not applicable","Versioned releases","COPC spec copyright Hobu; decoder/PDAL licences separate; scan rights separate","Depends on chosen decoder and scan","Dataset-specific; open format confers no scan rights","Scan provider and software notices","Free tools; processing and hosting","Offline PDAL / COPC readers; not direct runtime","Provider-dependent","COPC 1.0 established","2–4 engineer-weeks planning estimate; not measured","Integrate now where local LiDAR exists","Coverage acquisition dates vary; no RealityKit COPC native loader; point classification and CRS must be checked; don't ship full point clouds by default","https://copc.io/","2026-10-07","Primary-source verified capabilities; effort and recommendation are planning judgments"
"technology","Data identity","13","Overture GERS release joins","Global","Store release ID plus GERS UUID and source IDs; use registry/changelog/bridge files to maintain joins and invalidate cooked chunks.","Global reference map; incomplete and uneven coverage","","Not applicable","Monthly reference releases","Theme licences apply; GERS not a blanket separate permissive licence","Yes under each theme licence","ODbL derivative database share-alike where applicable","Overture + applicable upstream attribution","Free public data; compute/egress costs","Public S3/Azure Parquet; registry and changelog joins","No signup for public files","Monthly operational reference system","2–4 engineer-weeks planning estimate; not measured","Integrate now","Not every feature has GERS ID; pre-2025-06-25 encoded IDs do not resolve to current UUIDs; IDs don't encode location or theme; conflation still needs review","https://docs.overturemaps.org/gers/|https://docs.overturemaps.org/attribution/","2026-10-07","Primary-source verified capabilities; effort and recommendation are planning judgments"
"technology","Open data","14","Overture base/buildings/divisions/transportation","Global","Global feature foundation for stylized world; inspect local completeness and height/property quality before cooking.","Global; local completeness varies","","Not applicable","Monthly releases","ODbL themes; upstream attribution requirements","Yes with licence obligations","Derivative databases under ODbL as applicable; proprietary engine can remain separately licensed","© OpenStreetMap contributors; Overture Maps Foundation; theme upstream notices","Free downloads; storage/query/processing costs","Official public S3/Azure Parquet","No API key required","Production open-data releases","2–5 ingest pipeline engineer-weeks planning estimate; not measured","Integrate now; package derivative DB separately","Worldwide dataset is not complete worldwide ground truth; no fixed count asserted here; ODbL obligations concern database not automatic engine source disclosure; legal classification needs review","https://docs.overturemaps.org/attribution/|https://docs.overturemaps.org/","2026-10-07","Primary-source verified capabilities; effort and recommendation are planning judgments"
"technology","Open data","15","Overture places","Global","Landmark/POI anchors and semantic ambience inputs; source-tagged licence is essential.","Global places; uneven coverage","","Not applicable","Monthly releases","CDLA-Permissive-2.0 / Apache-2.0 / CC0 by source","Yes under source terms","Permitted subject to source licence; joined derivative DB may become ODbL","Licence text/NOTICE as applicable; Overture/source attribution","Free data; compute/egress","Public Parquet; source-aware joins","None","Operational global data","1–3 engineer-weeks planning estimate; not measured","Later for semantic enrichment","Not a uniform CDLA-only dataset; POI existence does not establish 3D form; no count asserted; source quality/duplicates need local QA","https://docs.overturemaps.org/guides/places/|https://docs.overturemaps.org/attribution/","2026-10-07","Primary-source verified capabilities; effort and recommendation are planning judgments"
"technology","Web renderer","16","three.js WebGPURenderer","Global","WebGPU compute and modern rendering path; Safari 26 shipped WebGPU on iOS/macOS/visionOS; preserve web fallback strategy.","Platform/tool; no geographic coverage claim","","Not applicable","Versioned releases","three.js MIT; WebGPU W3C specification separate","Yes","MIT code notices; assets separately licensed","MIT notice","Free tools; web engineering","three.js WebGPURenderer; browser capability detection","None","Shipping browser API; renderer feature parity requires testing","3–6 engineer-weeks planning estimate; not measured","Integrate next in web prototype","iOS26 native RealityKit does not use WebGPU; feature support and memory limits vary; custom shaders need compatible TSL path; no 60fps guarantee","https://webkit.org/blog/17640/webkit-features-for-safari-26-2/|https://threejs.org/docs/pages/WebGPURenderer.html","2026-10-07","Primary-source verified capabilities; effort and recommendation are planning judgments"
"technology","AI on device","17","Core ML","Global","Optional semantic classification or parameter suggestion offline/background; supported on-device inference.","Platform/tool; no geographic coverage claim","","Not applicable","Versioned releases","Apple SDK terms; model weights/data licences separate","SDK yes; model-specific","Models must permit app redistribution","Model/data attribution; SDK terms","SDK free; conversion/training cost","Compiled Core ML model and Swift API","No inference key","Mature shipping framework","2–4 small-model proof engineer-weeks planning estimate; not measured","Later; deterministic validated outputs only","Inference shares thermal/memory budget with rendering; not a deterministic world generator replacement; unsupported operators require conversion work","https://developer.apple.com/documentation/coreml|https://developer.apple.com/machine-learning/","2026-10-07","Primary-source verified capabilities; effort and recommendation are planning judgments"
"technology","AI on device","18","MLX Swift","Global","Apple-silicon experimentation including iOS/macOS examples; useful authoring research or optional compact-model inference.","Platform/tool; no geographic coverage claim","","Not applicable","Versioned releases","MLX Swift MIT; model licences separate","Yes code; weights-specific","MIT notice; weight redistribution separately checked","MLX notice plus model conditions","Free framework; device/GPU budget","Swift package and Metal-backed arrays","No framework key; model download may need approval","Active research-oriented framework; iOS examples published","2–4 proof engineer-weeks planning estimate; not measured","Watch / later; do not put in render critical path","Not Neural Engine Core ML substitution; model hardware fit and GPU contention must be benchmarked; no Web parity promised","https://github.com/ml-explore/mlx-swift/blob/main/README.md|https://github.com/ml-explore/mlx-swift/blob/main/LICENSE","2026-10-07","Primary-source verified capabilities; effort and recommendation are planning judgments"
"technology","Generative 3D","19","TRELLIS / TRELLIS.2","Global","Authoring experiments for stylized props and variations; validate and retopologize export before inclusion.","Platform/tool; no geographic coverage claim","","Not applicable","Versioned releases","Repository/model/dependency licences must be checked individually; not assumed from paper","Verify exact weights and dependency terms first","Verify generated asset rights and input rights","Model/tool notices; provenance log","GPU compute; integration costs","Offline authoring research; no native iPhone runtime claim","Model download conditions vary","Research to tooling; not geospatial ground truth","2–4 constrained authoring trial engineer-weeks planning estimate; not measured","Watch; later for decorative props","Generation cannot establish real geometry/scale; PBR generation trends are not reason to adopt photographic detail; retain curated seeded assets","https://github.com/microsoft/TRELLIS|https://www.microsoft.com/en-us/research/workbench/project/trellis","2026-10-07","Primary-source verified capabilities; effort and recommendation are planning judgments"
"technology","World models","20","Genie 3 and generative world models","Global","Research interactive world synthesis can inform moodboards and testing concepts; not authoritative metric world reconstruction.","Platform/tool; no geographic coverage claim","","Not applicable","Versioned releases","Proprietary service/model terms; no open-code licence assumed","Service-contract specific","Export/redistribution rights unverified","Service/input terms","Access/compute subscription terms need verification","Research/service access","Access eligibility and terms required","Research/service emergence in 2025–26","1–2 evaluation only engineer-weeks planning estimate; not measured","Watch; skip as runtime architecture","No evidence of renderer-neutral deterministic metric mesh export suitable for this product; generated consistency/physics are not geographic truth","https://deepmind.google/blog/genie-3-a-new-frontier-for-world-models/","2026-10-07","Primary-source verified capabilities; effort and recommendation are planning judgments"
"technology","Gaussian splats","21","3D Gaussian Splatting","Global","Strong captured-scene view synthesis; poor default fit for stylized mesh world, editable semantics and predictable collision/LOD.","Platform/tool; no geographic coverage claim","","Not applicable","Versioned releases","Original INRIA implementation research/noncommercial; alternatives differ; capture-data rights separate","Original code needs explicit commercial consent","Original research licence conditions; alternatives/data separate","Implementation licence and capture-source attribution","Capture/training/storage + licence where applicable","Specialized native/Metal or web renderer; not RealityKit built-in established","Original implementation commercial approval required","Widely demonstrated; specialized integration","4–8 prototype engineer-weeks planning estimate; not measured","Skip for core world; watch isolated landmark use","Photo-capture assumptions, transparency sorting, large payloads and collision require separate work; no RealityKit native splat support verified","https://github.com/graphdeco-inria/gaussian-splatting|https://github.com/graphdeco-inria/gaussian-splatting/blob/main/LICENSE.md?plain=1","2026-10-07","Primary-source verified capabilities; effort and recommendation are planning judgments"
"technology","Gaussian format","22","KHR_gaussian_splatting","Global","Emerging glTF packaging baseline; interoperability progress does not solve mobile rendering or content rights.","Platform/tool; no geographic coverage claim","","Not applicable","Versioned releases","Khronos extension spec; implementation/data licences separate","Format yes; chosen implementation terms","No rights conveyed to splat datasets","Implementation/data notices","Spec free; plugin development","three.js separately registered plugin; custom native renderer","None for specification","Ratified baseline extension in current Khronos registry; February 2026 release candidate preceded it","1–2 watch proof engineer-weeks planning estimate; not measured","Watch","Ratified storage schema does not standardize every renderer; loader plugin support is not builtin RealityKit support; don't call all splat tooling open/commercial","https://github.com/KhronosGroup/glTF/blob/main/extensions/2.0/Khronos/KHR_gaussian_splatting/README.md|https://www.khronos.org/news/press/gltf-gaussian-splatting-press-release|https://threejs.org/docs/pages/GLTFLoader.html","2026-10-07","Primary-source verified capabilities; effort and recommendation are planning judgments"
"technology","Procedural authoring","23","Blender Geometry Nodes","Global","Author and bake roof/facade/vegetation archetypes offline; translate selected rules into pure Swift generator.","Platform/tool; no geographic coverage claim","","Not applicable","Versioned releases","Blender GPL; authored artwork generally unrestricted; addon/asset licences separate","Yes authored output; input rights must permit","Own output distributable; Blender software distribution GPL obligations","Input asset notices; Blender code notices if distributed","Free software; authoring labor","Desktop node graphs; bake meshes / parameter fixtures","None","Mature shipping authoring tool","2–4 initial archetype library engineer-weeks planning estimate; not measured","Integrate now offline","Do not embed Blender runtime in proprietary Swift generator; addon licence and purchased assets still matter; Blender node results aren't automatic cross-renderer deterministic contract","https://docs.blender.org/manual/en/4.0/modeling/geometry_nodes/index.html|https://www.blender.org/about/license/","2026-10-07","Primary-source verified capabilities; effort and recommendation are planning judgments"
"technology","Procedural authoring","24","Esri CityEngine / CGA / SDK","Global","Powerful rule-based city authoring reference and offline baking when rich city assets justify tool investment.","Platform/tool; no geographic coverage claim","","Not applicable","Versioned releases","Commercial CityEngine licence; SDK separate terms","SDK commercial use requires organisation licence of latest CityEngine","Output/input rights and SDK terms need contract review","Source GIS/asset licences","Paid licence/user type; quote required","Desktop authoring / procedural runtime SDK offline","Commercial licence / named user","Mature urban modeling product","3–6 evaluation/baking engineer-weeks planning estimate; not measured","Later; optional authoring aid","Not an iPhone pure Swift runtime; GIS basemap licences do not automatically permit asset extraction; avoid dependency for core generation","https://github.com/Esri/cityengine-sdk/blob/main/README.md|https://support.esri.com/en-us/knowledge-base/product-sales-update-arcgis-cityengine-000035055","2026-10-07","Primary-source verified capabilities; effort and recommendation are planning judgments"
"technology","Procedural authoring","25","Houdini / Houdini Engine","Global","Offline procedural asset and terrain cooking; useful complex pipeline later.","Platform/tool; no geographic coverage claim","","Not applicable","Versioned releases","Proprietary commercial / limited-commercial / noncommercial tiers","Commercial tier yes; Indie eligibility constraints","Baked output subject to source terms; runtime redistribution not assumed","Input licences; contract conditions","Paid commercial; free Unity/Unreal Engine licences not general Swift entitlement","Desktop/batch HAPI pipeline","Appropriate licences required","Mature production tool","3–6 evaluation/cook pipeline engineer-weeks planning estimate; not measured","Later; skip runtime embedding","Apprentice is noncommercial; Indie integration restrictions; free Unreal/Unity offer doesn't cover custom Swift host; proprietary runtime conflicts with pure Swift core goal","https://www.sidefx.com/products/houdini-engine/|https://www.sidefx.com/docs/hengine/_h_a_p_i__licensing.html","2026-10-07","Primary-source verified capabilities; effort and recommendation are planning judgments"
"technology","AR","26","ARKit geographic anchors and spatial tracking","Global","Optional AR presentation adapter using same generated geometry; verify geographic availability at runtime.","Platform/tool; no geographic coverage claim","","Not applicable","Versioned releases","Apple SDK terms; no licence to localization imagery extracted","Yes under SDK/app terms","Own content rights separate; localization data export not assumed","Data/asset attribution","SDK free; development costs","ARGeoTrackingConfiguration / SpatialTrackingSession","Camera/location permission; geotracking capability check","Shipping platform capability","3–5 engineer-weeks planning estimate; not measured","Later after non-AR navigation stable","Geotracking limited to Apple-precollected imagery regions and rear camera; hardware features differ; iOS26 minimum does not guarantee every AR capability","https://developer.apple.com/documentation/arkit/tracking-geographic-locations-in-ar|https://developer.apple.com/documentation/realitykit/spatialtrackingsession/","2026-10-07","Primary-source verified capabilities; effort and recommendation are planning judgments"
"technology","Spatial platform","27","visionOS adapter","Global","RealityKit content reuse can enable a later immersive or volume presentation; keep interaction adapter separate.","Platform/tool; no geographic coverage claim","","Not applicable","Versioned releases","Apple SDK terms; asset licences separate","Yes","Own content under source-data obligations","Asset/source notices","Hardware + development","RealityKit / SwiftUI immersive presentation","App entitlements/permissions as required","Shipping platform; product-specific UX work","3–6 engineer-weeks planning estimate; not measured","Later; not required for iPhone launch","Do not infer identical iOS/visionOS APIs or performance; immersive scale and comfort need testing; no rewrite of generator","https://developer.apple.com/visionos/|https://developer.apple.com/documentation/realitykit/spatialtrackingsession/","2026-10-07","Primary-source verified capabilities; effort and recommendation are planning judgments"
"technology","Audio","28","RealityKit spatial audio","Global","Add sparse regional ambience and landmark cues; mono emitters with bounded voice counts can enrich stylization cheaply.","Platform/tool; no geographic coverage claim","","Not applicable","Versioned releases","Apple SDK terms; recordings/compositions separately licensed","SDK yes; audio rights-specific","Audio redistribution requires appropriate licence","Audio source attribution if required","SDK free; licensed recordings/production","SpatialAudioComponent / AmbientAudioComponent","None except content rights","Shipping native capability","1–3 engineer-weeks planning estimate; not measured","Integrate later after rendering budgets proven","Spatial emitters mix to mono; measure voice/memory budget and avoid implying acoustic ground truth; browser uses separate Web Audio adapter","https://developer.apple.com/documentation/RealityKit/SpatialAudioComponent","2026-10-07","Primary-source verified capabilities; effort and recommendation are planning judgments"
"technology","Provenance","29","STAC and per-chunk source manifests","Global","Record source URL/licence/release/date/CRS/vertical datum/processing version and hash for every cooked chunk; distinguish observed from inferred geometry.","Platform/tool; no geographic coverage claim","","Not applicable","Versioned releases","STAC spec/code licences separate; dataset licences authoritative","Depends on underlying datasets","Metadata publication does not override data rights","Upstream attribution and transformation disclosure","Free spec; pipeline engineering","Offline manifests and STAC catalog ingest","Provider-dependent","Mature metadata ecosystem; project schema required","1–3 engineer-weeks planning estimate; not measured","Integrate now","STAC metadata can be incomplete; heights/roofs generated from inference should carry confidence; retain licence texts with packaged derivative DB","https://stacspec.org/en/|https://docs.overturemaps.org/attribution/","2026-10-07","Primary-source verified capabilities; effort and recommendation are planning judgments"
