record_type,category,rank,name,region,primary_finding,coverage,count,count_scope,update_frequency,license,commercial_use,redistribution,attribution,cost,access_method,key_or_approval,maturity,effort,recommendation,limitations,source_urls,as_of,evidence_status
"source","live_layer","1","USGS earthquake GeoJSON","US/global","Reported epicentres/magnitude; rebuilt1minute; event detection latency varies; visual=5/5 ease=5/5 licence_safety=5/5 product=125/125","US/global","uncounted","source footprint; no national completeness inferred","Reported epicentres/magnitude; rebuilt1minute; event detection latency varies","Public domain USGS government works","yes","yes","Credit USGS requested","public access no fee stated; infrastructure extra","official API/feed/docs","none","official source; no sustained endpoint test","ease=5/5","prioritize provenance-checked MVP","Cadence is not latency; host supplies feed-specific credits separately from ODbL package; animation between fixes is interpolation and must be labelled","https://earthquake.usgs.gov/earthquakes/feed/v1.0/geojson.php","2026-10-07","official documentation; unknowns explicitly flagged"
"source","live_layer","2","NOAA CO-OPS water levels","US coasts/Great Lakes","Observed6minute water levels; monthly verification; actual lag unmeasured; visual=4/5 ease=5/5 licence_safety=5/5 product=100/125","US coasts/Great Lakes","uncounted","source footprint; no national completeness inferred","Observed6minute water levels; monthly verification; actual lag unmeasured","NOAA-authored data public domain unless otherwise noted","yes NOAA-authored","yes NOAA-authored","Credit NOAA","public access no fee stated; infrastructure extra","official API/feed/docs","none","official source; no sustained endpoint test","ease=5/5","prioritize provenance-checked MVP","Cadence is not latency; host supplies feed-specific credits separately from ODbL package; animation between fixes is interpolation and must be labelled","https://api.tidesandcurrents.noaa.gov/api/dev | https://oceanservice.noaa.gov/about/faq.html","2026-10-07","official documentation; unknowns explicitly flagged"
"source","live_layer","3","USGS continuous water","US stations","Streamflow; site-specific sampling/transmission; actual lag unmeasured; modern API; visual=4/5 ease=4/5 licence_safety=5/5 product=80/125","US stations","uncounted","source footprint; no national completeness inferred","Streamflow; site-specific sampling/transmission; actual lag unmeasured; modern API","Public domain USGS government works","yes","yes","Credit USGS requested","public access no fee stated; infrastructure extra","official API/feed/docs","optional key higher limits","official source; no sustained endpoint test","ease=4/5","prioritize provenance-checked MVP","Cadence is not latency; host supplies feed-specific credits separately from ODbL package; animation between fixes is interpolation and must be labelled","https://api.waterdata.usgs.gov/ | https://www.usgs.gov/tools/usgs-water-data-apis","2026-10-07","official documentation; unknowns explicitly flagged"
"source","live_layer","4","NOAA NDBC","US/coastal/global partners","Most report hourly; most data available25min after hour; latest file rebuilt5min; visual=4/5 ease=5/5 licence_safety=4/5 product=80/125","US/coastal/global partners","uncounted","source footprint; no national completeness inferred","Most report hourly; most data available25min after hour; latest file rebuilt5min","NOAA-authored data public domain; partner data check","yes NOAA; partners unclear","yes NOAA; partners unclear","Credit NOAA/provider","public access no fee stated; infrastructure extra","official API/feed/docs","none","official source; no sustained endpoint test","ease=5/5","prioritize provenance-checked MVP","Cadence is not latency; host supplies feed-specific credits separately from ODbL package; animation between fixes is interpolation and must be labelled","https://www.ndbc.noaa.gov/faq/rt_data_access.shtml | https://www.ndbc.noaa.gov/faq/rss_access.shtml","2026-10-07","official documentation; unknowns explicitly flagged"
"source","live_layer","5","AirNow","US/Canada/Mexico","AQI observations/forecasts; hourly reporting common; actual lag unmeasured; visual=4/5 ease=4/5 licence_safety=3/5 product=48/125","US/Canada/Mexico","uncounted","source footprint; no national completeness inferred","AQI observations/forecasts; hourly reporting common; actual lag unmeasured","AirNow Data Exchange Guidelines; not blanket open data licence","unclear exact grant","distribution contemplated subject guidelines; raw sublicensing unclear","Originating agency and EPA; preserve AQI RGB and forecasts","public access no fee stated; infrastructure extra","official API/feed/docs","account/key","official source; no sustained endpoint test","ease=4/5","verify rights and feed semantics before integration","Cadence is not latency; host supplies feed-specific credits separately from ODbL package; animation between fixes is interpolation and must be labelled","https://docs.airnowapi.org/ | https://docs.airnowapi.org/docs/DataUseGuidelines.pdf","2026-10-07","official documentation; unknowns explicitly flagged"
"source","live_layer","6","NOAA HRRR smoke","CONUS/model domains","Hourly model smoke forecast; availability follows model processing; not measurement; visual=5/5 ease=2/5 licence_safety=4/5 product=40/125","CONUS/model domains","uncounted","source footprint; no national completeness inferred","Hourly model smoke forecast; availability follows model processing; not measurement","NOAA-authored federal model data public domain; verify file provenance","yes NOAA","yes NOAA","Credit NOAA/NCEP","public access no fee stated; infrastructure extra","GRIB2","none","official source; no sustained endpoint test","ease=2/5","prioritize provenance-checked MVP","Cadence is not latency; host supplies feed-specific credits separately from ODbL package; animation between fixes is interpolation and must be labelled","https://rapidrefresh.noaa.gov/hrrr/HRRRsmoke/ | https://nomads.ncep.noaa.gov/pub/data/nccf/com/hrrr/v4.1/","2026-10-07","official documentation; unknowns explicitly flagged"
"source","live_layer","7","NIFC fire perimeters","US submitted incidents","Official map states daily updates; individual perimeter may be older; not continuous front; visual=5/5 ease=4/5 licence_safety=2/5 product=40/125","US submitted incidents","uncounted","source footprint; no national completeness inferred","Official map states daily updates; individual perimeter may be older; not continuous front","Exact item licence unclear; interagency provenance","unclear","unclear","Credit NIFC/source agency; exact obligation unclear","public access no fee stated; infrastructure extra","official API/feed/docs","none public items","official source; no sustained endpoint test","ease=4/5","verify rights and feed semantics before integration","Cadence is not latency; host supplies feed-specific credits separately from ODbL package; animation between fixes is interpolation and must be labelled","https://www.nifc.gov/fire-information/maps | https://data-nifc.opendata.arcgis.com/","2026-10-07","official documentation; unknowns explicitly flagged"
"source","live_layer","8","GBFS availability","Participating systems","Bike/dock counters; feed ttl/last_updated; no rider tracks; visual=5/5 ease=4/5 licence_safety=2/5 product=40/125","Participating systems","uncounted","source footprint; no national completeness inferred","Bike/dock counters; feed ttl/last_updated; no rider tracks","GBFS format confers no data licence; inspect operator system_information","operator-specific","operator-specific","operator-specific","public access no fee stated; infrastructure extra","official API/feed/docs","usually public; inspect feed","official source; no sustained endpoint test","ease=4/5","verify rights and feed semantics before integration","Cadence is not latency; host supplies feed-specific credits separately from ODbL package; animation between fixes is interpolation and must be labelled","https://www.gbfs.org/documentation/faq/","2026-10-07","official documentation; unknowns explicitly flagged"
"source","live_layer","9","Citi Bike GBFS","NYC/NJ","Dense station availability; feed ttl; actual latency unmeasured; visual=5/5 ease=4/5 licence_safety=2/5 product=40/125","NYC/NJ","uncounted","source footprint; no national completeness inferred","Dense station availability; feed ttl; actual latency unmeasured","Operator licence; live vs historical data rights verify","unclear exact live grant","unclear","verify operator terms","public access no fee stated; infrastructure extra","official API/feed/docs","public feed","official source; no sustained endpoint test","ease=4/5","verify rights and feed semantics before integration","Cadence is not latency; host supplies feed-specific credits separately from ODbL package; animation between fixes is interpolation and must be labelled","https://citibikenyc.com/system-data","2026-10-07","official documentation; unknowns explicitly flagged"
"source","live_layer","10","Washington State Ferries","Puget Sound","Observed vessel locations; source timestamp needed; refresh/lag unmeasured; visual=5/5 ease=4/5 licence_safety=2/5 product=40/125","Puget Sound","uncounted","source footprint; no national completeness inferred","Observed vessel locations; source timestamp needed; refresh/lag unmeasured","WSDOT API exact reuse grant unclear","unclear","unclear","verify WSDOT agreement","public access no fee stated; infrastructure extra","official API/feed/docs","registered access code","official source; no sustained endpoint test","ease=4/5","verify rights and feed semantics before integration","Cadence is not latency; host supplies feed-specific credits separately from ODbL package; animation between fixes is interpolation and must be labelled","https://www.wsdot.wa.gov/ferries/api/vessels/documentation/","2026-10-07","official documentation; unknowns explicitly flagged"
"source","live_layer","11","CTA Train Tracker","Chicago","Arrival predictions; locations must be separately verified; actual lag unmeasured; visual=5/5 ease=4/5 licence_safety=2/5 product=40/125","Chicago","uncounted","source footprint; no national completeness inferred","Arrival predictions; locations must be separately verified; actual lag unmeasured","Limited revocable sole-purpose assisting riders/promoting transit; no standalone resale","conditional purpose; WorldEngine fit verify","within permitted app; no standalone sale/transfer","optional CTA credit; brand restrictions","public access no fee stated; infrastructure extra","official API/feed/docs","apply key","official source; no sustained endpoint test","ease=4/5","verify rights and feed semantics before integration","Cadence is not latency; host supplies feed-specific credits separately from ODbL package; animation between fixes is interpolation and must be labelled","https://www.transitchicago.com/developers/ttdocs/default.aspx | https://www.transitchicago.com/downloads/sch_data/developers_license_agreement.htm","2026-10-07","official documentation; unknowns explicitly flagged"
"source","live_layer","12","RTD GTFS-RT","Denver","Arrival predictions/vehicle locations; docs claim within2min; verify rail mode coverage; visual=5/5 ease=4/5 licence_safety=2/5 product=40/125","Denver","uncounted","source footprint; no national completeness inferred","Arrival predictions/vehicle locations; docs claim within2min; verify rail mode coverage","Must accept RTD License Agreement; exact grant not verified","unclear","unclear","verify agreement; logos separately","public access no fee stated; infrastructure extra","GTFS/GTFS-RT","agreement/public files","official source; no sustained endpoint test","ease=4/5","verify rights and feed semantics before integration","Cadence is not latency; host supplies feed-specific credits separately from ODbL package; animation between fixes is interpolation and must be labelled","https://www.rtd-denver.com/open-records/open-spatial-information/real-time-feeds","2026-10-07","official documentation; unknowns explicitly flagged"
"source","live_layer","13","MBTA V3","Boston","Schedule/realtime/alerts commuter-rail candidates; actual lag unmeasured; visual=5/5 ease=4/5 licence_safety=2/5 product=40/125","Boston","uncounted","source footprint; no national completeness inferred","Schedule/realtime/alerts commuter-rail candidates; actual lag unmeasured","MassDOT Developers License Agreement; exact use scope verify","unclear","unclear","verify MassDOT credit","public access no fee stated; infrastructure extra","official API/feed/docs","API key for capacity","official source; no sustained endpoint test","ease=4/5","verify rights and feed semantics before integration","Cadence is not latency; host supplies feed-specific credits separately from ODbL package; animation between fixes is interpolation and must be labelled","https://api-v3.mbta.com/ | https://www.mass.gov/doc/developers-license-agreement-11132009/download","2026-10-07","official documentation; unknowns explicitly flagged"
"source","live_layer","14","Metrolink GTFS-RT","LA/Riverside","Trips feed documented30seconds; end-to-end lag/positions verify; visual=5/5 ease=4/5 licence_safety=2/5 product=40/125","LA/Riverside","uncounted","source footprint; no national completeness inferred","Trips feed documented30seconds; end-to-end lag/positions verify","Exact feed licence unclear","unclear","unclear","verify Metrolink terms","public access no fee stated; infrastructure extra","GTFS/GTFS-RT","inspect feed access","official source; no sustained endpoint test","ease=4/5","verify rights and feed semantics before integration","Cadence is not latency; host supplies feed-specific credits separately from ODbL package; animation between fixes is interpolation and must be labelled","https://metrolinktrains.com/about/gtfs/gtfs-rt-access/","2026-10-07","official documentation; unknowns explicitly flagged"
"source","live_layer","15","NRCS SNOTEL","Western US mountains","Hourly/daily element data; actual station latency unmeasured; visual=4/5 ease=3/5 licence_safety=3/5 product=36/125","Western US mountains","uncounted","source footprint; no national completeness inferred","Hourly/daily element data; actual station latency unmeasured","Federal observations; explicit endpoint reuse grant unclear","unclear endpoint terms","unclear endpoint terms","Credit USDA NRCS","public access no fee stated; infrastructure extra","official API/feed/docs","none documented","official source; no sustained endpoint test","ease=3/5","verify rights and feed semantics before integration","Cadence is not latency; host supplies feed-specific credits separately from ODbL package; animation between fixes is interpolation and must be labelled","https://www.nrcs.usda.gov/sites/default/files/2023-03/AWDB%20Web%20Service%20User%20Guide.pdf","2026-10-07","official documentation; unknowns explicitly flagged"
"source","live_layer","16","USDOT WZDx registry","Multiple jurisdictions","43 registry rows not43states; discovery metadata not unified live closures; updated2026-09-10; visual=4/5 ease=3/5 licence_safety=3/5 product=36/125","Multiple jurisdictions","43","source footprint; no national completeness inferred","43 registry rows not43states; discovery metadata not unified live closures; updated2026-09-10","Registry Public Domain US Government; underlying feed terms separate","yes registry; feeds vary","yes registry; feeds vary","USDOT recommended citation","public access no fee stated; infrastructure extra","official API/feed/docs","per-feed keys","official source; no sustained endpoint test","ease=3/5","verify rights and feed semantics before integration","Cadence is not latency; host supplies feed-specific credits separately from ODbL package; animation between fixes is interpolation and must be labelled","https://data.transportation.gov/Roadways-and-Bridges/Work-Zone-Data-Feed-Registry/69qe-yiui","2026-10-07","official documentation; unknowns explicitly flagged"
"source","live_layer","17","511 Bay Area","Bay Area","Traffic events/WZDx closures; actual lag unmeasured; visual=4/5 ease=4/5 licence_safety=2/5 product=32/125","Bay Area","uncounted","source footprint; no national completeness inferred","Traffic events/WZDx closures; actual lag unmeasured","Site default non-commercial/non-automated; authorized Developer API exception; verify grant","developer authorization","unclear","verify API agreement","public access no fee stated; infrastructure extra","official API/feed/docs","token","official source; no sustained endpoint test","ease=4/5","verify rights and feed semantics before integration","Cadence is not latency; host supplies feed-specific credits separately from ODbL package; animation between fixes is interpolation and must be labelled","https://511.org/open-data/traffic | https://511.org/about/terms","2026-10-07","official documentation; unknowns explicitly flagged"
"source","live_layer","18","511NY","New York","Statewide events/closures;10calls/60sec limit is NOT data cadence; visual=4/5 ease=4/5 licence_safety=2/5 product=32/125","New York","uncounted","source footprint; no national completeness inferred","Statewide events/closures;10calls/60sec limit is NOT data cadence","NYSDOT Developers Access Agreement; commercial vendors invited","conditional approved use","unclear","verify agreement","public access no fee stated; infrastructure extra","official API/feed/docs","account/key/request","official source; no sustained endpoint test","ease=4/5","verify rights and feed semantics before integration","Cadence is not latency; host supplies feed-specific credits separately from ODbL package; animation between fixes is interpolation and must be labelled","https://511ny.org/developers/doc | https://www.511ny.org/developers/resources | https://511ny.org/developers/daa","2026-10-07","official documentation; unknowns explicitly flagged"
"source","live_layer","19","NJ TRANSIT developer","NY/NJ","Official developer portal; rail endpoint and production approval verify; visual=5/5 ease=3/5 licence_safety=2/5 product=30/125","NY/NJ","uncounted","source footprint; no national completeness inferred","Official developer portal; rail endpoint and production approval verify","NJT Developer Terms and Conditions; exact intended use approval verify","unclear pending terms","unclear","verify NJT","public access no fee stated; infrastructure extra","official API/feed/docs","developer account","official source; no sustained endpoint test","ease=3/5","verify rights and feed semantics before integration","Cadence is not latency; host supplies feed-specific credits separately from ODbL package; animation between fixes is interpolation and must be labelled","https://developer.njtransit.com/ | https://developer.njtransit.com/terms/","2026-10-07","official documentation; unknowns explicitly flagged"
"source","live_layer","20","WMATA rail","Washington","Rail predictions/incidents; do not infer coordinates; visual=5/5 ease=3/5 licence_safety=2/5 product=30/125","Washington","uncounted","source footprint; no national completeness inferred","Rail predictions/incidents; do not infer coordinates","WMATA Developer License Agreement; exact purpose/redistribution verify","conditional; verify","unclear beyond app display","verify agreement","public access no fee stated; infrastructure extra","official API/feed/docs","key","official source; no sustained endpoint test","ease=3/5","verify rights and feed semantics before integration","Cadence is not latency; host supplies feed-specific credits separately from ODbL package; animation between fixes is interpolation and must be labelled","https://www.wmata.com/about/developers.html | https://developer.wmata.com/license","2026-10-07","official documentation; unknowns explicitly flagged"
"source","live_layer","21","AFDC charger inventory","US/Canada","Inventory of stations/ports; NOT live vacancy or charger availability; visual=3/5 ease=4/5 licence_safety=2/5 product=24/125","US/Canada","uncounted","source footprint; no national completeness inferred","Inventory of stations/ports; NOT live vacancy or charger availability","Exact API/data commercial and redistribution grant unclear","unclear","unclear","verify AFDC/NLR requirements","public access no fee stated; infrastructure extra","official API/feed/docs","API key","official source; no sustained endpoint test","ease=4/5","verify rights and feed semantics before integration","Cadence is not latency; host supplies feed-specific credits separately from ODbL package; animation between fixes is interpolation and must be labelled","https://developer.nlr.gov/docs/transportation/alt-fuel-stations-v1/","2026-10-07","official documentation; unknowns explicitly flagged"
"source","live_layer","22","NYC Ferry GTFS","NYC","Static ferry schedules; live vessel positions not established; visual=3/5 ease=4/5 licence_safety=2/5 product=24/125","NYC","uncounted","source footprint; no national completeness inferred","Static ferry schedules; live vessel positions not established","Operator Developer Tools terms; exact grant unclear","unclear","unclear","verify operator terms","public access no fee stated; infrastructure extra","GTFS/GTFS-RT","download/partner approval","official source; no sustained endpoint test","ease=4/5","verify rights and feed semantics before integration","Cadence is not latency; host supplies feed-specific credits separately from ODbL package; animation between fixes is interpolation and must be labelled","https://www.ferry.nyc/developer-tools/","2026-10-07","official documentation; unknowns explicitly flagged"
"source","live_layer","23","Ticketmaster Discovery","US/supported countries","Venue/event schedules; not crowd telemetry; cadence/SLA unclear; visual=3/5 ease=4/5 licence_safety=2/5 product=24/125","US/supported countries","uncounted","source footprint; no national completeness inferred","Venue/event schedules; not crowd telemetry; cadence/SLA unclear","Proprietary General API Terms; storage/redistribution scope verify","conditional developer terms","unclear; not open licence","verify linkback/branding","public access no fee stated; infrastructure extra","official API/feed/docs","key","official source; no sustained endpoint test","ease=4/5","verify rights and feed semantics before integration","Cadence is not latency; host supplies feed-specific credits separately from ODbL package; animation between fixes is interpolation and must be labelled","https://developer.ticketmaster.com/products-and-docs/apis/discovery/v2/ | https://developer.ticketmaster.com/support/terms-of-use/","2026-10-07","official documentation; unknowns explicitly flagged"
"source","live_layer","24","SEPTA rail API","Philadelphia","Regional rail API documented; actual positions vs predictions verify; visual=5/5 ease=4/5 licence_safety=1/5 product=20/125","Philadelphia","uncounted","source footprint; no national completeness inferred","Regional rail API documented; actual positions vs predictions verify","Exact data licence not located","unclear","unclear","unclear","public access no fee stated; infrastructure extra","official API/feed/docs","public API documented","official source; no sustained endpoint test","ease=4/5","verify rights and feed semantics before integration","Cadence is not latency; host supplies feed-specific credits separately from ODbL package; animation between fixes is interpolation and must be labelled","https://app.septa.org/","2026-10-07","official documentation; unknowns explicitly flagged"
"source","live_layer","25","Sound Transit OTD","Seattle","Sounder/Link schedules and realtime alerts documented; positions not established; visual=4/5 ease=3/5 licence_safety=1/5 product=12/125","Seattle","uncounted","source footprint; no national completeness inferred","Sounder/Link schedules and realtime alerts documented; positions not established","Exact commercial/redistribution licence unclear","unclear","unclear","verify agreement","public access no fee stated; infrastructure extra","official API/feed/docs","feed-specific","official source; no sustained endpoint test","ease=3/5","verify rights and feed semantics before integration","Cadence is not latency; host supplies feed-specific credits separately from ODbL package; animation between fixes is interpolation and must be labelled","https://www.soundtransit.org/help-contacts/business-information/open-transit-data-otd/otd-downloads","2026-10-07","official documentation; unknowns explicitly flagged"
"source","live_layer","26","Sportradar sports","Contracted leagues","Schedules/scores product-specific; no crowd telemetry; SLA contract-specific; visual=3/5 ease=2/5 licence_safety=2/5 product=12/125","Contracted leagues","uncounted","source footprint; no national completeness inferred","Schedules/scores product-specific; no crowd telemetry; SLA contract-specific","Order form/master terms; league addenda possible","contract only","contract scope only","contract-specific","quote required","official API/feed/docs","account/key/agreement","official source; no sustained endpoint test","ease=2/5","verify rights and feed semantics before integration","Cadence is not latency; host supplies feed-specific credits separately from ODbL package; animation between fixes is interpolation and must be labelled","https://developer.sportradar.com/sportradar-updates/page/master-terms-and-conditions-for-non-betting-services","2026-10-07","official documentation; unknowns explicitly flagged"
"source","live_layer","27","Amtrak status","US intercity","Status compelling; no verified licensed official public live API; cadence unclear; visual=5/5 ease=2/5 licence_safety=1/5 product=10/125","US intercity","uncounted","source footprint; no national completeness inferred","Status compelling; no verified licensed official public live API; cadence unclear","Site Terms2025-03-05 prohibit automated retrieval; copying/distribution prior written permission","written permission","written permission","retain proprietary notices","public access no fee stated; infrastructure extra","official API/feed/docs","written permission","official source; no sustained endpoint test","ease=2/5","verify rights and feed semantics before integration","Cadence is not latency; host supplies feed-specific credits separately from ODbL package; animation between fixes is interpolation and must be labelled","https://www.amtrak.com/web-notices-terms-of-use","2026-10-07","official documentation; unknowns explicitly flagged"
"source","live_layer","28","Pollen.com","US","Proprietary forecast; no open nationwide live observed pollen feed established; visual=3/5 ease=2/5 licence_safety=1/5 product=6/125","US","uncounted","source footprint; no national completeness inferred","Proprietary forecast; no open nationwide live observed pollen feed established","TOU2026-02-05 informational non-commercial/personal only","no under site terms","no commercial grant","does not cure restrictions","quote required","official API/feed/docs","commercial contract","official source; no sustained endpoint test","ease=2/5","verify rights and feed semantics before integration","Cadence is not latency; host supplies feed-specific credits separately from ODbL package; animation between fixes is interpolation and must be labelled","https://www.pollen.com/help/tou","2026-10-07","official documentation; unknowns explicitly flagged"
"metro_coverage","Census Vintage2025 top20 MSA rail matrix","1","MTA LIRR/Metro-North; NJ TRANSIT; PATH","New York","MTA official developer feed family; NJT portal verified; exact rail positions/rights need validation","Agency-level candidates within MSA; not claim of full MSA service","uncounted","no live coverage percentage asserted","source/endpoint-specific; actual latency unmeasured","operator-specific; exact grants unresolved unless source row specifies","unclear or conditional; GTFS format confers no permission","unclear or source-specific restrictions","operator-specific; verify exact text","public source no fee stated; agreements may differ","official operator portal/API/GTFS; do not scrape consumer tracker","operator-specific; see source rows","screened; no sustained live feed test","multi-operator integration; estimate","Verify commuter mode and observed positions separately; use prediction markers when only arrivals exist","Official live prediction is not GPS; schedule-based moving dots are illustrative; selected agencies are not complete national transit inventory","https://www.mta.info/developers | https://developer.njtransit.com/ | https://developer.njtransit.com/terms/ | https://www2.census.gov/programs-surveys/popest/datasets/2020-2025/metro/totals/cbsa-est2025-alldata.csv","2026-10-07","official documentation; mode and licence validation pending"
"metro_coverage","Census Vintage2025 top20 MSA rail matrix","2","Metrolink; LA Metro","Los Angeles","Metrolink realtime trips documented30sec; Metro urban rail not commuter equivalent","Agency-level candidates within MSA; not claim of full MSA service","uncounted","no live coverage percentage asserted","Trips feed30sec; actual latency unmeasured","operator-specific; exact grants unresolved unless source row specifies","unclear or conditional; GTFS format confers no permission","unclear or source-specific restrictions","operator-specific; verify exact text","public source no fee stated; agreements may differ","official operator portal/API/GTFS; do not scrape consumer tracker","operator-specific; see source rows","screened; no sustained live feed test","multi-operator integration; estimate","Verify commuter mode and observed positions separately; use prediction markers when only arrivals exist","Official live prediction is not GPS; schedule-based moving dots are illustrative; selected agencies are not complete national transit inventory","https://metrolinktrains.com/about/gtfs/gtfs-rt-access/ | https://www2.census.gov/programs-surveys/popest/datasets/2020-2025/metro/totals/cbsa-est2025-alldata.csv","2026-10-07","official documentation; mode and licence validation pending"
"metro_coverage","Census Vintage2025 top20 MSA rail matrix","3","Metra; CTA","Chicago","CTA Train Tracker verified; Metra exact official machine-readable live feed unresolved; CTA urban rail differs from Metra commuter","Agency-level candidates within MSA; not claim of full MSA service","uncounted","no live coverage percentage asserted","source/endpoint-specific; actual latency unmeasured","CTA purpose-restricted licence; Metra unclear","unclear or conditional; GTFS format confers no permission","unclear or source-specific restrictions","operator-specific; verify exact text","public source no fee stated; agreements may differ","official operator portal/API/GTFS; do not scrape consumer tracker","operator-specific; see source rows","screened; no sustained live feed test","multi-operator integration; estimate","Verify commuter mode and observed positions separately; use prediction markers when only arrivals exist","Official live prediction is not GPS; schedule-based moving dots are illustrative; selected agencies are not complete national transit inventory","https://www.transitchicago.com/developers/ttdocs/default.aspx | https://www.metra.com/ | https://www2.census.gov/programs-surveys/popest/datasets/2020-2025/metro/totals/cbsa-est2025-alldata.csv","2026-10-07","partial official verification; unresolved coverage/terms marked"
"metro_coverage","Census Vintage2025 top20 MSA rail matrix","4","DART; TRE; Trinity Metro TEXRail","Dallas-Fort Worth","Commuter operators need separate verification; DART live machine-readable rail coverage unresolved","Agency-level candidates within MSA; not claim of full MSA service","uncounted","no live coverage percentage asserted","source/endpoint-specific; actual latency unmeasured","operator-specific; exact grants unresolved unless source row specifies","unclear or conditional; GTFS format confers no permission","unclear or source-specific restrictions","operator-specific; verify exact text","public source no fee stated; agreements may differ","official operator portal/API/GTFS; do not scrape consumer tracker","operator-specific; see source rows","screened; no sustained live feed test","multi-operator integration; estimate","Verify commuter mode and observed positions separately; use prediction markers when only arrivals exist","Official live prediction is not GPS; schedule-based moving dots are illustrative; selected agencies are not complete national transit inventory","https://www.dart.org/ | https://ridetrinitymetro.org/ | https://www2.census.gov/programs-surveys/popest/datasets/2020-2025/metro/totals/cbsa-est2025-alldata.csv","2026-10-07","partial official verification; unresolved coverage/terms marked"
"metro_coverage","Census Vintage2025 top20 MSA rail matrix","5","METRO","Houston","Official developer portal realtime/static verified; rail field coverage unresolved; METRORail urban light rail","Agency-level candidates within MSA; not claim of full MSA service","uncounted","no live coverage percentage asserted","source/endpoint-specific; actual latency unmeasured","operator-specific; exact grants unresolved unless source row specifies","unclear or conditional; GTFS format confers no permission","unclear or source-specific restrictions","operator-specific; verify exact text","public source no fee stated; agreements may differ","official operator portal/API/GTFS; do not scrape consumer tracker","operator-specific; see source rows","screened; no sustained live feed test","multi-operator integration; estimate","Verify commuter mode and observed positions separately; use prediction markers when only arrivals exist","Official live prediction is not GPS; schedule-based moving dots are illustrative; selected agencies are not complete national transit inventory","https://www.ridemetro.org/about/business-to-business/developer-portal | https://www2.census.gov/programs-surveys/popest/datasets/2020-2025/metro/totals/cbsa-est2025-alldata.csv","2026-10-07","partial official verification; unresolved coverage/terms marked"
"metro_coverage","Census Vintage2025 top20 MSA rail matrix","6","MARTA","Atlanta","Official rail realtime arrivals endpoint documented; no commuter rail feed established","Agency-level candidates within MSA; not claim of full MSA service","uncounted","no live coverage percentage asserted","source/endpoint-specific; actual latency unmeasured","operator-specific; exact grants unresolved unless source row specifies","unclear or conditional; GTFS format confers no permission","unclear or source-specific restrictions","operator-specific; verify exact text","public source no fee stated; agreements may differ","official operator portal/API/GTFS; do not scrape consumer tracker","operator-specific; see source rows","screened; no sustained live feed test","multi-operator integration; estimate","Verify commuter mode and observed positions separately; use prediction markers when only arrivals exist","Official live prediction is not GPS; schedule-based moving dots are illustrative; selected agencies are not complete national transit inventory","https://itsmarta.com/app-developer-resources.aspx | https://www2.census.gov/programs-surveys/popest/datasets/2020-2025/metro/totals/cbsa-est2025-alldata.csv","2026-10-07","official documentation; mode and licence validation pending"
"metro_coverage","Census Vintage2025 top20 MSA rail matrix","7","VRE; MARC; WMATA","Washington","WMATA predictions verified; commuter VRE/MARC feed rights/coverage unresolved","Agency-level candidates within MSA; not claim of full MSA service","uncounted","no live coverage percentage asserted","source/endpoint-specific; actual latency unmeasured","operator-specific; exact grants unresolved unless source row specifies","unclear or conditional; GTFS format confers no permission","unclear or source-specific restrictions","operator-specific; verify exact text","public source no fee stated; agreements may differ","official operator portal/API/GTFS; do not scrape consumer tracker","operator-specific; see source rows","screened; no sustained live feed test","multi-operator integration; estimate","Verify commuter mode and observed positions separately; use prediction markers when only arrivals exist","Official live prediction is not GPS; schedule-based moving dots are illustrative; selected agencies are not complete national transit inventory","https://www.wmata.com/about/developers.html | https://developer.wmata.com/license | https://www2.census.gov/programs-surveys/popest/datasets/2020-2025/metro/totals/cbsa-est2025-alldata.csv","2026-10-07","partial official verification; unresolved coverage/terms marked"
"metro_coverage","Census Vintage2025 top20 MSA rail matrix","8","Tri-Rail; Brightline; Miami-Dade","Miami","Different commuter/intercity/urban operators; official reusable live rail coordinates unresolved","Agency-level candidates within MSA; not claim of full MSA service","uncounted","no live coverage percentage asserted","source/endpoint-specific; actual latency unmeasured","operator-specific; exact grants unresolved unless source row specifies","unclear or conditional; GTFS format confers no permission","unclear or source-specific restrictions","operator-specific; verify exact text","public source no fee stated; agreements may differ","official operator portal/API/GTFS; do not scrape consumer tracker","operator-specific; see source rows","screened; no sustained live feed test","multi-operator integration; estimate","Verify commuter mode and observed positions separately; use prediction markers when only arrivals exist","Official live prediction is not GPS; schedule-based moving dots are illustrative; selected agencies are not complete national transit inventory","https://www.tri-rail.com/ | https://www.miamidade.gov/global/transportation/home.page | https://www2.census.gov/programs-surveys/popest/datasets/2020-2025/metro/totals/cbsa-est2025-alldata.csv","2026-10-07","partial official verification; unresolved coverage/terms marked"
"metro_coverage","Census Vintage2025 top20 MSA rail matrix","9","SEPTA Regional Rail; PATCO","Philadelphia","SEPTA regional API documented; rights and coordinate semantics unresolved","Agency-level candidates within MSA; not claim of full MSA service","uncounted","no live coverage percentage asserted","source/endpoint-specific; actual latency unmeasured","operator-specific; exact grants unresolved unless source row specifies","unclear or conditional; GTFS format confers no permission","unclear or source-specific restrictions","operator-specific; verify exact text","public source no fee stated; agreements may differ","official operator portal/API/GTFS; do not scrape consumer tracker","operator-specific; see source rows","screened; no sustained live feed test","multi-operator integration; estimate","Verify commuter mode and observed positions separately; use prediction markers when only arrivals exist","Official live prediction is not GPS; schedule-based moving dots are illustrative; selected agencies are not complete national transit inventory","https://app.septa.org/ | https://www2.census.gov/programs-surveys/popest/datasets/2020-2025/metro/totals/cbsa-est2025-alldata.csv","2026-10-07","partial official verification; unresolved coverage/terms marked"
"metro_coverage","Census Vintage2025 top20 MSA rail matrix","10","Valley Metro","Phoenix","Urban light rail; commuter feed not applicable; reusable live rail coverage unresolved","Agency-level candidates within MSA; not claim of full MSA service","uncounted","no live coverage percentage asserted","source/endpoint-specific; actual latency unmeasured","operator-specific; exact grants unresolved unless source row specifies","unclear or conditional; GTFS format confers no permission","unclear or source-specific restrictions","operator-specific; verify exact text","public source no fee stated; agreements may differ","official operator portal/API/GTFS; do not scrape consumer tracker","operator-specific; see source rows","screened; no sustained live feed test","multi-operator integration; estimate","Verify commuter mode and observed positions separately; use prediction markers when only arrivals exist","Official live prediction is not GPS; schedule-based moving dots are illustrative; selected agencies are not complete national transit inventory","https://www.valleymetro.org/ | https://www2.census.gov/programs-surveys/popest/datasets/2020-2025/metro/totals/cbsa-est2025-alldata.csv","2026-10-07","partial official verification; unresolved coverage/terms marked"
"metro_coverage","Census Vintage2025 top20 MSA rail matrix","11","MBTA commuter rail","Boston","Official V3 realtime/alerts API verified; vehicle coverage and MassDOT licence scope verify","Agency-level candidates within MSA; not claim of full MSA service","uncounted","no live coverage percentage asserted","source/endpoint-specific; actual latency unmeasured","MassDOT Developers License Agreement; exact grant verify","unclear or conditional; GTFS format confers no permission","unclear or source-specific restrictions","operator-specific; verify exact text","public source no fee stated; agreements may differ","official operator portal/API/GTFS; do not scrape consumer tracker","operator-specific; see source rows","screened; no sustained live feed test","multi-operator integration; estimate","Verify commuter mode and observed positions separately; use prediction markers when only arrivals exist","Official live prediction is not GPS; schedule-based moving dots are illustrative; selected agencies are not complete national transit inventory","https://api-v3.mbta.com/ | https://www.mass.gov/doc/developers-license-agreement-11132009/download | https://www2.census.gov/programs-surveys/popest/datasets/2020-2025/metro/totals/cbsa-est2025-alldata.csv","2026-10-07","official documentation; mode and licence validation pending"
"metro_coverage","Census Vintage2025 top20 MSA rail matrix","12","Metrolink","Riverside-San Bernardino","Same operator feed as LA; do not double-count national distinct feeds","Agency-level candidates within MSA; not claim of full MSA service","uncounted","no live coverage percentage asserted","Trips feed30sec; actual latency unmeasured","operator-specific; exact grants unresolved unless source row specifies","unclear or conditional; GTFS format confers no permission","unclear or source-specific restrictions","operator-specific; verify exact text","public source no fee stated; agreements may differ","official operator portal/API/GTFS; do not scrape consumer tracker","operator-specific; see source rows","screened; no sustained live feed test","multi-operator integration; estimate","Verify commuter mode and observed positions separately; use prediction markers when only arrivals exist","Official live prediction is not GPS; schedule-based moving dots are illustrative; selected agencies are not complete national transit inventory","https://metrolinktrains.com/about/gtfs/gtfs-rt-access/ | https://www2.census.gov/programs-surveys/popest/datasets/2020-2025/metro/totals/cbsa-est2025-alldata.csv","2026-10-07","official documentation; mode and licence validation pending"
"metro_coverage","Census Vintage2025 top20 MSA rail matrix","13","Caltrain; BART; ACE; SMART; SFMTA","San Francisco-Oakland","BART developer program verified; all commuter operators need individual rights/position validation","Agency-level candidates within MSA; not claim of full MSA service","uncounted","no live coverage percentage asserted","source/endpoint-specific; actual latency unmeasured","operator-specific; exact grants unresolved unless source row specifies","unclear or conditional; GTFS format confers no permission","unclear or source-specific restrictions","operator-specific; verify exact text","public source no fee stated; agreements may differ","official operator portal/API/GTFS; do not scrape consumer tracker","operator-specific; see source rows","screened; no sustained live feed test","multi-operator integration; estimate","Verify commuter mode and observed positions separately; use prediction markers when only arrivals exist","Official live prediction is not GPS; schedule-based moving dots are illustrative; selected agencies are not complete national transit inventory","https://www.bart.gov/about/developers | https://www.bart.gov/schedules/developers/api | https://www2.census.gov/programs-surveys/popest/datasets/2020-2025/metro/totals/cbsa-est2025-alldata.csv","2026-10-07","official documentation; mode and licence validation pending"
"metro_coverage","Census Vintage2025 top20 MSA rail matrix","14","People Mover; QLINE; DDOT bus","Detroit","Urban circulator/streetcar; DDOT bus tracker is not commuter rail location evidence","Agency-level candidates within MSA; not claim of full MSA service","uncounted","no live coverage percentage asserted","source/endpoint-specific; actual latency unmeasured","operator-specific; exact grants unresolved unless source row specifies","unclear or conditional; GTFS format confers no permission","unclear or source-specific restrictions","operator-specific; verify exact text","public source no fee stated; agreements may differ","official operator portal/API/GTFS; do not scrape consumer tracker","operator-specific; see source rows","screened; no sustained live feed test","multi-operator integration; estimate","Verify commuter mode and observed positions separately; use prediction markers when only arrivals exist","Official live prediction is not GPS; schedule-based moving dots are illustrative; selected agencies are not complete national transit inventory","https://detroitmi.gov/departments/detroit-department-transportation | https://www2.census.gov/programs-surveys/popest/datasets/2020-2025/metro/totals/cbsa-est2025-alldata.csv","2026-10-07","official documentation; mode and licence validation pending"
"metro_coverage","Census Vintage2025 top20 MSA rail matrix","15","Sound Transit Sounder/Link","Seattle","Official Sounder/Link realtime alerts verified; coordinate coverage unestablished","Agency-level candidates within MSA; not claim of full MSA service","uncounted","no live coverage percentage asserted","source/endpoint-specific; actual latency unmeasured","operator-specific; exact grants unresolved unless source row specifies","unclear or conditional; GTFS format confers no permission","unclear or source-specific restrictions","operator-specific; verify exact text","public source no fee stated; agreements may differ","official operator portal/API/GTFS; do not scrape consumer tracker","operator-specific; see source rows","screened; no sustained live feed test","multi-operator integration; estimate","Verify commuter mode and observed positions separately; use prediction markers when only arrivals exist","Official live prediction is not GPS; schedule-based moving dots are illustrative; selected agencies are not complete national transit inventory","https://www.soundtransit.org/help-contacts/business-information/open-transit-data-otd/otd-downloads | https://www2.census.gov/programs-surveys/popest/datasets/2020-2025/metro/totals/cbsa-est2025-alldata.csv","2026-10-07","partial official verification; unresolved coverage/terms marked"
"metro_coverage","Census Vintage2025 top20 MSA rail matrix","16","Metro Transit","Minneapolis-St Paul","NexTrip official feed verified; current commuter service/feed and rail positions must be checked","Agency-level candidates within MSA; not claim of full MSA service","uncounted","no live coverage percentage asserted","source/endpoint-specific; actual latency unmeasured","operator-specific; exact grants unresolved unless source row specifies","unclear or conditional; GTFS format confers no permission","unclear or source-specific restrictions","operator-specific; verify exact text","public source no fee stated; agreements may differ","official operator portal/API/GTFS; do not scrape consumer tracker","operator-specific; see source rows","screened; no sustained live feed test","multi-operator integration; estimate","Verify commuter mode and observed positions separately; use prediction markers when only arrivals exist","Official live prediction is not GPS; schedule-based moving dots are illustrative; selected agencies are not complete national transit inventory","https://www.metrotransit.org/resources/apps/ | https://www2.census.gov/programs-surveys/popest/datasets/2020-2025/metro/totals/cbsa-est2025-alldata.csv","2026-10-07","official documentation; mode and licence validation pending"
"metro_coverage","Census Vintage2025 top20 MSA rail matrix","17","HART; TECO streetcar","Tampa-St Petersburg","Streetcar not commuter rail; reusable live rail position feed unresolved","Agency-level candidates within MSA; not claim of full MSA service","uncounted","no live coverage percentage asserted","source/endpoint-specific; actual latency unmeasured","operator-specific; exact grants unresolved unless source row specifies","unclear or conditional; GTFS format confers no permission","unclear or source-specific restrictions","operator-specific; verify exact text","public source no fee stated; agreements may differ","official operator portal/API/GTFS; do not scrape consumer tracker","operator-specific; see source rows","screened; no sustained live feed test","multi-operator integration; estimate","Verify commuter mode and observed positions separately; use prediction markers when only arrivals exist","Official live prediction is not GPS; schedule-based moving dots are illustrative; selected agencies are not complete national transit inventory","https://www.gohart.org/ | https://www2.census.gov/programs-surveys/popest/datasets/2020-2025/metro/totals/cbsa-est2025-alldata.csv","2026-10-07","partial official verification; unresolved coverage/terms marked"
"metro_coverage","Census Vintage2025 top20 MSA rail matrix","18","NCTD COASTER; MTS","San Diego","Commuter COASTER and urban trolley separate; official reusable live coverage unresolved","Agency-level candidates within MSA; not claim of full MSA service","uncounted","no live coverage percentage asserted","source/endpoint-specific; actual latency unmeasured","operator-specific; exact grants unresolved unless source row specifies","unclear or conditional; GTFS format confers no permission","unclear or source-specific restrictions","operator-specific; verify exact text","public source no fee stated; agreements may differ","official operator portal/API/GTFS; do not scrape consumer tracker","operator-specific; see source rows","screened; no sustained live feed test","multi-operator integration; estimate","Verify commuter mode and observed positions separately; use prediction markers when only arrivals exist","Official live prediction is not GPS; schedule-based moving dots are illustrative; selected agencies are not complete national transit inventory","https://gonctd.com/ | https://www.sdmts.com/ | https://www2.census.gov/programs-surveys/popest/datasets/2020-2025/metro/totals/cbsa-est2025-alldata.csv","2026-10-07","partial official verification; unresolved coverage/terms marked"
"metro_coverage","Census Vintage2025 top20 MSA rail matrix","19","RTD commuter/light rail","Denver","GTFS-RT predictions/vehicles documented; within2min claim; confirm modes in actual feed","Agency-level candidates within MSA; not claim of full MSA service","uncounted","no live coverage percentage asserted","RTD docs within2min; verify timestamps","RTD agreement required; exact grant unclear","unclear or conditional; GTFS format confers no permission","unclear or source-specific restrictions","operator-specific; verify exact text","public source no fee stated; agreements may differ","official operator portal/API/GTFS; do not scrape consumer tracker","operator-specific; see source rows","screened; no sustained live feed test","multi-operator integration; estimate","Verify commuter mode and observed positions separately; use prediction markers when only arrivals exist","Official live prediction is not GPS; schedule-based moving dots are illustrative; selected agencies are not complete national transit inventory","https://www.rtd-denver.com/open-records/open-spatial-information/real-time-feeds | https://www2.census.gov/programs-surveys/popest/datasets/2020-2025/metro/totals/cbsa-est2025-alldata.csv","2026-10-07","official documentation; mode and licence validation pending"
"metro_coverage","Census Vintage2025 top20 MSA rail matrix","20","SunRail; LYNX","Orlando","SunRail official static GTFS verified; no official licensed live rail position feed established; LYNX bus not evidence","Agency-level candidates within MSA; not claim of full MSA service","uncounted","no live coverage percentage asserted","source/endpoint-specific; actual latency unmeasured","operator-specific; exact grants unresolved unless source row specifies","unclear or conditional; GTFS format confers no permission","unclear or source-specific restrictions","operator-specific; verify exact text","public source no fee stated; agreements may differ","official operator portal/API/GTFS; do not scrape consumer tracker","operator-specific; see source rows","screened; no sustained live feed test","multi-operator integration; estimate","Verify commuter mode and observed positions separately; use prediction markers when only arrivals exist","Official live prediction is not GPS; schedule-based moving dots are illustrative; selected agencies are not complete national transit inventory","https://corporate.sunrail.com/about-sunrail/gtfs-data-download/ | https://www.golynx.com/maps-schedules/gis-gtfs-lynx.stml | https://www2.census.gov/programs-surveys/popest/datasets/2020-2025/metro/totals/cbsa-est2025-alldata.csv","2026-10-07","official documentation; mode and licence validation pending"
"supplementary_metro","rail matrix outside top20","","Charlotte CATS","Charlotte","Charlotte is not Census Vintage2025 top20; urban Blue/Gold lines; realtime rail feed and rights unresolved","Charlotte","","","unmeasured","unclear","unclear","unclear","unclear","","","","","","Keep supplementary; do not replace Riverside in top20","","https://www.charlottenc.gov/Services/Bus-Rail-and-Air | https://www2.census.gov/programs-surveys/popest/datasets/2020-2025/metro/totals/cbsa-est2025-alldata.csv","2026-10-07","official service page; live feed unresolved"
"methodology","scoring","","Scoring and live semantics","","1–5 visual:1limited localized value to5compelling motion/area; ease:1bespoke/contracts to5simple documented endpoint; licence safety:1prohibited/unresolved to5explicit federal public domain; product=visual*ease*licence safety; descending rank; analyst judgement not measured performance","","","","","","","","","","","","","","Top3 source score: earthquake125; COOPS100; NDBC80 tied USGS water80; prioritize USGS water ahead of partner-mixed NDBC for licence clarity","Scores do not override unclear commercial permission; no schedule-to-location inference; illustrative planes remain explicitly non-live; host feed credits separate from ODbL package","https://gtfs.org/documentation/schedule/reference/","2026-10-07","transparent analyst assessment"
