Country,Status,Driving side,Key data sources + licence status,Weather source,Transit feeds,Regional kit status,Archetypes status,Research packs,Aggregate licence status,Notes
United States,live test,right,OSM/Overture ODbL; USGS public-domain selected products; municipal rights vary,WeatherKit app conditions; NWS alerts; NOAA independent retained history proposed,CTA/Metra/RTD research/filed relay; actual feed integration not proved by tracker,"CHI/DEN/MIA and US-wave2 house/district designs; infrastructure and landscape concepts; transport anchor approved; R 8 Oct 2026: Greenville SC, NYC hero, SF r2 and wave 3 approved design targets","16 approved CHI/DEN/MIA; 16 concept NYC/LA/PHX/SEA; 32 US-wave2 concepts; approved 8 Oct: 6 Greenville, 7 NYC hero, 38 wave 2 (SF r2), 48 wave 3",street-geometry-rules-v1; regional-look-catalog-v1; metro-onboarding-v1; street-trees-by-metro-v1; building-heights-v1; metro-data-coverage-v1; live-flights-v1; real-flights-path-v1; greenville-sc-v1; nyc-hero-v1; us-metros-wave3-v1; terrain-slope-v1; mountain-terrain-v1,YELLOW,"Bundled-area engine evidence in docs/buildings/README.md and docs/m3/wrap-report.md; not nationwide live-feed claim; R 8 Oct 2026: test locations Chicago, Denver, Greenville SC; hero markets San Francisco and New York; life packs (chicago-denver, nyc, sf), nyc-hero-v1, us-metros-wave2-v1 (SF r2), us-metros-wave3-v1, greenville-sc-v1, weather-moments-v1, regional-car-mix-v1, venues-campuses-v1 approved."
Netherlands,launch country (R 8 Oct 2026),right,National 3DBAG roof-aware 3D CC BY4.0; PDOK national 3D; AHN point-cloud terrain. Best compact data-first launch.; GDPR/ePrivacy; 3DBAG attribution specifically bottom-right interactive visualization. No general mapping restriction identified; legal audit unverified.,KNMI open API most datasets CC BY4.0; 2Nov2026 warning transition new feeds currently test data.,NDOV realtime instructions and CC0 file; selected bus/rail feeds rights/IDs require verification.,"Approved design targets (netherlands-style-b-v1, R 8 Oct 2026)","7 Netherlands archetypes per city (Amsterdam, Rotterdam, Utrecht, Leidsche Rijn), 16 district boards, approved design targets",country-shortlist-v1; street-geometry-rules-v1; building-heights-v1; road-signs-signals-v1; regional-car-mix-v1; netherlands-style-b-v1,YELLOW,"Current OSM completeness and height/roof-tag percentages; actual API performance/quota; exact chosen feed rights; market willingness-to-pay; partner interest; comprehensive mapping restriction legal review.; current iPhone ownership; measured app demand/paid conversion; selected dataset ingestion; full product-specific mapping/privacy clearance; R 8 Oct 2026: one of the six launch countries (Canada, UK, Netherlands, Mexico, Australia, Japan)."
Canada,launch country (R 8 Oct 2026),right,"Statistics Canada ODB v3 (2025-04-15) ~14.4m features; mainly footprints, source coverage varies. NRCan HRDEM southern lidar DTM/DSM 1m/2m, northern imagery generally DSM 2m; national coverage still being established, projects not edge-matched. Height extraction feasible where DTM/DSM overlap; no national roof-semantic/LoD2 guarantee.; OGL-Canada grants commercial use/distribution with attribution; excludes personal information/third-party rights and official symbols. PIPEDA meaningful consent and provincial privacy laws (Quebec/Alberta/BC) relevant; precise location linked to identifiable users requires privacy design. No general mapping export prohibition established by this research; mapping-restriction legal clearance UNVERIFIED.","MSC documented CAP alerts, public forecasts and numerical forecasts on Datamart; commercial redistribution licence attachment to feed UNVERIFIED in this pass.","Vancouver TransLink static and realtime GTFS confirmed; API registration required. Custom revocable terms, potential commercial fees and default 1,000 requests/day. Toronto surface-vehicle realtime confirmed; per-feed licence/metro scope UNVERIFIED.","Approved design targets (canada-style-b-v2, R 8 Oct 2026; supersedes the canada-style-b-v1 concepts)","11 Canada archetypes (4 Toronto, 4 Vancouver, 3 Montreal), 6 district boards, approved design targets (v2)",country-shortlist-v1; street-geometry-rules-v1; building-heights-v1; canada-style-b-v1; road-signs-signals-v1; regional-car-mix-v1; canada-style-b-v2,YELLOW,"OSM national roads/buildings completeness and height/roof rates; MSC feed licence binding; Toronto exact feed terms; demand/conversion; partner interest; comprehensive mapping legal clearance.; current iPhone ownership; measured app demand/paid conversion; selected dataset ingestion; full product-specific mapping/privacy clearance; R 8 Oct 2026: one of the six launch countries (Canada, UK, Netherlands, Mexico, Australia, Japan)."
United Kingdom,launch country (R 8 Oct 2026),left,"EA England lidar excellent; OS OpenMap Local generalized GB polygons; no verified open detailed nationwide 3D building model.; UK GDPR/DPA; ICO GPS differs from PECR network location; device SDK access rules separate. No broad restriction identified, security/aerial capture review unverified.",DataHub commercial app forecasts/Atom alerts but original-form redistribution prohibited; paid quotas.,TfL live arrivals/Unified API strongest London story; nationwide bus/rail rights and coverage unverified.,"Approved design targets (uk-style-b-v1, R 8 Oct 2026)","9 UK archetypes (5 London, 2 Manchester, 2 Edinburgh), 6 district boards, approved design targets",country-shortlist-v1; street-geometry-rules-v1; building-heights-v1; road-signs-signals-v1; regional-car-mix-v1; uk-style-b-v1,YELLOW,"Current OSM completeness and height/roof-tag percentages; actual API performance/quota; exact chosen feed rights; market willingness-to-pay; partner interest; comprehensive mapping restriction legal review.; current iPhone ownership; measured app demand/paid conversion; selected dataset ingestion; full product-specific mapping/privacy clearance; R 8 Oct 2026: one of the six launch countries (Canada, UK, Netherlands, Mexico, Australia, Japan)."
France,researched,right,"BD TOPO national 3D vector/height buildings LO2; LiDAR HD openly accessible. Detailed roof mesh reconstruction additional work and coverage vintage QA.; GDPR/ePrivacy, CNIL mobile/geolocation guidance: OS permission alone not consent for ad/share; foreground approximate/local processing where sufficient. Open data not blanket imagery reuse.",Météo-France open datasets/API portal migrating; Vigilance archive LO2 verified; selected live API licence unverified.,"National transport PAN realtime SIRI/GTFSRT and city feeds; feed-specific licences may differ, official rules permit exceptions.",Not designed; country research only,No dedicated design sheets evidenced,country-shortlist-v1; street-geometry-rules-v1,YELLOW,Current OSM completeness and height/roof-tag percentages; actual API performance/quota; exact chosen feed rights; market willingness-to-pay; partner interest; comprehensive mapping restriction legal review.; current iPhone ownership; measured app demand/paid conversion; selected dataset ingestion; full product-specific mapping/privacy clearance
New Zealand,candidate,left,"LINZ CC BY4.0 near-national 2D building roof outlines, national elevation catalogue and many open point clouds create practical height derivation route. No nationwide open LOD2 building/roof model verified.; Privacy Act2020 principles, collection purposes and cross-border disclosure IPP12. Open roof/terrain licences favour redistributable assets; individual transit terms and MetService text conditions still needed. No broad mapping prohibition found.",MetService Open Access includes selected observations and severe outlook/watches/warnings; commercial display allowed unchanged with prescribed adjacent attribution and product-terms credit. General proprietary forecasts require commercial agreement.,Auckland Transport GTFS RT updates at least every30 seconds; API-specific commercial and redistribution rights unverified. Countrywide RT not established.,Not designed; country research only,No dedicated design sheets evidenced,country-shortlist-v1,YELLOW,Nationwide OSM/tag audit; present lidar coverage; nationwide roof heights; AT API reuse rights; forecast contract price; demand.; current iPhone ownership; measured app demand/paid conversion; selected dataset ingestion; full product-specific mapping/privacy clearance
Germany,researched,right,"National basemap.de LoD2 tile candidate: indexed BKG product metadata says CC BY4.0/dl-de/by2.0, but current basemap.de service page links restrictive beta terms (test only; no offline storage/download). Production commercial client redistribution UNVERIFIED due conflict. Bulk LoD2-DE government-restricted route is separate; selected Länder open models/lidar need item audit.; GDPR/ePrivacy; share-alike aggregate transit and CC BY attribution distinct; do not infer national bulk model reuse from tiles. No broad mapping restriction identified; audit unverified. Current service-linked beta licence conflicts with indexed production metadata; do not ship cached national tiles before resolving applicability.",DWD open forecasts/alerts; georeferenced data reuse under GeoNutzV source credit. Selected model/feed terms still audit.,GTFS.de aggregate CC BYSA4.0 partial realtime TripUpdates/alerts; city feeds fragmented; not national live positions.,Not designed; country research only,No dedicated design sheets evidenced,country-shortlist-v1,YELLOW,Current OSM completeness and height/roof-tag percentages; actual API performance/quota; exact chosen feed rights; market willingness-to-pay; partner interest; comprehensive mapping restriction legal review. basemap.de production endpoint/licence conflict and offline asset rights; state-specific alternative building/lidar licences.; current iPhone ownership; measured app demand/paid conversion; selected dataset ingestion; full product-specific mapping/privacy clearance
Australia,launch country (R 8 Oct 2026),left,"National Geoscape buildings/height/roof exist but require commercial contract and redistribution rights. Local open Melbourne mesh; ELVIS lidar mosaic useful. Vicmap Buildings combines proprietary sources and needs access clearance.; Privacy Act/APP applies according to entity scope; minimise location collection, in-context consent, APP8 overseas accountability. No country-wide mapping ban found; spatial datasets may restrict onward supply.",BoM public free forecast/warning/observation defaults explicitly disallow commercial/onward use; acquire production licence. Global weather model alternative does not solve official warning rights.,TfNSW broad realtime updates/positions/alerts and CC BY portal terms are strong; other states and quotas separate.,"mexico-australia-v1 approved (R 8 Oct 2026): 5 archetypes and 3 districts for Sydney and Melbourne; drives on the left; road-signs-signals-v1 for signs, signals and markings",5 approved design targets (mexico-australia-v1),country-shortlist-v1; road-signs-signals-v1; regional-car-mix-v1; mexico-australia-v1,YELLOW,"OSM completeness/tag counts; Geoscape redistribution price; BoM production licence price; nationwide transit coverage; demand validation.; current iPhone ownership; measured app demand/paid conversion; selected dataset ingestion; full product-specific mapping/privacy clearance; R 8 Oct 2026: one of the six launch countries (Canada, UK, Netherlands, Mexico, Australia, Japan)."
Japan,launch country (R 8 Oct 2026),left,"PLATEAU offers openly reusable municipal CityGML models with native geometry and higher-LOD roofs; CC BY compatible default, item notices vary. City-specific coverage, LOD, update year matter.; APPI applies extraterritorially to foreign suppliers handling Japanese consumer personal data; intended location flow and overseas transfers need review. Survey Act and Meteorological Service Act add unusual implementation obligations.",JMA PDL1.0/CC BY compatible data; copyright permits reuse but forecasting-service licence/warning restrictions under Meteorological Service Act require design review.,"ODPT has operator-specific realtime offerings, Basic and Challenge Limited licences. Limited challenge permits company services only within challenge conditions and forbids raw/reconstructable redistribution; verify each Basic feed.",Japan transport anchor approved; regional/infrastructure modules proposed,"8 shared Japan typology concepts, not 8 per city",country-shortlist-v1; street-geometry-rules-v1; building-heights-v1; japan-showcase-v1; japan-style-b-v1; japan-regional-kit-v1; japan-infrastructure-kit-v1; road-signs-signals-v1; regional-car-mix-v1,YELLOW,"Current PLATEAU country coverage/LOD and individual model rights; Basic ODPT commercial/onward terms; JMA forecasting/alert legal applicability; OSM national completeness; willingness-to-pay.; current iPhone ownership; measured app demand/paid conversion; selected dataset ingestion; full product-specific mapping/privacy clearance; R 8 Oct 2026: one of the six launch countries (Canada, UK, Netherlands, Mexico, Australia, Japan)."
Spain,candidate,right,"PNOA nationally scoped lidar cycles, latest programme2022-25 5pt/m2. Building extraction possible; cadastral building vector/height terms unverified.; GDPR/ePrivacy; IGN source/product/year and derivative attribution text. No broad mapping restriction identified; selected cadastral/security restrictions audit unverified.",AEMET OpenData supports commercial reuse and API access with attribution; live warning API formats/quotas need verification.,EMT Madrid city realtime; other metro/city feeds and national uniform realtime coverage unverified.,Not designed; country research only,No dedicated design sheets evidenced,country-shortlist-v1,YELLOW,Current OSM completeness and height/roof-tag percentages; actual API performance/quota; exact chosen feed rights; market willingness-to-pay; partner interest; comprehensive mapping restriction legal review.; current iPhone ownership; measured app demand/paid conversion; selected dataset ingestion; full product-specific mapping/privacy clearance
Italy,candidate,right,"Regional DBGT/lidar: Lombardy complete regional topographic database; Tuscany lidar and Florence DSM CC BY4.0. No verified uniform nationwide roof-aware open3D model.; GDPR/ePrivacy; regional resource-specific licences; cultural heritage imagery/reproduction regime may affect handcrafted landmark/asset licensing, legal verification pending.",National/region civil protection warnings; regional ARPA/weather sources; live commercial machine feed terms unverified.,Rome static GTFS + realtime TU/positions/alerts ~60sec; operational caveats and aggregation restrictions deserve review; national coverage fragmented.,Not designed; country research only,No dedicated design sheets evidenced,country-shortlist-v1,YELLOW,Current OSM completeness and height/roof-tag percentages; actual API performance/quota; exact chosen feed rights; market willingness-to-pay; partner interest; comprehensive mapping restriction legal review.; current iPhone ownership; measured app demand/paid conversion; selected dataset ingestion; full product-specific mapping/privacy clearance
Mexico,launch country (R 8 Oct 2026),right,"INEGI MDE programme includes lidar/photogrammetry products; older technical sheet documents 5m lidar DSM. National 15m terrain/surface continuums documented. No verified complete national individual-building/LoD2 layer. Download coverage/age needs area audit.; INEGI terms explicitly permit commercial exploitation and distributing copies (retain metadata), require credit, disclose transformations and avoid endorsement. Current LFPDPPP enacted March 2025, last reform November 2025: privacy notices, informed consent, ARCO rights and identifiable-location handling relevant. Comprehensive mapping-restriction review UNVERIFIED; no blanket mapping prohibition established.",SMN/CONAGUA publishes national forecasts and warning material; stable machine-readable alert interface and commercial redistribution terms UNVERIFIED. Do not treat visible website bulletins as cleared API.,"CDMX official static GTFS CC BY 4.0, portal resource updated Feb 2026 but description still refers to Oct 2022 version. Includes Metro/Metrobús/RTP/trolleybus/light rail/cablebus/etc. No official nationwide realtime feed verified.","mexico-australia-v1 approved (R 8 Oct 2026): 5 archetypes and 3 districts for Mexico City and Guadalajara; road-signs-signals-v1 for signs, signals and markings",5 approved design targets (mexico-australia-v1),country-shortlist-v1; road-signs-signals-v1; regional-car-mix-v1; mexico-australia-v1,YELLOW,"OSM completeness and roof/height rates; national building footprint dataset; lidar geographic coverage and freshness; SMN alerts API/licence; realtime transit; demand/conversion; partners; mapping legal clearance.; current iPhone ownership; measured app demand/paid conversion; selected dataset ingestion; full product-specific mapping/privacy clearance; R 8 Oct 2026: one of the six launch countries (Canada, UK, Netherlands, Mexico, Australia, Japan)."
South Korea,candidate,right,"National VWorld/NGII spatial and 3D services candidates, but no primary licence permitting WorldEngine commercial client asset redistribution was verified. Avoid treating public viewer/API availability as open assets.; PIPA plus dedicated Location Information Act; Article9 filing for businesses using personal location (exceptions/cross-border applicability need counsel). Detailed government map export remains approval-sensitive. Feb27 2026 conditional Google 1:5000 export approval is specific, not blanket liberalization or WorldEngine permission.",KMA AWS data free KOGL1 with attribution and approval/rates; API hub exposes forecast/advisory/warning products whose exact rights still need item checks.,TAGO realtime arrivals JSON/XML no licence restrictions shown; city-code coverage and station adapters needed; not proof of universal GTFS RT positions.,Not designed; country research only,No dedicated design sheets evidenced,country-shortlist-v1,YELLOW,Commercial redistribution of buildings/3D/lidar; WorldEngine export authorization; location service filing exceptions and consent/retention details; OSM audit; warning licence; demand.; current iPhone ownership; measured app demand/paid conversion; selected dataset ingestion; full product-specific mapping/privacy clearance
