,,,,,,,,,,,,,,,
WorldEngine monument coverage summary,,,,,,,,,,,,,,,
Only built-in-engine and engine-verified counts may be used publicly. Earlier stages are INTERNAL ONLY.,,,,,,,,,,,,,,,
,,,,,,,,,,,,,,,
Distinct records,243,,Municipality unresolved,60,,,,,,,,,,,
,,,,,,,,,,,,,,,
Milestone / stage,Current stage count,Milestone records,Known cities,Countries,Public use,,,,,,,,,,
researched,108,243,44,3,INTERNAL ONLY,Appearance approval is separate from scale and rights clearance.,,,,,,,,,
designed (Style B sheet),121,135,27,2,INTERNAL ONLY,,,,,,,,,,
approved,14,14,5,1,INTERNAL ONLY,Example wording (INTERNAL ONLY):,,,,,,,,,
height verified,0,6,4,1,INTERNAL ONLY,135 monuments designed across 27 known cities in 2 countries,,,,,,,,,
built in engine,0,0,0,0,Stage-eligible; rights still apply,,,,,,,,,,
verified in engine,0,0,0,0,Stage-eligible; rights still apply,Public counts require matching asset/build evidence and rights review.,,,,,,,,,
,,,,,,,,,,,,,,,
Current stages are exclusive; milestones overlap. Municipality-unresolved records are excluded from distinct-city counts.,,,,,,,,,,,,,,,
,,,,,,,,,,,,,,,
By country,,,,,,,,,,,,,,,
Group,Country,Known municipality,Total,Researched,Designed,Approved,Height verified,Built in engine,Verified in engine,Current: researched,Current: designed (Style B sheet),Current: approved,Current: height verified,Current: built in engine,Current: verified in engine
Canada,Canada,n/a,4,4,4,0,0,0,0,0,4,0,0,0,0
Japan,Japan,n/a,3,3,0,0,0,0,0,3,0,0,0,0,0
United States,United States,n/a,236,236,131,14,6,0,0,105,117,14,0,0,0
,,,,,,,,,,,,,,,
,,,,,,,,,,,,,,,
By city — known municipalities and unresolved metro associations,,,,,,,,,,,,,,,
Group,Country,Known municipality,Total,Researched,Designed,Approved,Height verified,Built in engine,Verified in engine,Current: researched,Current: designed (Style B sheet),Current: approved,Current: height verified,Current: built in engine,Current: verified in engine
Arlington,United States,Y,1,1,1,0,0,0,0,0,1,0,0,0,0
Atlanta,United States,Y,8,8,7,0,0,0,0,1,7,0,0,0,0
Austin,United States,Y,7,7,7,0,0,0,0,0,7,0,0,0,0
Berkeley,United States,Y,1,1,0,0,0,0,0,1,0,0,0,0,0
Boston,United States,Y,7,7,7,0,0,0,0,0,7,0,0,0,0
Cambridge,United States,Y,2,2,0,0,0,0,0,2,0,0,0,0,0
Chicago,United States,Y,24,24,21,1,0,0,0,3,20,1,0,0,0
Coral Gables,United States,Y,1,1,0,0,0,0,0,1,0,0,0,0,0
Cumberland,United States,Y,1,1,0,0,0,0,0,1,0,0,0,0,0
Dallas,United States,Y,4,4,3,0,0,0,0,1,3,0,0,0,0
Denver,United States,Y,14,14,13,1,0,0,0,1,12,1,0,0,0
Detroit,United States,Y,3,3,0,0,0,0,0,3,0,0,0,0,0
Evanston,United States,Y,1,1,1,0,0,0,0,0,1,0,0,0,0
Fort Worth,United States,Y,3,3,3,0,0,0,0,0,3,0,0,0,0
Glendale,United States,Y,1,1,0,0,0,0,0,1,0,0,0,0,0
Houston,United States,Y,10,10,7,0,0,0,0,3,7,0,0,0,0
Inglewood,United States,Y,1,1,0,0,0,0,0,1,0,0,0,0,0
Kyoto,Japan,Y,2,2,0,0,0,0,0,2,0,0,0,0,0
Los Angeles,United States,Y,6,6,4,0,0,0,0,2,4,0,0,0,0
Miami Beach,United States,Y,4,4,3,3,0,0,0,1,0,3,0,0,0
Miami Gardens,United States,Y,1,1,1,1,0,0,0,0,0,1,0,0,0
Miami,United States,Y,8,8,8,8,0,0,0,0,0,8,0,0,0
Minneapolis,United States,Y,3,3,0,0,0,0,0,3,0,0,0,0,0
Morrison,United States,Y,2,2,2,0,0,0,0,0,2,0,0,0,0
Nashville,United States,Y,7,7,7,0,0,0,0,0,7,0,0,0,0
New York,United States,Y,8,8,5,0,2,0,0,3,5,0,0,0,0
Orlando,United States,Y,2,2,0,0,0,0,0,2,0,0,0,0,0
Pasadena,United States,Y,1,1,1,0,0,0,0,0,1,0,0,0,0
Philadelphia,United States,Y,9,9,7,0,0,0,0,2,7,0,0,0,0
Phoenix,United States,Y,4,4,4,0,0,0,0,0,4,0,0,0,0
Riverside,United States,Y,2,2,0,0,0,0,0,2,0,0,0,0,0
San Diego,United States,Y,2,2,0,0,0,0,0,2,0,0,0,0,0
San Francisco,United States,Y,6,6,5,0,1,0,0,1,5,0,0,0,0
Scottsdale,United States,Y,1,1,1,0,0,0,0,0,1,0,0,0,0
Seattle,United States,Y,7,7,5,0,1,0,0,2,5,0,0,0,0
Tampa,United States,Y,2,2,0,0,0,0,0,2,0,0,0,0,0
Tempe,United States,Y,1,1,0,0,0,0,0,1,0,0,0,0,0
Tokyo,Japan,Y,1,1,0,0,0,0,0,1,0,0,0,0,0
Toronto,Canada,Y,2,2,2,0,0,0,0,0,2,0,0,0,0
"UNVERIFIED municipality — Atlanta-Sandy Springs-Roswell, GA",United States,N,1,1,0,0,0,0,0,1,0,0,0,0,0
"UNVERIFIED municipality — Boston-Cambridge-Newton, MA-NH",United States,N,3,3,0,0,0,0,0,3,0,0,0,0,0
"UNVERIFIED municipality — Chicago-Naperville-Elgin, IL-IN",United States,N,2,2,0,0,0,0,0,2,0,0,0,0,0
"UNVERIFIED municipality — Dallas-Fort Worth-Arlington, TX",United States,N,2,2,0,0,0,0,0,2,0,0,0,0,0
"UNVERIFIED municipality — Detroit-Warren-Dearborn, MI",United States,N,2,2,0,0,0,0,0,2,0,0,0,0,0
"UNVERIFIED municipality — Houston-Pasadena-The Woodlands, TX",United States,N,2,2,0,0,0,0,0,2,0,0,0,0,0
"UNVERIFIED municipality — Los Angeles-Long Beach-Anaheim, CA",United States,N,5,5,0,0,0,0,0,5,0,0,0,0,0
"UNVERIFIED municipality — Miami-Fort Lauderdale-West Palm Beach, FL",United States,N,2,2,0,0,0,0,0,2,0,0,0,0,0
"UNVERIFIED municipality — Minneapolis-St. Paul-Bloomington, MN-WI",United States,N,1,1,0,0,0,0,0,1,0,0,0,0,0
UNVERIFIED municipality — Mount Rainier terrain,United States,N,1,1,0,0,0,0,0,1,0,0,0,0,0
"UNVERIFIED municipality — New York-Newark-Jersey City, NY-NJ",United States,N,12,12,0,0,0,0,0,12,0,0,0,0,0
"UNVERIFIED municipality — Philadelphia-Camden-Wilmington, PA-NJ-DE-MD",United States,N,5,5,0,0,0,0,0,5,0,0,0,0,0
"UNVERIFIED municipality — San Diego-Chula Vista-Carlsbad, CA",United States,N,2,2,0,0,0,0,0,2,0,0,0,0,0
"UNVERIFIED municipality — San Francisco-Oakland-Fremont, CA",United States,N,6,6,0,0,0,0,0,6,0,0,0,0,0
"UNVERIFIED municipality — Seattle-Tacoma-Bellevue, WA",United States,N,5,5,0,0,0,0,0,5,0,0,0,0,0
"UNVERIFIED municipality — Tampa-St. Petersburg-Clearwater, FL",United States,N,2,2,0,0,0,0,0,2,0,0,0,0,0
"UNVERIFIED municipality — Washington-Arlington-Alexandria, DC-VA-MD-WV",United States,N,4,4,0,0,0,0,0,4,0,0,0,0,0
UNVERIFIED municipality — multi-city Biscayne Bay,United States,N,1,1,0,0,0,0,0,1,0,0,0,0,0
UNVERIFIED municipality — multi-city Front Range,United States,N,1,1,0,0,0,0,0,1,0,0,0,0,0
UNVERIFIED municipality — multi-city Lake Michigan,United States,N,1,1,0,0,0,0,0,1,0,0,0,0,0
"University Park, Florida",United States,Y,1,1,0,0,0,0,0,1,0,0,0,0,0
"University Park, Texas",United States,Y,1,1,0,0,0,0,0,1,0,0,0,0,0
Vancouver,Canada,Y,2,2,2,0,0,0,0,0,2,0,0,0,0
Washington,United States,Y,8,8,7,0,2,0,0,1,7,0,0,0,0
Wilmette,United States,Y,1,1,1,0,0,0,0,0,1,0,0,0,0
,,,,,,,,,,,,,,,
,,,,,,,,,,,,,,,
By normalized type — original subtype retained in Monuments,,,,,,,,,,,,,,,
Group,Country,Known municipality,Total,Researched,Designed,Approved,Height verified,Built in engine,Verified in engine,Current: researched,Current: designed (Style B sheet),Current: approved,Current: height verified,Current: built in engine,Current: verified in engine
stadium,,n/a,37,37,16,5,0,0,0,21,11,5,0,0,0
tower,,n/a,25,25,24,2,3,0,0,1,22,2,0,0,0
civic,,n/a,109,109,52,2,3,0,0,57,50,2,0,0,0
museum,,n/a,8,8,8,1,0,0,0,0,7,1,0,0,0
religious,,n/a,3,3,2,0,0,0,0,1,2,0,0,0,0
park,,n/a,24,24,3,0,0,0,0,21,3,0,0,0,0
natural,,n/a,5,5,0,0,0,0,0,5,0,0,0,0,0
district,,n/a,32,32,30,4,0,0,0,2,26,4,0,0,0
