"rank","country","iso2","recommendation","rank_reason_inference","pilot_scope_inference","osm_roads_buildings_assessment","osm_height_roof_tags_status","buildings_3d_lidar","weather_and_alerts","transit_realtime","terrain","night_lights","vegetation_source","visual_architecture_trees_inference","ios_mobile_web_usage_pct","ios_period","ios_metric","iphone_ownership_share","market_appetite","partners_inference","legal_location_and_mapping","evidence_confidence","unverified_items","source_ids","research_date"
"1","Netherlands","NL","launch","Best national roof-aware 3D path and compact distinctive landscape; weaker iOS proxy but high engineering value.","Amsterdam; Utrecht; rural polder sample","Road/building footprint readiness expected high; no current quantified completeness or height/roof ratio. 3DBAG removes need for OSM roof dependence.","UNVERIFIED: no current national tag audit; height/levels/roof attributes require separate city measurements","National 3DBAG roof-aware 3D CC BY4.0; PDOK national 3D; AHN point-cloud terrain. Best compact data-first launch.","KNMI open API most datasets CC BY4.0; 2Nov2026 warning transition new feeds currently test data.","NDOV realtime instructions and CC0 file; selected bus/rail feeds rights/IDs require verification.","AHN rasters/point clouds; flat terrain lowers mesh complexity, canals/water important.","GLOBAL-VNL: covered historical VIIRS VNL CC BY4; coarse ambient effect, not live lights; selected product extent audit","GLOBAL-WORLDCOVER: 2020/2021 10m land cover; local inventories and species placement UNVERIFIED","Canal houses, narrow gables, brick rowhouses, cycling paths, polder geometry; deciduous street trees. Distinctive medium art; water/bridges highest challenge.","31.82","2026-09","Statcounter mobile web iOS pageview usage; NOT iPhone ownership share","UNVERIFIED","September2026 Statcounter iOS mobile web usage 31.82%; proxy not installed base. Cycling/transit/outdoor city use cases plausible; small domestic market; willingness-to-pay unverified.","UNVERIFIED commercial interest: 3DGI/TU Delft technical partners; Kadaster/PDOK; NS, tourism/cycling/event publishers (hypotheses).","GDPR/ePrivacy; 3DBAG attribution specifically bottom-right interactive visualization. No general mapping restriction identified; legal audit unverified.","high for 3D, medium overall","Current OSM completeness and height/roof-tag percentages; actual API performance/quota; exact chosen feed rights; market willingness-to-pay; partner interest; comprehensive mapping restriction legal review.; current iPhone ownership; measured app demand/paid conversion; selected dataset ingestion; full product-specific mapping/privacy clearance","eu-nl3d; eu-pdok; eu-ahn; eu-knmi; eu-knmi-migration; eu-ndov; eu-edpb; eu-ios-NL; MARKET-NL-CYCLING; GLOBAL-OSM; GLOBAL-OSMF; GLOBAL-OSM-QA; GLOBAL-VNL; GLOBAL-DEM90; GLOBAL-WORLDCOVER; GLOBAL-ECMWF; MARKET-METHOD","2026-10-07"
"2","Canada","CA","launch","High iOS proxy, open footprints/terrain and substantial US asset reuse; selected alert and transit rights unresolved.","Vancouver; Toronto; Montreal follow-on","Qualitative prior: strong major-city road coverage and active open-building imports; national completeness and height/roof-tag rates UNVERIFIED (no extract audit). ODB is a supplementary footprint source, not proof of OSM completeness.","UNVERIFIED: no current national tag audit; height/levels/roof attributes require separate city measurements","Statistics Canada ODB v3 (2025-04-15) ~14.4m features; mainly footprints, source coverage varies. NRCan HRDEM southern lidar DTM/DSM 1m/2m, northern imagery generally DSM 2m; national coverage still being established, projects not edge-matched. Height extraction feasible where DTM/DSM overlap; no national roof-semantic/LoD2 guarantee.","MSC documented CAP alerts, public forecasts and numerical forecasts on Datamart; commercial redistribution licence attachment to feed UNVERIFIED in this pass.","Vancouver TransLink static and realtime GTFS confirmed; API registration required. Custom revocable terms, potential commercial fees and default 1,000 requests/day. Toronto surface-vehicle realtime confirmed; per-feed licence/metro scope UNVERIFIED.","HRDEM for selected high-quality launch areas; global terrain fallback needed outside coverage.","GLOBAL-VNL: covered historical VIIRS VNL CC BY4; coarse ambient effect, not live lights; selected product extent audit","GLOBAL-WORLDCOVER: 2020/2021 10m land cover; local inventories and species placement UNVERIFIED","Design inference: low-medium incremental difficulty versus US, suburban pitched roofs and glass towers can reuse assets; Montreal/Quebec historic facades need regional style; conifer/deciduous forests and snow seasons increase vegetation/season work. Vancouver mountain/water setting differentiates strongly.","64.87","2026-09","Statcounter mobile web iOS pageview usage; NOT iPhone ownership share","UNVERIFIED","Statcounter Sep 2026 mobile web OS iOS 64.87%; usage proxy, not installed iPhone share. Statistics Canada 2023 survey: 77% of households participated in outdoor activities within ten-minute journey of home, supporting outdoor proposition but not app purchase intent. Event/maps app appetite UNVERIFIED.","UNVERIFIED commercial interest: Hypotheses, not confirmed licensing interest: municipal open-data teams (Toronto/Vancouver/Montreal), TransLink/TTC, tourism boards, Parks Canada, ski/outdoor operators and event venues.","OGL-Canada grants commercial use/distribution with attribution; excludes personal information/third-party rights and official symbols. PIPEDA meaningful consent and provincial privacy laws (Quebec/Alberta/BC) relevant; precise location linked to identifiable users requires privacy design. No general mapping export prohibition established by this research; mapping-restriction legal clearance UNVERIFIED.","High for ODB/HRDEM/iOS/privacy; medium overall because OSM audit and feed terms remain.","OSM national roads/buildings completeness and height/roof rates; MSC feed licence binding; Toronto exact feed terms; demand/conversion; partner interest; comprehensive mapping legal clearance.; current iPhone ownership; measured app demand/paid conversion; selected dataset ingestion; full product-specific mapping/privacy clearance","CA-ODB; CA-HRDEM; CA-OGL; CA-MSC; CA-TRANS; CA-TRANSTERMS; CA-IOS; CA-OUTDOOR; CA-PRIV; CA-APPPRIV; CA-OSM; MARKET-CA-OUTDOOR; GLOBAL-OSM; GLOBAL-OSMF; GLOBAL-OSM-QA; GLOBAL-VNL; GLOBAL-DEM90; GLOBAL-WORLDCOVER; GLOBAL-ECMWF; MARKET-METHOD","2026-10-07"
"3","United Kingdom","GB","launch","English operations plus London live-layer showcase; detailed open nationwide buildings remain principal gap.","London; terrain-rich England region","Roads expected mature; building footprints uneven; height/roof tags not measured. OSM QA required.","UNVERIFIED: no current national tag audit; height/levels/roof attributes require separate city measurements","EA England lidar excellent; OS OpenMap Local generalized GB polygons; no verified open detailed nationwide 3D building model.","DataHub commercial app forecasts/Atom alerts but original-form redistribution prohibited; paid quotas.","TfL live arrivals/Unified API strongest London story; nationwide bus/rail rights and coverage unverified.","EA1m England; Scotland/Wales/NI require separate sources; global terrain fallback.","GLOBAL-VNL: covered historical VIIRS VNL CC BY4; coarse ambient effect, not live lights; selected product extent audit","GLOBAL-WORLDCOVER: 2020/2021 10m land cover; local inventories and species placement UNVERIFIED","Brick terraces, pitched/slate roofs, Georgian rows, hedges, deciduous woodland and northern uplands. Medium style work; narrow terraces need party-wall handling.","46.88","2026-09","Statcounter mobile web iOS pageview usage; NOT iPhone ownership share","UNVERIFIED","September2026 Statcounter iOS mobile web usage 46.88%; proxy not installed base. English launch efficiency; urban events and walking use cases plausible, willingness-to-pay unverified.","UNVERIFIED commercial interest: TfL; OS commercial 3D licensing; tourism boards; event promoters (hypotheses).","UK GDPR/DPA; ICO GPS differs from PECR network location; device SDK access rules separate. No broad restriction identified, security/aerial capture review unverified.","medium","Current OSM completeness and height/roof-tag percentages; actual API performance/quota; exact chosen feed rights; market willingness-to-pay; partner interest; comprehensive mapping restriction legal review.; current iPhone ownership; measured app demand/paid conversion; selected dataset ingestion; full product-specific mapping/privacy clearance","eu-gbterrain; eu-gbweather; eu-gbweather-terms; eu-gbtfl; eu-gbos; eu-ukprivacy; eu-ios-GB; MARKET-UK-OUTDOOR; GLOBAL-OSM; GLOBAL-OSMF; GLOBAL-OSM-QA; GLOBAL-VNL; GLOBAL-DEM90; GLOBAL-WORLDCOVER; GLOBAL-ECMWF; MARKET-METHOD","2026-10-07"
"4","France","FR","reserve","Strong authoritative geometry/lidar alternative to UK; French localization and regional art/feed integration add work.","Paris; Lyon; one rural/mountain sample","Road/footprint readiness expected strong, no measured current completeness. Height/roof tags unmeasured; IGN authoritative height supplement.","UNVERIFIED: no current national tag audit; height/levels/roof attributes require separate city measurements","BD TOPO national 3D vector/height buildings LO2; LiDAR HD openly accessible. Detailed roof mesh reconstruction additional work and coverage vintage QA.","Météo-France open datasets/API portal migrating; Vigilance archive LO2 verified; selected live API licence unverified.","National transport PAN realtime SIRI/GTFSRT and city feeds; feed-specific licences may differ, official rules permit exceptions.","BD TOPO terrain / IGN RGEALTI/LiDAR programme candidates; chosen terrain metadata audit pending.","GLOBAL-VNL: covered historical VIIRS VNL CC BY4; coarse ambient effect, not live lights; selected product extent audit","GLOBAL-WORLDCOVER: 2020/2021 10m land cover; local inventories and species placement UNVERIFIED","Paris mansards/Haussmann blocks; Mediterranean terracotta, northern slate, Alpine roof forms and broad vegetation diversity. Medium-high art and terrain complexity.","34.59","2026-09","Statcounter mobile web iOS pageview usage; NOT iPhone ownership share","UNVERIFIED","September2026 Statcounter iOS mobile web usage 34.59%; proxy not installed base. Large tourism/events and outdoor hypotheses; iOS usage34.59; localized French UX required.","UNVERIFIED commercial interest: IGN; SNCF/IDFM; tourism offices; outdoor/event operators (hypotheses).","GDPR/ePrivacy, CNIL mobile/geolocation guidance: OS permission alone not consent for ad/share; foreground approximate/local processing where sufficient. Open data not blanket imagery reuse.","medium","Current OSM completeness and height/roof-tag percentages; actual API performance/quota; exact chosen feed rights; market willingness-to-pay; partner interest; comprehensive mapping restriction legal review.; current iPhone ownership; measured app demand/paid conversion; selected dataset ingestion; full product-specific mapping/privacy clearance","eu-frtopo; eu-frlidar; eu-frweather; eu-frtransit; eu-privacy; eu-edpb; eu-ios-FR; GLOBAL-OSM; GLOBAL-OSMF; GLOBAL-OSM-QA; GLOBAL-VNL; GLOBAL-DEM90; GLOBAL-WORLDCOVER; GLOBAL-ECMWF; MARKET-METHOD","2026-10-07"
"5","New Zealand","NZ","reserve / APAC pilot","Clear open outline/lidar route and conditional commercial warnings, English UX; small market and rugged terrain.","Auckland; Wellington; scenic terrain sample","Working hypothesis: roads useful in populated regions, building heights/roofs sparse/uneven. Near-national LINZ roof outlines reduce reliance on OSM footprints, but completeness and height-tag rates remain unaudited.","UNVERIFIED: no current national tag audit; height/levels/roof attributes require separate city measurements","LINZ CC BY4.0 near-national 2D building roof outlines, national elevation catalogue and many open point clouds create practical height derivation route. No nationwide open LOD2 building/roof model verified.","MetService Open Access includes selected observations and severe outlook/watches/warnings; commercial display allowed unchanged with prescribed adjacent attribution and product-terms credit. General proprietary forecasts require commercial agreement.","Auckland Transport GTFS RT updates at least every30 seconds; API-specific commercial and redistribution rights unverified. Countrywide RT not established.","LINZ 1m lidar DEM mosaic plus8m DEM; use local metadata/coverage and correct NZ vertical datum.","GLOBAL-VNL: covered historical VIIRS VNL CC BY4; coarse ambient effect, not live lights; selected product extent audit","GLOBAL-WORLDCOVER: 2020/2021 10m land cover; local inventories and species placement UNVERIFIED","Inference: high scenic distinctiveness from Alps/fiords/coasts, volcanic terrain and native forests; moderate low-rise architecture burden but vegetation and rugged terrain deserve custom assets.","49.67","2026-09","Statcounter mobile web iOS pageview usage; NOT iPhone ownership share","UNVERIFIED","Sept2026 iOS mobile webpage share49.67% (Statcounter proxy). Outdoor/tourism product fit plausible; small domestic market and willingness-to-pay unverified.","UNVERIFIED commercial interest: Hypotheses: LINZ/councils; MetService; Auckland Transport; Tourism NZ, DOC/outdoor operators and event venues. No commercial interest verified.","Privacy Act2020 principles, collection purposes and cross-border disclosure IPP12. Open roof/terrain licences favour redistributable assets; individual transit terms and MetService text conditions still needed. No broad mapping prohibition found.","Medium-high on geometry licensing; medium overall","Nationwide OSM/tag audit; present lidar coverage; nationwide roof heights; AT API reuse rights; forecast contract price; demand.; current iPhone ownership; measured app demand/paid conversion; selected dataset ingestion; full product-specific mapping/privacy clearance","AP10; AP11; AP12; AP13; AP14; AP30; AP35; GLOBAL-OSM; GLOBAL-OSMF; GLOBAL-OSM-QA; GLOBAL-VNL; GLOBAL-DEM90; GLOBAL-WORLDCOVER; GLOBAL-ECMWF; MARKET-METHOD","2026-10-07"
"6","Germany","DE","reserve pending rights","Strong mapping ecosystem and possible national LoD2 route, but production tile licence conflict unresolved and iOS proxy lower.","Berlin or NRW city after model/terrain licence audit","Road network expected mature; local buildings likely strong, height/roof density unmeasured; validate sampled cities.","UNVERIFIED: no current national tag audit; height/levels/roof attributes require separate city measurements","National basemap.de LoD2 tile candidate: indexed BKG product metadata says CC BY4.0/dl-de/by2.0, but current basemap.de service page links restrictive beta terms (test only; no offline storage/download). Production commercial client redistribution UNVERIFIED due conflict. Bulk LoD2-DE government-restricted route is separate; selected Länder open models/lidar need item audit.","DWD open forecasts/alerts; georeferenced data reuse under GeoNutzV source credit. Selected model/feed terms still audit.","GTFS.de aggregate CC BYSA4.0 partial realtime TripUpdates/alerts; city feeds fragmented; not national live positions.","basemap.de DGM5 candidate has restrictive beta licence linked from current service page; production/offline reuse UNVERIFIED. High-resolution Länder DTM/lidar requires region-specific licence checks.","GLOBAL-VNL: covered historical VIIRS VNL CC BY4; coarse ambient effect, not live lights; selected product extent audit","GLOBAL-WORLDCOVER: 2020/2021 10m land cover; local inventories and species placement UNVERIFIED","Red tile pitched roofs, half-timber landmarks, perimeter apartment blocks, industrial areas; mixed/evergreen forests and Alps. Medium-high regional style variety.","27.63","2026-09","Statcounter mobile web iOS pageview usage; NOT iPhone ownership share","UNVERIFIED","September2026 Statcounter iOS mobile web usage 27.63%; proxy not installed base. Large market but lower measured iOS web share; outdoor/transit demand hypothesis.","UNVERIFIED commercial interest: BKG/Länder data offices; komoot; local transit alliances and tourism regions (hypotheses).","GDPR/ePrivacy; share-alike aggregate transit and CC BY attribution distinct; do not infer national bulk model reuse from tiles. No broad mapping restriction identified; audit unverified. Current service-linked beta licence conflicts with indexed production metadata; do not ship cached national tiles before resolving applicability.","medium","Current OSM completeness and height/roof-tag percentages; actual API performance/quota; exact chosen feed rights; market willingness-to-pay; partner interest; comprehensive mapping restriction legal review. basemap.de production endpoint/licence conflict and offline asset rights; state-specific alternative building/lidar licences.; current iPhone ownership; measured app demand/paid conversion; selected dataset ingestion; full product-specific mapping/privacy clearance","eu-debulk; eu-de3d; eu-de3d-feeds; eu-dwd; eu-detransit; eu-edpb; eu-ios-DE; DE-BETA-TERMS; GLOBAL-OSM; GLOBAL-OSMF; GLOBAL-OSM-QA; GLOBAL-VNL; GLOBAL-DEM90; GLOBAL-WORLDCOVER; GLOBAL-ECMWF; MARKET-METHOD","2026-10-07"
"7","Australia","AU","later / licensed pilot","High iOS proxy and English UX; national roof/height and BoM production rights add commercial dependencies.","Sydney; Melbourne using cleared local geometry","Working hypothesis: roads serviceable in main cities; building footprints and height/roof tags vary strongly. No measured national completeness/tag percentages; city extract audit required.","UNVERIFIED: no current national tag audit; height/levels/roof attributes require separate city measurements","National Geoscape buildings/height/roof exist but require commercial contract and redistribution rights. Local open Melbourne mesh; ELVIS lidar mosaic useful. Vicmap Buildings combines proprietary sources and needs access clearance.","BoM public free forecast/warning/observation defaults explicitly disallow commercial/onward use; acquire production licence. Global weather model alternative does not solve official warning rights.","TfNSW broad realtime updates/positions/alerts and CC BY portal terms are strong; other states and quotas separate.","GA national SRTM and ELVIS high-resolution lidar; per-item licences and patchwork capture dates.","GLOBAL-VNL: covered historical VIIRS VNL CC BY4; coarse ambient effect, not live lights; selected product extent audit","GLOBAL-WORLDCOVER: 2020/2021 10m land cover; local inventories and species placement UNVERIFIED","Inference: high distinctiveness from harbours/coasts/eucalypts, red interiors, low-rise suburbs and CBD towers; moderate asset work, enormous sparse land extent.","62.59","2026-09","Statcounter mobile web iOS pageview usage; NOT iPhone ownership share","UNVERIFIED","Sept2026 iOS mobile webpage share 62.59% (Statcounter proxy). Outdoor/coastal tourism and events fit are hypotheses; willingness-to-pay unverified.","UNVERIFIED commercial interest: Hypotheses: Geoscape for paid height/roof; TfNSW; state tourism organizations; councils and event venues. No willingness/contract pricing verified.","Privacy Act/APP applies according to entity scope; minimise location collection, in-context consent, APP8 overseas accountability. No country-wide mapping ban found; spatial datasets may restrict onward supply.","Medium","OSM completeness/tag counts; Geoscape redistribution price; BoM production licence price; nationwide transit coverage; demand validation.; current iPhone ownership; measured app demand/paid conversion; selected dataset ingestion; full product-specific mapping/privacy clearance","AP01; AP02; AP03; AP04; AP05; AP06; AP07; AP08; AP09; AP29; AP32; GLOBAL-OSM; GLOBAL-OSMF; GLOBAL-OSM-QA; GLOBAL-VNL; GLOBAL-DEM90; GLOBAL-WORLDCOVER; GLOBAL-ECMWF; MARKET-METHOD","2026-10-07"
"8","Japan","JP","later / showcase","High iOS proxy and distinctive PLATEAU 3D; high art/localization effort and survey/weather/feed conditions.","Tokyo subregion; one PLATEAU city with pinned model rights","Working hypothesis: roads broadly useful; building/3D attributes uneven. Official OSM PLATEAU import outline documents measured height/footprint route, not nationwide completeness. Heights/roofs require city audit.","UNVERIFIED: no current national tag audit; height/levels/roof attributes require separate city measurements","PLATEAU offers openly reusable municipal CityGML models with native geometry and higher-LOD roofs; CC BY compatible default, item notices vary. City-specific coverage, LOD, update year matter.","JMA PDL1.0/CC BY compatible data; copyright permits reuse but forecasting-service licence/warning restrictions under Meteorological Service Act require design review.","ODPT has operator-specific realtime offerings, Basic and Challenge Limited licences. Limited challenge permits company services only within challenge conditions and forbids raw/reconstructable redistribution; verify each Basic feed.","GSI DEM available but Survey Act duplication/use procedures may apply; choose compatible fallback if approval costly.","GLOBAL-VNL: covered historical VIIRS VNL CC BY4; coarse ambient effect, not live lights; selected product extent audit","GLOBAL-WORLDCOVER: 2020/2021 10m land cover; local inventories and species placement UNVERIFIED","Inference: exceptionally distinct dense low-rise neighbourhoods, shrines/tiled roofs, elevated rail, signage, seasonal cherry trees and mountain forests; high asset/localization complexity.","60.51","2026-09","Statcounter mobile web iOS pageview usage; NOT iPhone ownership share","UNVERIFIED","Sept2026 iOS mobile webpage share60.51% (Statcounter proxy, not installed base). Strong rail/tourism context makes maps/events fit plausible; paying demand unverified.","UNVERIFIED commercial interest: Hypotheses: PLATEAU municipalities; ODPT operators; JR/private railway groups; tourism boards; NAVITIME/Zenrin as commercial discussions, not verified open redistribution licences.","APPI applies extraterritorially to foreign suppliers handling Japanese consumer personal data; intended location flow and overseas transfers need review. Survey Act and Meteorological Service Act add unusual implementation obligations.","Medium","Current PLATEAU country coverage/LOD and individual model rights; Basic ODPT commercial/onward terms; JMA forecasting/alert legal applicability; OSM national completeness; willingness-to-pay.; current iPhone ownership; measured app demand/paid conversion; selected dataset ingestion; full product-specific mapping/privacy clearance","AP15; AP16; AP17; AP18; AP19; AP20; AP21; AP31; AP33; GLOBAL-OSM; GLOBAL-OSMF; GLOBAL-OSM-QA; GLOBAL-VNL; GLOBAL-DEM90; GLOBAL-WORLDCOVER; GLOBAL-ECMWF; MARKET-METHOD","2026-10-07"
"9","Spain","ES","later","Useful national lidar and weather reuse; building semantics and city realtime rights need audit, lower iOS proxy.","Madrid; Barcelona or selected PNOA region","Road coverage expected mature; footprints/height/roofs require regional audits; no current completeness statistic.","UNVERIFIED: no current national tag audit; height/levels/roof attributes require separate city measurements","PNOA nationally scoped lidar cycles, latest programme2022-25 5pt/m2. Building extraction possible; cadastral building vector/height terms unverified.","AEMET OpenData supports commercial reuse and API access with attribution; live warning API formats/quotas need verification.","EMT Madrid city realtime; other metro/city feeds and national uniform realtime coverage unverified.","PNOA lidar terrain derived products; mainland/island projections and vintage differences need normalization.","GLOBAL-VNL: covered historical VIIRS VNL CC BY4; coarse ambient effect, not live lights; selected product extent audit","GLOBAL-WORLDCOVER: 2020/2021 10m land cover; local inventories and species placement UNVERIFIED","Whitewashed towns, flat roofs, terracotta, Barcelona blocks, palms/olive/pine and dry landscapes; mountain/coastal variation. High vegetation and roof asset diversity.","26.8","2026-09","Statcounter mobile web iOS pageview usage; NOT iPhone ownership share","UNVERIFIED","September2026 Statcounter iOS mobile web usage 26.8%; proxy not installed base. Tourism/events/outdoor hypotheses; iOS web usage26.8 lower launch reach.","UNVERIFIED commercial interest: IGN/CNIG; EMT Madrid/TMB; municipal tourism; event and outdoor brands (hypotheses).","GDPR/ePrivacy; IGN source/product/year and derivative attribution text. No broad mapping restriction identified; selected cadastral/security restrictions audit unverified.","medium","Current OSM completeness and height/roof-tag percentages; actual API performance/quota; exact chosen feed rights; market willingness-to-pay; partner interest; comprehensive mapping restriction legal review.; current iPhone ownership; measured app demand/paid conversion; selected dataset ingestion; full product-specific mapping/privacy clearance","eu-eslidar; eu-eslicence; eu-esweather; eu-estransit; eu-edpb; eu-ios-ES; GLOBAL-OSM; GLOBAL-OSMF; GLOBAL-OSM-QA; GLOBAL-VNL; GLOBAL-DEM90; GLOBAL-WORLDCOVER; GLOBAL-ECMWF; MARKET-METHOD","2026-10-07"
"10","Italy","IT","later","Strong visual appeal but fragmented geometry/live feeds and large regional art burden.","Rome or Florence with resource-specific licences","Road/building readiness regionally variable; current completeness and height/roof proportions unmeasured; city QA needed.","UNVERIFIED: no current national tag audit; height/levels/roof attributes require separate city measurements","Regional DBGT/lidar: Lombardy complete regional topographic database; Tuscany lidar and Florence DSM CC BY4.0. No verified uniform nationwide roof-aware open3D model.","National/region civil protection warnings; regional ARPA/weather sources; live commercial machine feed terms unverified.","Rome static GTFS + realtime TU/positions/alerts ~60sec; operational caveats and aggregation restrictions deserve review; national coverage fragmented.","Regional lidar DTMs and global terrain fallback; Florence current DSM2023 verified CC BY4.0.","GLOBAL-VNL: covered historical VIIRS VNL CC BY4; coarse ambient effect, not live lights; selected product extent audit","GLOBAL-WORLDCOVER: 2020/2021 10m land cover; local inventories and species placement UNVERIFIED","Terracotta hill towns, medieval dense streets, domes, Alpine buildings, cypress/olive/pine and water-city Venice. Highest art/terrain/iconic-detail complexity of Europe set.","36.51","2026-09","Statcounter mobile web iOS pageview usage; NOT iPhone ownership share","UNVERIFIED","September2026 Statcounter iOS mobile web usage 36.51%; proxy not installed base. Tourism/events hypothesis; iOS web usage36.51 relatively good; Italian UX and regional data integration.","UNVERIFIED commercial interest: Regional geoportals; Roma Mobilità/ATAC; tourism/cultural venue operators (hypotheses).","GDPR/ePrivacy; regional resource-specific licences; cultural heritage imagery/reproduction regime may affect handcrafted landmark/asset licensing, legal verification pending.","medium","Current OSM completeness and height/roof-tag percentages; actual API performance/quota; exact chosen feed rights; market willingness-to-pay; partner interest; comprehensive mapping restriction legal review.; current iPhone ownership; measured app demand/paid conversion; selected dataset ingestion; full product-specific mapping/privacy clearance","eu-itlidar; eu-itdsm; eu-itbuild; eu-ittransit; eu-itwarnings; eu-edpb; eu-ios-IT; GLOBAL-OSM; GLOBAL-OSMF; GLOBAL-OSM-QA; GLOBAL-VNL; GLOBAL-DEM90; GLOBAL-WORLDCOVER; GLOBAL-ECMWF; MARKET-METHOD","2026-10-07"
"11","Mexico","MX","later / city pilot","Permissive INEGI and distinctive style; building heights/roof geometry and licensed realtime/alerts lack evidence.","Mexico City bounded static-first pilot","Qualitative prior: usable large-city/main-road coverage, higher footprint/3D uncertainty; OSM documents INEGI imports but no national measured completeness. INEGI census blocks are not individual buildings. Height/roof coverage UNVERIFIED.","UNVERIFIED: no current national tag audit; height/levels/roof attributes require separate city measurements","INEGI MDE programme includes lidar/photogrammetry products; older technical sheet documents 5m lidar DSM. National 15m terrain/surface continuums documented. No verified complete national individual-building/LoD2 layer. Download coverage/age needs area audit.","SMN/CONAGUA publishes national forecasts and warning material; stable machine-readable alert interface and commercial redistribution terms UNVERIFIED. Do not treat visible website bulletins as cleared API.","CDMX official static GTFS CC BY 4.0, portal resource updated Feb 2026 but description still refers to Oct 2022 version. Includes Metro/Metrobús/RTP/trolleybus/light rail/cablebus/etc. No official nationwide realtime feed verified.","INEGI national 15m terrain/surface models, selected higher-resolution lidar products under INEGI terms; inspect metadata/resolution per tile.","GLOBAL-VNL: covered historical VIIRS VNL CC BY4; coarse ambient effect, not live lights; selected product extent audit","GLOBAL-WORLDCOVER: 2020/2021 10m land cover; local inventories and species placement UNVERIFIED","Design inference: high distinctiveness and medium-high asset work—colourful colonial facades/courtyards, dense flat-roof concrete urban fabric, volcanic terrain, desert and tropical vegetation. Need biome and architecture regionalization; blanket palm-tree styling would be misleading.","27.96","2026-09","Statcounter mobile web iOS pageview usage; NOT iPhone ownership share","UNVERIFIED","Statcounter Sep 2026 mobile web OS iOS 27.96% (usage proxy, not installed device share). INEGI ENDUTIH 2024 reports internet use by 83.1% of population age 6+. Large connected audience but iOS launch reach weaker than Canada; maps/outdoor/events willingness to pay UNVERIFIED.","UNVERIFIED commercial interest: Hypotheses: SEMOVI/CDMX mobility programme, INEGI geodata ecosystem, tourism destinations/resorts, OCESA/event venues and outdoor guides; no interest or commercial licence negotiation verified.","INEGI terms explicitly permit commercial exploitation and distributing copies (retain metadata), require credit, disclose transformations and avoid endorsement. Current LFPDPPP enacted March 2025, last reform November 2025: privacy notices, informed consent, ARCO rights and identifiable-location handling relevant. Comprehensive mapping-restriction review UNVERIFIED; no blanket mapping prohibition established.","High for INEGI reuse terms/terrain/static GTFS/iOS; medium-low for countrywide launch readiness.","OSM completeness and roof/height rates; national building footprint dataset; lidar geographic coverage and freshness; SMN alerts API/licence; realtime transit; demand/conversion; partners; mapping legal clearance.; current iPhone ownership; measured app demand/paid conversion; selected dataset ingestion; full product-specific mapping/privacy clearance","MX-TERMS; MX-MDE; MX-RELIEF; MX-LIDAR; MX-RNC; MX-OSM; MX-GTFS; MX-SMN; MX-IOS; MX-PRIV; MX-NET; GLOBAL-OSM; GLOBAL-OSMF; GLOBAL-OSM-QA; GLOBAL-VNL; GLOBAL-DEM90; GLOBAL-WORLDCOVER; GLOBAL-ECMWF; MARKET-METHOD","2026-10-07"
"12","South Korea","KR","defer pending legal/data rights","Unverified national client geometry rights and product-specific export/location obligations dominate launch risk.","Seoul only after rights, export and location-service review","Working hypothesis: urban roads usable but footprint/height/roof sufficiency less predictable than mature EU building-import countries. No quantified national OSM audit; high-rise context makes wrong default heights costly.","UNVERIFIED: no current national tag audit; height/levels/roof attributes require separate city measurements","National VWorld/NGII spatial and 3D services candidates, but no primary licence permitting WorldEngine commercial client asset redistribution was verified. Avoid treating public viewer/API availability as open assets.","KMA AWS data free KOGL1 with attribution and approval/rates; API hub exposes forecast/advisory/warning products whose exact rights still need item checks.","TAGO realtime arrivals JSON/XML no licence restrictions shown; city-code coverage and station adapters needed; not proof of universal GTFS RT positions.","NGII/VWorld high-resolution terrain/export clearance unverified; global DEM fallback subject to own licence and restriction review.","GLOBAL-VNL: covered historical VIIRS VNL CC BY4; coarse ambient effect, not live lights; selected product extent audit","GLOBAL-WORLDCOVER: 2020/2021 10m land cover; local inventories and species placement UNVERIFIED","Inference: visually distinctive repeated apartment towers, mountain-backed cities, neon commercial streets and hanok roofs; high-rise fidelity and localized vegetation/signage increase work.","37.82","2026-09","Statcounter mobile web iOS pageview usage; NOT iPhone ownership share","UNVERIFIED","Sept2026 iOS mobile webpage share37.82% (Statcounter proxy). Maps/outdoor/entertainment opportunity plausible, but Naver/Kakao competition and paying demand unverified.","UNVERIFIED commercial interest: Hypotheses: KMA, local transit authorities, tourism/municipal smart-city groups; Naver/Kakao/NGII for licensed partnerships. Access/willingness unverified.","PIPA plus dedicated Location Information Act; Article9 filing for businesses using personal location (exceptions/cross-border applicability need counsel). Detailed government map export remains approval-sensitive. Feb27 2026 conditional Google 1:5000 export approval is specific, not blanket liberalization or WorldEngine permission.","Low-medium","Commercial redistribution of buildings/3D/lidar; WorldEngine export authorization; location service filing exceptions and consent/retention details; OSM audit; warning licence; demand.; current iPhone ownership; measured app demand/paid conversion; selected dataset ingestion; full product-specific mapping/privacy clearance","AP22; AP23; AP24; AP25; AP26; AP27; AP28; AP34; KR-PIPA; KR-VWORLD; GLOBAL-OSM; GLOBAL-OSMF; GLOBAL-OSM-QA; GLOBAL-VNL; GLOBAL-DEM90; GLOBAL-WORLDCOVER; GLOBAL-ECMWF; MARKET-METHOD","2026-10-07"
