"dataset_id","country","category","dataset_name","dataset_url","licence","licence_source_url","licence_quote","licence_quote_reference_dataset_id","commercial_use","redistribution","conditions","verification_status","coverage_and_limits","source_ids","accessed"
"eu-nl3d","Netherlands","buildings_3d","3DBAG","https://docs.3dbag.nl/nl/copyright/","CC BY 4.0","https://docs.3dbag.nl/nl/copyright/","3DBAG door de 3D geoinformation onderzoeksgroep en 3DGI is gelicentieerd onder CC BY 4.0","","yes","yes","Credit ©3DBAG by tudelft3d and3DGI; licence link, changes; bottom-right in interactive map","verified","National roof-aware building models; download/webservice terms verified","eu-nl3d","2026-10-07"
"eu-ahn","Netherlands","lidar_terrain","AHN rasters and point clouds","https://www.ahn.nl/open-data","Open data unrestricted (AHN1/2/3 statement)","https://www.ahn.nl/open-data","gratis en zonder beperkingen te gebruiken","","yes","yes","Version-specific current metadata to verify","partial","New AHN4/5 licensing not individually inspected","eu-ahn","2026-10-07"
"eu-knmi","Netherlands","weather_alerts","KNMI Open Data","https://developer.dataplatform.knmi.nl/fair-use","Most datasets CC BY4.0","https://developer.dataplatform.knmi.nl/fair-use","allows you to use, adapt, and redistribute the data, as long as you credit KNMI as the source","","yes subject selected dataset","yes subject selected dataset","KNMI credit; quota/fairuse; dataset-specific licence","partial","Alert cutover2Nov2026 replacements test until transition","eu-knmi","2026-10-07"
"eu-ndov","Netherlands","transit_realtime","NDOV Loket","https://data.ndovloket.nl/","CC0 file in directory","https://data.ndovloket.nl/","","","unverified selected feed","unverified selected feed","Check operator subset and realtime instructions","partial","Directory only verified","eu-ndov","2026-10-07"
"eu-frtopo","France","buildings_roads","IGN BD TOPO","https://www.data.gouv.fr/datasets/bd-topo-r","Licence Ouverte2.0","https://www.data.gouv.fr/datasets/bd-topo-r","Licence Ouverte / Open Licence version 2.0","","yes","yes","Producer/source and update date; indicate modifications","verified","3D vectors/building heights; not detailed roof mesh","eu-frtopo","2026-10-07"
"eu-frlidar","France","lidar","IGN LiDAR HD","https://www.ign.fr/lidar-hd-architecture","Open data; IGN states most data LO2","https://www.ign.fr/lidar-hd-architecture","Elles sont accessibles à tous en open data.","","yes subject metadata","yes subject metadata","Exact tile/vintage licence audit","partial","Programme not nationwide current coverage guarantee","eu-frlidar","2026-10-07"
"eu-frweather","France","weather_alerts","Météo-France Vigilance archive","https://www.data.gouv.fr/datasets/vigilance-meteorologique-archivee","Licence Ouverte2.0","https://www.data.gouv.fr/datasets/vigilance-meteorologique-archivee","Licence Ouverte / Open Licence version 2.0","","yes","yes","Source/date; live API separate verification","verified archive only","Archive licence does not certify live feed","eu-frweather","2026-10-07"
"eu-frtransit","France","transit_realtime","France PAN feeds","https://doc.transport.data.gouv.fr/type-donnees/operateurs-de-transport-regulier-de-personnes/administration-des-donnees-transport-collectif/publier-des-donnees-temps-reel/temps-reel-des-transports-en-commun","Default Licence Ouverte; exceptions possible","https://doc.transport.data.gouv.fr/type-donnees/operateurs-de-transport-regulier-de-personnes/administration-des-donnees-transport-collectif/publier-des-donnees-temps-reel/temps-reel-des-transports-en-commun","","","feed-specific","feed-specific","Selected dataset attribution/licence and authentication","partial","GTFSRT/SIRI formats verified","eu-frtransit","2026-10-07"
"eu-gbterrain","United Kingdom","lidar_terrain","EA LiDAR Composite1m DTM","https://www.data.gov.uk/dataset/01b3ee39-da3f-47b6-83da-dc98e73a461f/lidar-composite-dtm-2022-1m","Open Government Licence","https://www.data.gov.uk/dataset/01b3ee39-da3f-47b6-83da-dc98e73a461f/lidar-composite-dtm-2022-1m","Open Government Licence","","yes","yes","EA copyright/database credit2022; source/licence","verified","99% England, surveys2000-2022; not UK-wide","eu-gbterrain","2026-10-07"
"eu-gbweather-terms","United Kingdom","weather_alerts","Met Office Weather DataHub","https://www.metoffice.gov.uk/binaries/content/assets/metofficegovuk/pdf/data/met-office-weatherdatahub-terms-and-conditions.pdf","Proprietary application-use licence","https://www.metoffice.gov.uk/binaries/content/assets/metofficegovuk/pdf/data/met-office-weatherdatahub-terms-and-conditions.pdf","You must not re-sell or distribute […] in original form","","yes","application display only; no original-form distribution","Powered by Met Office data; no sublicense/raw sale/reverse engineering","verified","Forecast/Atom alerts, plan limits and fees; unsuitable redistributable raw pack","eu-gbweather-terms","2026-10-07"
"eu-gbtfl","United Kingdom","transit_realtime","TfL Unified API","https://tfl.gov.uk/info-for/open-data-users/our-open-data","TfL Transport Data Service terms","https://tfl.gov.uk/info-for/open-data-users/our-open-data","","","unverified exact terms","unverified exact terms","Account/quota and feed terms","partial","London live arrival availability verified","eu-gbtfl","2026-10-07"
"eu-gbos","United Kingdom","buildings_roads","OS OpenMap Local","https://www.ordnancesurvey.co.uk/products/os-open-map-local","Open product; precise licence capture pending","https://www.ordnancesurvey.co.uk/products/os-open-map-local","Free to use for everyone","","unverified licence capture","unverified licence capture","Use product-specific OS OpenData licence","partial","GB generalized footprints, no building heights","eu-gbos","2026-10-07"
"eu-debulk","Germany","buildings_3d","BKG bulk LoD2-DE","https://gdz.bkg.bund.de/index.php/default/3d-gebaudemodelle-lod2-deutschland-lod2-de.html","Restricted VGeoBund/VGeoLänder","https://gdz.bkg.bund.de/index.php/default/3d-gebaudemodelle-lod2-deutschland-lod2-de.html","Dieses Produkt steht nur einem eingeschränkten Kreis Nutzungsberechtigter zur Verfügung","","not available as open commercial bulk route","not open","Eligible government users; separate commercial/state options","verified restricted","Do not conflate with basemap3D tile licence","eu-debulk","2026-10-07"
"eu-de3d","Germany","buildings_3d","basemap.de3D Buildings","https://gdz.bkg.bund.de/index.php/default/gdz-basemapde-3d-gebaeude-gdz-basemapde-3d-gebaeude.html","CC BY4.0 or dl-de/by2.0","https://gdz.bkg.bund.de/index.php/default/gdz-basemapde-3d-gebaeude-gdz-basemapde-3d-gebaeude.html","Die Daten werden geldleistungsfrei gemäß der Creative Commons Namensnennung 4.0 International Lizenz zur Verfügung gestellt.","","UNVERIFIED for production WorldEngine","UNVERIFIED; linked beta terms prohibit offline download/storage","©GeoBasis-DE/BKG(year), licence link, changes notice; source link Pin specific production endpoint and licence; beta test service not a redistributable asset source.","CONFLICT: indexed production metadata vs service-linked beta licence","Direct product open404; official basemap feed page accessible Lead verified current linked beta PDF; see DE-BETA-TERMS.","eu-de3d","2026-10-07"
"eu-de3d-feeds","Germany","terrain","basemap.de3D DGM5","https://basemap.de/produkte-und-dienste/3d/","Licence PDF not inspected","https://basemap.de/produkte-und-dienste/3d/","","","UNVERIFIED for production WorldEngine","UNVERIFIED; linked beta terms prohibit offline download/storage","Verify terrain-specific linked PDF Pin specific production endpoint and licence; beta test service not a redistributable asset source.","CONFLICT: indexed production metadata vs service-linked beta licence","National DGM5 meshes/RGB feeds Lead verified current linked beta PDF; see DE-BETA-TERMS.","eu-de3d-feeds","2026-10-07"
"eu-dwd","Germany","weather_alerts","DWD open georeferenced meteorological data","https://kunden.dwd.de/agroprog/STYLES/copyright.jsp","GeoNutzV source attribution; selected product metadata","https://kunden.dwd.de/agroprog/STYLES/copyright.jsp","unter Beigabe eines Quellenvermerks ohne Einschränkungen weiterverwendet werden","","yes","yes","Source attribution; excluded non-geodata contents","verified general policy","Some CDC products CC BY4.0; select exact forecast/alerts files","eu-dwd","2026-10-07"
"eu-detransit","Germany","transit_realtime","GTFS.de aggregate realtime","https://www.gtfs.de/de/realtime/","CC BYSA4.0","https://www.gtfs.de/de/realtime/","Creative Commons 4.0 (CC BY-SA 4.0)","","yes","yes","Attribution/sharealike; modifications; feed covered providers only","verified","TripUpdates/ServiceAlerts,10sec; partial Germany","eu-detransit","2026-10-07"
"eu-eslidar","Spain","lidar_terrain","PNOA LiDAR","https://pnoa.ign.es/web/portal/pnoa-lidar/productos-a-descarga","CC BY4.0 IGN policy","https://www.ign.es/resources/licencia/Condiciones_licenciaUso_IGN.pdf","","","yes","yes","IGN/product/year and producer credit; derivative notice","verified general policy","National cycles/vintage selected tiles need QA","eu-eslidar; eu-eslicence","2026-10-07"
"eu-esweather","Spain","weather_alerts","AEMET OpenData","https://www.aemet.es/es/datos_abiertos","Public-sector reuse terms","https://www.aemet.es/es/datos_abiertos","con fines comerciales o no comerciales","","yes","yes with attribution; conditions audit","AEMET attribution; key; RISP conditions","partial","Commercial use expressly allowed; exact live alerts endpoint unverified","eu-esweather","2026-10-07"
"eu-estransit","Spain","transit_realtime","EMT Madrid Data Space","https://mobilitylabs.emtmadrid.es/data-space","Operator terms","https://mobilitylabs.emtmadrid.es/data-space","","","unverified","unverified","Current terms and auth review","partial","City API existence verified","eu-estransit","2026-10-07"
"eu-itlidar","Italy","lidar_terrain","Tuscany regional lidar","https://dati.toscana.it/dataset/lidar","Creative Commons Attribution version unspecified","https://dati.toscana.it/dataset/lidar","Creative Commons Attribution","","unverified version","unverified version","Selected downloadable resource metadata","partial","Regional1/2m patches","eu-itlidar","2026-10-07"
"eu-itdsm","Italy","lidar_terrain","Florence DSM2023 WMS","https://dati.toscana.it/it/dataset/dsm-lidar-2023/resource/41f9991e-efbd-4709-b24e-2a11629ec82a","CC BY4.0","https://dati.toscana.it/it/dataset/dsm-lidar-2023/resource/41f9991e-efbd-4709-b24e-2a11629ec82a","cc-by-4.0","","yes","yes","Attribution/licence/change notice","verified","WMS resource verified; underlying downloadable data separately confirm","eu-itdsm","2026-10-07"
"eu-itbuild","Italy","buildings_roads","Lombardy DBGT","https://www.geoportale.regione.lombardia.it/stato-database-topografici","Resource licence unverified","https://www.geoportale.regione.lombardia.it/stato-database-topografici","","","unverified","unverified","Do not inherit generic portal licence without metadata","partial","Regionwide buildings/roads/altimetry/vegetation","eu-itbuild","2026-10-07"
"eu-ittransit","Italy","transit_realtime","Rome GTFSRT","https://romamobilita.it/sistemi-e-tecnologie/open-data/","Operator open-data terms not fully verified","https://romamobilita.it/sistemi-e-tecnologie/open-data/","","","unverified","unverified","Trip support use; cautions re misleading aggregate representations","partial","TU/positions ~60sec and alerts","eu-ittransit","2026-10-07"
"eu-itwarnings","Italy","weather_alerts","Italian civil protection regional warnings","https://rischi.protezionecivile.gov.it/it/approfondimento/rischio-meteo-idro-lallertamento/","Unverified machine-data terms","https://rischi.protezionecivile.gov.it/it/approfondimento/rischio-meteo-idro-lallertamento/","","","unverified","unverified","Regional warning authority; feed-specific rights","partial","Warning responsibilities verified","eu-itwarnings","2026-10-07"
"ca-odb","Canada","buildings","ODB v3","https://www150.statcan.gc.ca/n1/daily-quotidien/250415/dq250415d-eng.htm","OGL-Canada","https://open.canada.ca/en/open-government-licence-canada","including for commercial purposes","","yes","yes","Credit source/link licence; exclusions apply","verified","14.4m features, source gaps; height/roof detail unverified; licence quote from CA-OGL","CA-ODB; CA-OGL","2026-10-07"
"ca-hrdem","Canada","terrain/lidar","HRDEM DTM/DSM","https://open.canada.ca/data/en/dataset/957782bf-847c-4644-a757-e383c0057995","OGL-Canada","https://open.canada.ca/en/open-government-licence-canada","","ca-odb","yes","yes","Credit source/link licence; exclusions apply","verified","Incomplete national coverage; 1/2m lidar south; licence quote from CA-OGL","CA-HRDEM; CA-OGL","2026-10-07"
"ca-msc","Canada","weather/alerts","MSC forecasts and CAP alerts","https://eccc-msc.github.io/open-data/msc-data/alerts/readme_alerts-datamart_en/","UNVERIFIED data feed licence","https://eccc-msc.github.io/open-data/msc-data/alerts/readme_alerts-datamart_en/","","","unverified","unverified","Verify feed-specific legal terms","product verified; licence unverified","Official open-data documentation confirms CAP; documentation repository licence is not necessarily feed licence","CA-MSC","2026-10-07"
"ca-trans","Canada","transit realtime","TransLink GTFS/Open API","https://www.translink.ca/about-us/doing-business-with-translink/app-developer-resources","Custom TransLink API terms","https://www.translink.ca/about-us/doing-business-with-translink/app-developer-resources/terms-of-use","limited, revocable and non-exclusive license to use, reproduce, and redistribute the Data","","conditional","conditional","Written application/API key; commercial fees/restrictions possible; disclaimer; default quota","verified conditional","Do not substitute unrelated TransLink TSPR OGL; new GTFS feed terms also need confirmation","CA-TRANS; CA-TRANSTERMS","2026-10-07"
"mx-rnc","Mexico","roads","INEGI RNC","https://www.inegi.org.mx/programas/rnc/","INEGI free-use terms","https://www.inegi.org.mx/inegi/terminos.html","Puede hacer y distribuir copias de la información, sin alterar ni suprimir sus metadatos. […] Puede explotar comercialmente la información","","yes","yes","Keep metadata; credit INEGI/product/date; disclose modifications; no endorsement","verified","Commercial permission explicit separate clause; national roads supplement, not OSM completeness","MX-RNC; MX-TERMS","2026-10-07"
"mx-mde","Mexico","terrain/lidar","INEGI MDE/terrain-surface continuums","https://www.inegi.org.mx/programas/mde/","INEGI free-use terms","https://www.inegi.org.mx/inegi/terminos.html","","mx-rnc","yes","yes","Keep metadata; credit INEGI/product/date; disclose modifications; no endorsement","verified product/licence; coverage audit needed","15m national products and selected higher-resolution lidar; no semantic building roof model","MX-MDE; MX-TERMS","2026-10-07"
"mx-gtfs","Mexico","transit static","CDMX GTFS","https://datos.cdmx.gob.mx/tr/dataset/gtfs","CC BY 4.0","https://datos.cdmx.gob.mx/tr/dataset/gtfs","Español - Creative Commons Attribution 4.0","","yes","yes","Attribution, link licence, mark changes; confirm package currentness","verified static only","Portal last updated Feb 2026, descriptive version Oct 2022; realtime unverified","MX-GTFS","2026-10-07"
"mx-smn","Mexico","weather/alerts","SMN forecasts/alerts","https://smn.conagua.gob.mx/es/","UNVERIFIED","https://smn.conagua.gob.mx/es/","","","unverified","unverified","Obtain API and commercial redistribution confirmation","website verified; licence/API unverified","Visible forecast bulletins do not establish reusable alert feed","MX-SMN","2026-10-07"
"AU-GEOSCAPE","Australia","buildings","Geoscape National Buildings + height/roof packs","https://docs.geoscape.com.au/projects/buildings_guide/en/stable/","Commercial contract","https://docs.geoscape.com.au/projects/buildings_guide/en/stable/","This dataset must not be distributed except in accordance with the terms of the licence under which it was accessed.","","Contract required","Contract required","Negotiate client tiles/derivative asset distribution rights; sample data evaluation only","verified-restriction","Not open national buildings.","AP02","2026-10-07"
"AU-ELVIS","Australia","terrain/lidar","ELVIS + national DEM","https://www.ga.gov.au/scientific-topics/national-location-information/digital-elevation-data","Mixed item-specific / CC BY","https://www.ga.gov.au/scientific-topics/national-location-information/digital-elevation-data","The 3 second DEM was produced for use by government and the public under Creative Commons attribution.","","Yes for indicated CC BY item","Yes for indicated CC BY item","Check each ELVIS item and attribution; lidar coverage local","partly-verified","Do not inherit GA website licence onto every state lidar source.","AP03","2026-10-07"
"AU-BOM","Australia","weather/alerts","BoM public forecasts warnings observations","https://www.bom.gov.au/copyright","Default restricted + commercial agreements","https://www.bom.gov.au/copyright","You must not supply it to any other person or use it for any commercial purpose.","","No under default","No under default","Paid registered-user/product licence or explicit CC BY product required","verified-restriction","Weather animation may use separately licensed global model; official alert redistribution still needs clearance.","AP04","2026-10-07"
"AU-TFNSW","Australia","transit","TfNSW realtime trip updates positions alerts","https://opendata.transport.nsw.gov.au/sites/default/files/2024-09/TfNSW-Open-Data-Portal-Terms.pdf","CC BY 4.0 subject to portal terms","https://opendata.transport.nsw.gov.au/sites/default/files/2024-09/TfNSW-Open-Data-Portal-Terms.pdf","CreativeCommons Attribution 4.0 InternationalPublic License","","Yes in principle","Yes in principle","API key; CC attribution; verify dataset exceptions and terms before release","partly-verified","PDF search excerpt verified; fetch failed.","AP06","2026-10-07"
"AU-MELB","Australia","3d","Melbourne 3D Textured Mesh 2018","https://discover.data.vic.gov.au/dataset/city-of-melbourne-3d-textured-mesh-photomesh-2018","CC BY catalogue label","https://discover.data.vic.gov.au/dataset/city-of-melbourne-3d-textured-mesh-photomesh-2018","CC BY","","Yes if full CC BY applies","Yes if full CC BY applies","Resolve exact version and model metadata; old capture vintage","partly-verified","Local showcase supplement, not national.","AP08","2026-10-07"
"AU-VICMAP","Australia","buildings/3d","Vicmap Buildings","https://www.land.vic.gov.au/maps-and-spatial/spatial-data/vicmap-catalogue/vicmap-buildings","State-owned + commercial input terms","https://www.land.vic.gov.au/maps-and-spatial/spatial-data/vicmap-catalogue/vicmap-buildings","","","Unverified","Unverified","Request asset-specific permissions","unverified-reuse","Viewer availability is not open downloadable rights.","AP09","2026-10-07"
"NZ-BUILD","New Zealand","buildings","NZ Building Outlines current layer 101290 / All Sources 101292","https://data.linz.govt.nz/layer/101292-nz-building-outlines-all-sources/","CC BY 4.0","https://data.linz.govt.nz/layer/101292-nz-building-outlines-all-sources/","You may use this work for commercial purposes","","Yes","Yes under CC BY","Attribution; historical layer contains repeated temporal versions; use current-only layer","verified","2D roofs; no heights inferred from outline alone.","AP10","2026-10-07"
"NZ-LIDAR","New Zealand","lidar","LINZ Hamilton LiDAR 2019 representative point cloud","https://data.linz.govt.nz/layer/d3W53XPQMxsxHNX/waikato-hamilton-lidar-point-cloud-2019/","CC BY 4.0","https://data.linz.govt.nz/layer/d3W53XPQMxsxHNX/waikato-hamilton-lidar-point-cloud-2019/","Creative Commons Attribution 4.0 International","","Yes","Yes","Attribute each custodian; inspect coverage and capture date","verified","Terrain/vegetation and height derivation route; no national roof model claim.","AP11","2026-10-07"
"NZ-DEM","New Zealand","terrain","NZ LiDAR 1m DEM / NZ 8m DEM","https://data.linz.govt.nz/data/","CC-BY catalogue label","https://data.linz.govt.nz/data/","CC-BY","","Yes in principle","Yes in principle","Item-specific version/attribution; coverage gaps in 1m mosaic","partly-verified","Use 8m or global fallback where lidar absent.","AP12","2026-10-07"
"NZ-METSERVICE","New Zealand","weather/alerts","MetService Open Access warnings + observations","https://about.metservice.com/our-data-access-policy","MetService Open Access policy","https://about.metservice.com/our-data-access-policy","not alter the text of the Information;","","Yes with conditions","Yes with conditions","Unchanged text; adjacent prescribed attribution at same-or-larger font; attribution in product terms; no endorsement/misrepresentation","verified","General forecasts need separate commercial contract; confirm machine CAP access.","AP13","2026-10-07"
"NZ-AT","New Zealand","transit","Auckland Transport realtime API","https://dev-portal.at.govt.nz/realtime-api","API-specific terms unverified","https://dev-portal.at.govt.nz/realtime-api","","","Unverified","Unverified","Resolve API terms through sign-up before commercial caching or onward feed distribution","unverified-reuse","GTFS RT availability/update verified.","AP14","2026-10-07"
"JP-PLATEAU","Japan","buildings/3d","Project PLATEAU municipal 3D city models","https://www.mlit.go.jp/plateau/site-policy/","PDL1.0 / CC BY4.0 default; item notice may vary","https://www.mlit.go.jp/plateau/site-policy/","利用者がCC BYに従って利用することを許諾します。","","Yes","Yes for CC BY","Attribution and edits; check item licence and Survey Act usage procedure; LOD and coverage city-specific","verified-with-item-check","Native measured heights/roof geometry in higher LOD provide advantage over OSM-only.","AP16","2026-10-07"
"JP-JMA","Japan","weather/alerts","JMA observations forecasts warnings","https://www.jma.go.jp/jma/en/copyright.html","PDL1.0 / CC BY4.0","https://www.jma.go.jp/jma/en/copyright.html","The Terms of Use are compatible with the Creative Commons Attribution License 4.0","","Yes copyright-wise","Yes copyright-wise","Attribution/edited notices; third parties excluded; Meteorological Service Act Articles17/23 independently constrain forecasting/warnings","verified-with-regulatory-check","Do not invent or alter official safety warnings; confirm dissemination method.","AP17","2026-10-07"
"JP-GSI","Japan","terrain","GSI Foundation Geospatial Data DEM","https://web2.gsi.go.jp/ENGLISH/page_e30286.html","PDL1.0 / CC BY compatible plus Survey Act","https://web2.gsi.go.jp/ENGLISH/page_e30286.html","approval from GSI is needed.","","Conditional","Conditional","Use GSI Survey Act navigation; certain duplication/use approvals required","partly-verified","Open copyright does not remove statutory survey procedures.","AP18","2026-10-07"
"JP-ODPT","Japan","transit","ODPT operator-specific transit feeds","https://developer.odpt.org/terms","Basic vs Challenge Limited / specific conditions","https://developer.odpt.org/terms","","","Conditional","Unverified for Basic; restricted for Limited","Confirm each operator feed and Basic Licence; do not ship Challenge Limited raw/reconstructable feed","partly-verified","Limited challenge licence expires March12 2027; not production foundation.","AP19","2026-10-07"
"KR-KMA-AWS","South Korea","weather","KMA AWS observation query","https://www.data.go.kr/data/15139433/openapi.do","KOGL Type1","https://www.data.go.kr/data/15139433/openapi.do","공공저작물 : 출처표시 (제 1유형)","","Yes","Yes","Attribution under KOGL1; API approval/rate policy","verified","KOGL2/4 NC and KOGL3 ND unsuitable for transformed reusable assets.","AP22","2026-10-07"
"KR-KMA-ALERT","South Korea","weather/alerts","KMA API hub forecasts and weather warnings","https://apihub.kma.go.kr/apiList.do?seqApi=10","Individual product terms unverified","https://apihub.kma.go.kr/apiList.do?seqApi=10","","","Unverified","Unverified","Obtain API key and verify each warning product's licence","unverified-reuse","Technical availability verified.","AP24","2026-10-07"
"KR-TAGO","South Korea","transit","MOLIT TAGO bus arrival API","https://www.data.go.kr/data/15098530/openapi.do?recommendDataYn=Y","No restriction shown in official metadata","https://www.data.go.kr/data/15098530/openapi.do?recommendDataYn=Y","이용허락범위 제한 없음","","Yes per metadata","Yes per metadata","API registration/quota; confirm portal overarching terms and covered city codes","verified-metadata","Realtime arrival API, not universal GTFS RT vehicle geometry.","AP25","2026-10-07"
"GLOBAL-OSM","All 12","roads; buildings; POI","OpenStreetMap planet/regional extracts","https://www.openstreetmap.org/copyright","ODbL 1.0","https://www.openstreetmap.org/copyright","You are free to copy, distribute, transmit and adapt our data, as long as you credit OpenStreetMap and its contributors.","","yes","yes; ODbL obligations","Attribute contributors and link licence; assess derivative-database share-alike and offer underlying database where required. Commercial app code is not automatically ODbL. Public tile/API services have separate usage policies.","verified licence; current completeness unverified","Footprints do not imply height or roof detail. No national extract audit performed. See GLOBAL-OSM-QA and GLOBAL-OSMF.","GLOBAL-OSM","2026-10-07"
"GLOBAL-VNL","All 12","night lights","EOG VIIRS Nighttime Lights annual composites (VNL)","https://eogdata.mines.edu/files/EOG_products_CC_License.pdf","CC BY 4.0 for VNL products covered by document","https://eogdata.mines.edu/files/EOG_products_CC_License.pdf","copy, modify, and distribute data in any format for any purpose, including commercial use","","yes for covered VNL","yes for covered VNL","Credit EOG; indicate changes; follow marking and relevant paper citation instructions. Do not generalize to all Nightfire/Boat Detection products.","verified licence; ingestion untested","Coarse (~500m at equator), historical composites; suitable for regional ambient emission, not individual lamps or live events. V1 extent 75N–65S leaves far northern Canada uncovered; verify selected version extent.","GLOBAL-VNL","2026-10-07"
"GLOBAL-DEM90","All 12","terrain","Copernicus DEM GLO-90 Full Free Open","https://dataspace.copernicus.eu/sites/default/files/media/files/2025-06/copernicus_contributing_mission_data_access_v2_cop_dem_licenses.pdf","COP-DEM-GLO-90-F licence, pp18–20","https://dataspace.copernicus.eu/sites/default/files/media/files/2025-06/copernicus_contributing_mission_data_access_v2_cop_dem_licenses.pdf","(a) reproduction; (b) distribution; (c) communication to the General Public; (d) adaptation, modification and combination with other data andinformation.","","yes; inference from unrestricted grant to legal/natural persons","yes with notices and downstream obligations","Source/modified-source notices; no-liability notice; pass obligations downstream; no endorsement. This GLO90 licence does not authorize GLO30/GLO10.","verified GLO90 grant; asset pipeline untested","Global land DSM at 90m; includes surface objects, unsuitable as street-level bare earth. Prefer national DTM for launch cities. GLO30 requires its own selected-product licence review.","GLOBAL-DEM90","2026-10-07"
"GLOBAL-WORLDCOVER","All 12","vegetation; land cover","ESA WorldCover 2020/2021 10m","https://esa-worldcover.org/en/data-access","CC BY 4.0","https://esa-worldcover.org/en/data-access","The ESA WorldCover product is provided free of charge, without restriction of use.","","yes under CC BY 4.0","yes with attribution and changes","Acknowledge ESA WorldCover and modified Sentinel inputs; cite dataset and article per product page.","verified licence; species inference unverified","Global 11-class land cover for 2020/2021; tree cover is not species, exact tree positions, seasonal canopy or a current inventory. Use procedural country palettes plus local tree inventories where available.","GLOBAL-WORLDCOVER","2026-10-07"
"GLOBAL-ECMWF","All 12","weather fallback","ECMWF open real-time forecast catalogue","https://www.ecmwf.int/en/about/media-centre/news/2025/ecmwf-makes-its-entire-real-time-catalogue-open-all","CC BY 4.0; service terms separate","https://www.ecmwf.int/en/about/media-centre/news/2025/ecmwf-makes-its-entire-real-time-catalogue-open-all","allowing the re-use and redistribution of data for research and commercial purposes","","yes","yes; attribution","Data openness does not guarantee every delivery channel is free; verify subset, access terms, volume/service costs and attribution wording.","verified openness since 2025-10-01; ingestion untested","Global forecast fallback reduces dependency on restrictive national forecasts. Does not replace national authoritative warnings or resolve regulated forecasting-service obligations in Japan.","GLOBAL-ECMWF","2026-10-07"
"DE-3D-BETA","Germany","buildings_3d; terrain","basemap.de service-linked 3D-Beta licence","https://basemap.de/data/produkte/3d/lizenzen/lizenz_basemapde_3D-Beta.pdf","Custom beta/test service licence","https://basemap.de/data/produkte/3d/lizenzen/lizenz_basemapde_3D-Beta.pdf","Eine Entnahme (Download) oder Weiterverwendung von Daten außerhalb des Dienstes ist nicht erlaubt.","","test purposes only; production unverified","no offline assets under this beta grant","Runtime storage only; source credit and modified notice; endpoint applicability must be resolved.","verified beta restriction; production applicability conflict","Do not infer that all newer BKG production tiles share this beta licence.","DE-BETA-TERMS; eu-de3d; eu-de3d-feeds","2026-10-07"
"KR-GEOMETRY","South Korea","buildings_3d; lidar; terrain","VWorld / NGII national geometry candidates","https://www.vworld.kr/dev/v4api.do","UNVERIFIED","https://www.vworld.kr/dev/v4api.do","","","UNVERIFIED","UNVERIFIED","Obtain precise dataset/API grant, export applicability and client derived-asset rights.","candidate only; official API page access failed","A public viewer or API does not prove downloadable open 3D assets.","KR-VWORLD; AP27; AP26","2026-10-07"
