"topic","recommendation","coverage_or_platform","update_frequency","commercial_use","redistribution","attribution","cost","access","size_or_payload","source_urls","unclear","priority"
"Hierarchical spatial tiles","Stream bounded tiles with coarse parents and screen-space error selection; cap resident cache.","i Phone/web; Reality Kit 3 DTiles loader unverified","Source-version driven","Open specification; data/implementation licences separate","Dataset-dependent","Dataset-dependent","Build/hosting; no verified format royalty","Customloader /3 DTiles 1.1","Representative tile/GPUbytes unclear","https://docs.ogc.org/cs/22-025r4/22-025r4.html","Tile size/concurrency/memory budget must be benchmarked","P 0"
"LOD / Reality Kit 2026","Prebake mesh LODs; use screen-space selection; verify Level Of Detail Component on supportedi Phone OS; retain fallback.","Reality Kit SDK/platform-specific","Apple SDK/asset releases","Apple SDKagreements","App/data agreements","Data-dependent","No separate API fee documented","Level Of Detail Component/customswitching","Multiple LODs increase storedbytes; runtime benefit measured","https://developer.apple.com/videos/play/wwdc2026/279/;https://developer.apple.com/documentation/realitykit/levelofdetailcomponent;https://developer.apple.com/support/terms/","WWDCvision OS demonstration is not i Phone availability proof","P 0"
"Two native/web asset outputs","One source model; native USDC/USDZ or Low Level Mesh buffers; webgl TF/codecs; local metre-scale Y-up coordinates.","Reality Kit documented USD/USDZ/.reality; web separate","SDK/assetversions","Appleagreements; data rights separate","Asset-dependent","Dataset/asset credits","Build/runtimeconversion","Async Entityloading; Low Level Mesh","USDC more compact/faster than USDA per Apple; actualtilebytesunclear","https://developer.apple.com/documentation/realitykit/loading-entities-from-a-file;https://developer.apple.com/documentation/usd/creating-usd-files-for-apple-devices;https://developer.apple.com/videos/play/wwdc2024/10104/","Direct Reality Kit gl TF/meshopt/Draco/KTX 2 import unverified","P 0"
"meshopt","Startwebpipeline with meshoptimizer/gltfpack; quantise/simplify; explicitlydecode buffers fornative.","C/C++/JS integrations","Pin testedprojectreleases","MIT","Preservecopyright/permissionnotice","MITsoftware notice","No libraryfee","Officialsource/native/JSdecoder","Compression/decode/precision gain workload-dependent","https://github.com/zeux/meshoptimizer;https://github.com/zeux/meshoptimizer/blob/master/LICENSE.md","Overdraw optimisation may not benefit Apple tiled GPUs","P 0"
"Draco benchmark","Compare delivered bytes plus decode/upload time againstmeshopt on representative citytiles.","Codec/clientdependent; customnativeintegration","Projectreleases","Apache 2.0","Licence/notices/modificationconditions","Apache notices","No codecfee","Google Draco source/releases","Actualratio/decoderfootprint unclear","https://github.com/google/draco;https://www.apache.org/licenses/LICENSE-2.0","No universal smaller/faster winner established","P 1"
"KTX 2/Basis","Use mipmapped KTX 2 onweb; transcode supported GPUformats; validate nativeupload orprebake supportednativeassets.","Websupportclientdependent; native Reality Kitimportunverified","Codec/textureversions","Basis Apache 2.0; bundledcomponentsseparate","Software notices; imagecopyrightseparate","Apache/thirdpartynotices","No referencecodecfee","Basis/KTXtools; KHR_texture_basisu","ETC 1 S/UASTC bytes/quality/GPUmemory benchmark","https://www.khronos.org/ktx/;https://github.com/BinomialLLC/basis_universal;https://github.com/KhronosGroup/glTF/blob/main/extensions/2.0/Khronos/KHR_texture_basisu/README.md","Native upload compatibility/format targets","P 0"
"PMTiles","Regionalarchives and HTTPRange reads for stablelayers; keep frequentlychanging overlaysseparate.","Z/X/Y browserreaders; native readerverify","Replacearchiveperpublishedversion","Reference BSD 3 Clause; specpublic-domain/CC 0 asapplicable","Dataset rights separate; preservesoftwarenotices","Sourcecredits+BSDnotice","Storage/rangeread costs","Staticobjectstorage with Range/CORS/ETag","Regionalbytesunclear","https://docs.protomaps.com/pmtiles/;https://docs.protomaps.com/pmtiles/cloud-storage;https://github.com/protomaps/PMTiles/blob/main/LICENSE","Read-only archive; cannot patchinplace withoutrewrite","P 0"
"MVT semantic tiles","Tile roads/footprints/paths/neededattributes; generate stylisedgeometry; separate 3 Dmeshes.","Mapbox Vector Tile 2.1/protobuf","Datasetcadence","Specdocs CCBY 3.0; decoders/data separate","Source/decoder terms","Speccredit ifreproducingdocs; dataattribution","Compile/hosting","Officialspec/licensedcompiler","Actualcompressedtilebytesunclear","https://github.com/mapbox/vector-tile-spec/blob/master/2.1/README.md;https://github.com/mapbox/vector-tile-spec/blob/master/LICENSE","Speclicence grants no Mapboxhosted APIaccess","P 0"
"Prebake/runtime hybrid","Precompute terrain/roadtriangulation/buildings/LODs; runtime lightweight seasons/instances/liveentities; isolate dynamicbuffers.","Native Low Level Mesh/web workers/GPU","Source rebuilds plus livefeedcadence","Apple/library/dataagreements","Underlying asset/data terms","Data-dependent","Compute/storage/device CPUtradeoff","Custompipeline/Low Level Mesh","Coldload/residentbytes/thermalbreak-even unclear","https://developer.apple.com/videos/play/wwdc2024/10104/;https://developer.apple.com/documentation/realitykit/reducing-cpu-utilization-in-your-realitykit-app","Engineering recommendation, not Apple mandate","P 0"
"Delta updates / manifests","Immutable content-addressed shards; smallversionmanifest; changed-shardrebuild; atomicswitch/rollback; ETag for mutablemetadata.","i Phone/web HTTP","Source-driven; base/live separate","Data/buildlicences","Only clearedredistributable sources","Carryprovenance/licences throughrebuilds","Changed-shardbuild/upload","HTTPvalidators/versionmanifest","Delta=changedshardbytes; savingsunclear","https://docs.protomaps.com/pmtiles/;https://www.rfc-editor.org/rfc/rfc9111","Stablefeature IDs/topology/manifestatomicity needvalidation","P 0"
"Cloudflare R 2 production","Use R 2 Standard/customdomain; configure caching; r 2.dev rate-limited not productionorigin.","Internet/S 3","Priceschecked 2026-10-07; canchange","Commercialservice; agreementnotfullyaudited","Publicdeliverysupported, source rights separate","Fixedprovidercreditunverified; data separate","$.015/GBmo; Class A$4.50/M; Class B$.36/M; free 10 GB+1 MA+10 MB; egressfree","Self-serveaccount/bucket/admincredentials","Actualworldassetbytesunclear","https://developers.cloudflare.com/r2/pricing/;https://developers.cloudflare.com/r2/buckets/public-buckets/","Workers/premiumcache/security/compute mayaddcost","P 0"
"Bunny alternative","Compare North America Standard CDN +single-region HDDstorage; test Range/mobilecoldload.","North America pricingexample","Priceschecked 2026-10-07; canchange","Commercialservice; agreementnotfullyaudited","Source rights separate","Providerfixedcreditunclear","NA/Europe$.01/GBdelivery; $1 CDNminimum; HDD$.01/GBmo,$1 minimum; APIfee 0","Self-serve storage/pullzonecredentials","Actualassetbytesunclear","https://bunny.net/pricing/;https://bunny.net/pricing/storage/","Replication/otherregions/products and Volumefootprintdifferent","P 1"
"CDN scenario 100 MB/MAU","Calculated hypothesis:100 GBstored,<1 Mwrites/mo,200 origin GETs+100 MB/MAU/mo,zeroedgehits.","10 k/100 k/1 Mmonthlyactiveusers; Bunny North America","Monthlymodel","Provideragreements/source rights","Source rights","Source rights","R 2$1.35/$4.95/$69.75; Bunny$11/$101/$1001 permonth","R 2 max(GB-10,0)*.015+max(GETs-10 M,0)/1 M*.36; Bunny GB*.01+$1 storage","1/10/100 TBdelivered; 2/20/200 MGETs; decimalunits","https://developers.cloudflare.com/r2/pricing/;https://bunny.net/pricing/;https://bunny.net/pricing/storage/","Not usageforecast; excludescompute/live APIs/tax/premiumservices","P 0"
"CDN scenario 1 GB/MAU","Calculated heavierhypothesis:same 100 GBstorage,<1 Mwrites; 2000 origin GETs+1 GB/MAU/mo; zeroedgehits.","10 k/100 k/1 MMAU; NA","Monthlymodel","Provider/sourceagreements","Source rights","Source rights","R 2$4.95/$69.75/$717.75; Bunny$101/$1001/$10001/mo","Sameformula as 100 MBscenario","10/100 TB/1 PBdelivery; 20/200 M/2 BGETs","https://developers.cloudflare.com/r2/pricing/;https://bunny.net/pricing/;https://bunny.net/pricing/storage/","Stresscase, not forecast; MAUalone cannotpricehosting","P 1"
"Instancing / drawcalls / culling","Instance trees/lights/benches; sharematerials/atlases; batch withinspatialtiles toretainculling.","Reality Kit 2025 Mesh Instances Component; OSverify","Visibility/transforms eachframe; staticbuffers onchange","Apple SDKagreements","App/asset/sourceagreements","Assetcredits","Engineering/testing","Mesh Instances Component/profile","Actualdraw/memoryreductionunclear","https://developer.apple.com/videos/play/wwdc2025/287/;https://developer.apple.com/documentation/realitykit/reducing-cpu-utilization-in-your-realitykit-app","No universal vision OSdrawcallbudget fori Phone","P 0"
"Battery / sustained thermal","Profile longoutdoorsessions/oldestsupportedphone; react Low Power/thermal; reduce detail/shadows/optionalanimation/network/locationwork.","i Phone Foundation/Reality Kit","Notifications/sustainedmonitoring","Apple SDKagreements","Appagreements","Data-dependent","Testingeffort","Process Info/notifications/Xcode Instruments","60 fps=16.7 ms/frame arithmetic; sustainablebudgetunclear","https://developer.apple.com/documentation/xcode/responding-to-power-notifications;https://developer.apple.com/documentation/realitykit/improving-the-performance-of-a-realitykit-app","Coldstart 60 fps doesnot provesustainedthermal performance","P 0"
"Web GPU renderer","Feature/adapterdetection; device-lossrecovery; reduced Web GL 2 fallback or unsupporteddeviceexperience.","Safari 26 shipped Web GPU; browser/GPUvaries","Browserreleases/capabilitycheck","Webstandard; renderer/data licencesseparate","Library/assets terms","Library/data credits","No per-render APIfee; development","HTTPS/navigator.gpu/request Adapter/WGSL","Device limits/texturefeatures; actualbytesunclear","https://webkit.org/blog/17333/webkit-features-in-safari-26-0/;https://www.w3.org/TR/webgpu/","Availabilitydoesnot guarantee 60 fps","P 1"
"Reality Kit spatial audio","Licensedmonoloops near sources; naturalattenuation; restrainedambientbed; streamlongaudio; mute/mixcontrols.","Reality Kit platforms differ; customreverbmesh Vision Prospecific","Listener/source transforms; environmentstate","Apple SDKplusrecording/composition/TTSrights","Audioasset/onwardrightsexplicit","Asset-specific","Licences/storage/testing","Audio File Resource/spatial/ambient/mixgroups","Codec/duration/concurrentsourcebudgetunclear","https://developer.apple.com/videos/play/wwdc2024/111801/;https://developer.apple.com/videos/play/wwdc2026/279/","Do notpromise Vision Pro 2026 reverbmesh oni Phone","P 1"
"OSM public tile access","Selfhostlicensedtiles orcontractprefetch/offlineprovider; public OSMrasterserver not citystreamingorigin.","tile.openstreetmap.orgservicepolicy","Policy/dataupdates","Open OSMdata differs from publicserveraccess","Publicserverbulk/offlinearchives prohibited","Visible OSMcredit","No guaranteedfreecommercialhosting; selfhostcostseparate","Properlyidentifiedinteractiveclients underpolicy","No approved citydownloadbudget","https://operations.osmfoundation.org/policies/tiles/","Separate vectorservicepolicy; commercialaccess canwithdraw","P 0"
