rule_id,country_code,country,street_class,context,driving_side,width_basis,moving_surface_default_m,moving_surface_range_min_m,moving_surface_range_max_m,carriageway_default_m,carriageway_inclusions,lane_default_m,lane_layout,flow_or_lane_slots,slots_scope,lane_count_status,sidewalk_presence,sidewalk_clear_width_m,sidewalk_status,curb_type,curb_exposed_height_m,sidewalk_surface_level_m,curb_status,parking_policy,parking_allocated_sides,parking_allocated_width_per_side_m,parking_optional_bay_width_m,parking_status,cycle_policy,cycle_track_conditional_sides,cycle_track_conditional_width_per_side_m,cycle_separator_conditional_width_m,cycle_optional_width_m,cycle_status,tree_strip_default_m,tree_strip_policy,tree_strip_optional_width_m,tree_status,median_policy,median_optional_width_m,median_default_m,median_status,outer_shoulder_allocated_m,inner_shoulder_allocated_m,shoulder_status,centre_marking_colour,longitudinal_marking_style,special_marking_rule,marking_status,crosswalk_style_when_evidenced,crosswalk_presence_policy,streetlight_spacing_if_lit_m,streetlight_spacing_status,streetlight_presence_policy,utility_generation_policy,utility_regional_character,utility_status,source_ids,primary_anchor_url,profile_status,osm_attribute_completeness_status,notes
us_motorway_v1,US,United States,motorway,controlled_access,right,one_directional_carriageway,7.32,7.32,14.64,11.32,moving_surface;allocated_onroad_parking;allocated_onroad_bike;shoulders,3.66,marked_lanes,2,per_direction,authored_not_observed,none,0,authored_presence_and_width,none_shoulder_barrier,0,0,authored_with_local_anchor,none,0,0,0,inferred_not_observed,no_facility_motorway,0,0,0,0,conditional_not_observed,0,grass_verge_no_roadside_trees,2,authored_unverified_prevalence,external_divided_reserve_conditional,3,0,authored_unverified,3,1,authored_geometry_optional_verify_local,none,white_dashed_lanes_white_edge,none,authored_profile_with_country_vocabulary,none,only_tagged_or_source_evidenced_crossings,60,unverified_authored_not_national_typical,mapped_posts_else_lit_yes_or_explicit_simulated_urban_dressing,unknown_no_poles_generated,no_distribution_poles_at_traffic_edge,unverified_appearance_not_asset_inventory,US-G1;US-G2;US-G3;US-G4;US-G6,https://www.fhwa.dot.gov/policy/23cpr/chap4.cfm,proposed_fallback_not_measured_country_typical,unverified_no_country_audit,"All values are authored priors; plausible range is not a measured percentile. Urban ordinary street profile; local context overrides. Per ONE mapped directional carriageway. Two-way unsplit motorways need explicit topology; shoulders 3 outer +1 inner are optional authored allocations, included once in carriageway_default_m. Median reserve is external; do not duplicate."
us_arterial_v1,US,United States,arterial,urban_ordinary,right,one_way_feature_both_flows_when_two_way,13.4,6.1,26,13.4,moving_surface;allocated_onroad_parking;allocated_onroad_bike;shoulders,3.35,marked_lanes,4,total_flow_slots,authored_not_observed,both_inferred_urban,2.4,authored_presence_and_width,vertical_concrete_gutter,0.15,0.15,authored_with_local_anchor,none_generated_unknown_presence,0,0,2.3,inferred_not_observed,unknown_no_dedicated_geometry,0,0,0,1.8,conditional_not_observed,0,conditional_urban_planting_strip,1.5,authored_unverified_prevalence,none_unless_mapped_divided_or_turn_lane,2,0,authored_unverified,0,0,authored_geometry_optional_verify_local,yellow_opposing_flow,double_yellow_centre_white_same_direction_dashes,none,authored_profile_with_country_vocabulary,white_continental_or_ladder,only_tagged_or_source_evidenced_crossings,40,unverified_authored_not_national_typical,mapped_posts_else_lit_yes_or_explicit_simulated_urban_dressing,unknown_no_poles_generated,older_districts_overhead_newer_underground_unverified,unverified_appearance_not_asset_inventory,US-G1;US-G2;US-G3;US-G4;US-G6,https://www.fhwa.dot.gov/policy/23cpr/chap4.cfm,proposed_fallback_not_measured_country_typical,unverified_no_country_audit,All values are authored priors; plausible range is not a measured percentile. Urban ordinary street profile; local context overrides.
us_collector_v1,US,United States,collector,urban_ordinary,right,one_way_feature_both_flows_when_two_way,6.1,6.1,9.5,10.6,moving_surface;allocated_onroad_parking;allocated_onroad_bike;shoulders,3.05,marked_lanes,2,total_flow_slots,authored_not_observed,both_inferred_urban,1.8,authored_presence_and_width,vertical_concrete_gutter,0.15,0.15,authored_with_local_anchor,inferred_both_urban_sides,2,2.25,2.3,inferred_not_observed,unknown_no_dedicated_geometry,0,0,0,1.8,conditional_not_observed,0,conditional_urban_planting_strip,1.5,authored_unverified_prevalence,none_unless_mapped_divided_or_turn_lane,2,0,authored_unverified,0,0,authored_geometry_optional_verify_local,yellow_opposing_flow,yellow_centre_white_same_direction_where_marked,none,authored_profile_with_country_vocabulary,white_continental_or_ladder,only_tagged_or_source_evidenced_crossings,40,unverified_authored_not_national_typical,mapped_posts_else_lit_yes_or_explicit_simulated_urban_dressing,unknown_no_poles_generated,older_districts_overhead_newer_underground_unverified,unverified_appearance_not_asset_inventory,US-G1;US-G2;US-G3;US-G4;US-G6,https://www.fhwa.dot.gov/policy/23cpr/chap4.cfm,proposed_fallback_not_measured_country_typical,unverified_no_country_audit,All values are authored priors; plausible range is not a measured percentile. Urban ordinary street profile; local context overrides.
us_residential_v1,US,United States,residential,urban_ordinary,right,one_way_feature_both_flows_when_two_way,6.1,4.5,7.7,10.6,moving_surface;allocated_onroad_parking;allocated_onroad_bike;shoulders,3.05,unmarked_nominal_two_flows,2,total_flow_slots,authored_not_observed,both_inferred_urban,1.5,authored_presence_and_width,vertical_concrete_gutter,0.15,0.15,authored_with_local_anchor,inferred_both_urban_sides,2,2.25,2.3,inferred_not_observed,mixed_traffic,0,0,0,1.8,conditional_not_observed,0,conditional_urban_planting_strip,1.5,authored_unverified_prevalence,none_unless_mapped_divided_or_turn_lane,2,0,authored_unverified,0,0,authored_geometry_optional_verify_local,none,no_longitudinal_markings,none,authored_profile_with_country_vocabulary,unmarked_unless_explicit_crossing_then_country_style,only_tagged_or_source_evidenced_crossings,50,unverified_authored_not_national_typical,mapped_posts_else_lit_yes_or_explicit_simulated_urban_dressing,unknown_no_poles_generated,older_districts_overhead_newer_underground_unverified,unverified_appearance_not_asset_inventory,US-G1;US-G2;US-G3;US-G4;US-G6,https://www.fhwa.dot.gov/policy/23cpr/chap4.cfm,proposed_fallback_not_measured_country_typical,unverified_no_country_audit,"All values are authored priors; plausible range is not a measured percentile. Urban ordinary street profile; local context overrides. Flow/slot count is rendering semantics, not an inferred OSM lanes tag; no mandatory centreline."
us_lane_alley_v1,US,United States,lane_alley,urban_ordinary,right,one_way_feature_both_flows_when_two_way,4.5,3,6,4.5,moving_surface;allocated_onroad_parking;allocated_onroad_bike;shoulders,,unmarked_shared_surface,1,total_flow_slots,authored_not_observed,none,0,authored_presence_and_width,flush_or_gutter,0,0,authored_with_local_anchor,none,0,0,0,inferred_not_observed,mixed_traffic,0,0,0,1.8,conditional_not_observed,0,none,0,authored_unverified_prevalence,none_unless_mapped_divided_or_turn_lane,2,0,authored_unverified,0,0,authored_geometry_optional_verify_local,none,no_longitudinal_markings,none,authored_profile_with_country_vocabulary,none,only_tagged_or_source_evidenced_crossings,60,unverified_authored_not_national_typical,mapped_posts_else_lit_yes_or_explicit_simulated_urban_dressing,unknown_no_poles_generated,older_districts_overhead_newer_underground_unverified,unverified_appearance_not_asset_inventory,US-G1;US-G2;US-G3;US-G4;US-G6,https://www.fhwa.dot.gov/policy/23cpr/chap4.cfm,proposed_fallback_not_measured_country_typical,unverified_no_country_audit,"All values are authored priors; plausible range is not a measured percentile. Urban ordinary street profile; local context overrides. Flow/slot count is rendering semantics, not an inferred OSM lanes tag; no mandatory centreline."
us_shared_street_v1,US,United States,shared_street,urban_ordinary,right,one_way_feature_both_flows_when_two_way,5.5,4,8,5.5,moving_surface;allocated_onroad_parking;allocated_onroad_bike;shoulders,,unmarked_shared_surface,1,total_flow_slots,authored_not_observed,integrated_shared_surface_no_separate_sidewalk,0,authored_presence_and_width,flush_or_gutter,0,0,authored_with_local_anchor,mapped_bays_only,0,0,2.3,inferred_not_observed,mixed_traffic,0,0,0,1.8,conditional_not_observed,0,none_default_optional_pits_or_local_verge,1.5,authored_unverified_prevalence,none_unless_mapped_divided_or_turn_lane,2,0,authored_unverified,0,0,authored_geometry_optional_verify_local,none,no_longitudinal_markings,none,authored_profile_with_country_vocabulary,none,only_tagged_or_source_evidenced_crossings,25,unverified_authored_not_national_typical,mapped_posts_else_lit_yes_or_explicit_simulated_urban_dressing,unknown_no_poles_generated,older_districts_overhead_newer_underground_unverified,unverified_appearance_not_asset_inventory,US-G1;US-G2;US-G3;US-G4;US-G6,https://www.fhwa.dot.gov/policy/23cpr/chap4.cfm,proposed_fallback_not_measured_country_typical,unverified_no_country_audit,"All values are authored priors; plausible range is not a measured percentile. Urban ordinary street profile; local context overrides. Flow/slot count is rendering semantics, not an inferred OSM lanes tag; no mandatory centreline."
ca_motorway_v1,CA,Canada,motorway,controlled_access,right,one_directional_carriageway,7.4,7,14.8,11.4,moving_surface;allocated_onroad_parking;allocated_onroad_bike;shoulders,3.7,marked_lanes,2,per_direction,authored_not_observed,none,0,authored_presence_and_width,none_shoulder_barrier,0,0,authored_unverified_national_typical,none,0,0,0,inferred_not_observed,no_facility_motorway,0,0,0,0,conditional_not_observed,0,grass_verge_no_roadside_trees,2,authored_unverified_prevalence,external_divided_reserve_conditional,3,0,authored_unverified,3,1,authored_geometry_optional_verify_local,none,white_dashed_lanes_white_edge,none,authored_profile_with_country_vocabulary,none,only_tagged_or_source_evidenced_crossings,60,unverified_authored_not_national_typical,mapped_posts_else_lit_yes_or_explicit_simulated_urban_dressing,unknown_no_poles_generated,no_distribution_poles_at_traffic_edge,unverified_appearance_not_asset_inventory,CA-G1;CA-G2;CA-G5;CA-G6;CA-G8,https://www.toronto.ca/wp-content/uploads/2025/11/96f5-ecs-specs-roaddg-Lane-Widths-Guideline-Version-3.0-Nov2025.pdf,proposed_fallback_not_measured_country_typical,unverified_no_country_audit,"All values are authored priors; plausible range is not a measured percentile. Urban ordinary street profile; local context overrides. Per ONE mapped directional carriageway. Two-way unsplit motorways need explicit topology; shoulders 3 outer +1 inner are optional authored allocations, included once in carriageway_default_m. Median reserve is external; do not duplicate."
ca_arterial_v1,CA,Canada,arterial,urban_ordinary,right,one_way_feature_both_flows_when_two_way,12.6,6,25,12.6,moving_surface;allocated_onroad_parking;allocated_onroad_bike;shoulders,3.15,marked_lanes,4,total_flow_slots,authored_not_observed,both_inferred_urban,2.1,authored_presence_and_width,vertical_concrete_gutter,0.15,0.15,authored_unverified_national_typical,none_generated_unknown_presence,0,0,2.1,inferred_not_observed,unknown_no_dedicated_geometry,0,0,0,1.8,conditional_not_observed,0,conditional_urban_planting_strip,1.5,authored_unverified_prevalence,none_unless_mapped_divided_or_turn_lane,2,0,authored_unverified,0,0,authored_geometry_optional_verify_local,yellow_opposing_flow,yellow_centre_white_same_direction_where_marked,none,authored_profile_with_country_vocabulary,white_transverse_pair_or_local_zebra,only_tagged_or_source_evidenced_crossings,40,unverified_authored_not_national_typical,mapped_posts_else_lit_yes_or_explicit_simulated_urban_dressing,unknown_no_poles_generated,older_districts_overhead_newer_underground_unverified,unverified_appearance_not_asset_inventory,CA-G1;CA-G2;CA-G5;CA-G6;CA-G8,https://www.toronto.ca/wp-content/uploads/2025/11/96f5-ecs-specs-roaddg-Lane-Widths-Guideline-Version-3.0-Nov2025.pdf,proposed_fallback_not_measured_country_typical,unverified_no_country_audit,All values are authored priors; plausible range is not a measured percentile. Urban ordinary street profile; local context overrides. Nominal 3.15 is arithmetic average: two inner3.0 +two curb3.3.
ca_collector_v1,CA,Canada,collector,urban_ordinary,right,one_way_feature_both_flows_when_two_way,6.2,6,9.8,10.4,moving_surface;allocated_onroad_parking;allocated_onroad_bike;shoulders,3.1,marked_lanes,2,total_flow_slots,authored_not_observed,both_inferred_urban,1.8,authored_presence_and_width,vertical_concrete_gutter,0.15,0.15,authored_unverified_national_typical,inferred_both_urban_sides,2,2.1,2.1,inferred_not_observed,unknown_no_dedicated_geometry,0,0,0,1.8,conditional_not_observed,0,conditional_urban_planting_strip,1.5,authored_unverified_prevalence,none_unless_mapped_divided_or_turn_lane,2,0,authored_unverified,0,0,authored_geometry_optional_verify_local,yellow_opposing_flow,yellow_centre_white_same_direction_where_marked,none,authored_profile_with_country_vocabulary,white_transverse_pair_or_local_zebra,only_tagged_or_source_evidenced_crossings,40,unverified_authored_not_national_typical,mapped_posts_else_lit_yes_or_explicit_simulated_urban_dressing,unknown_no_poles_generated,older_districts_overhead_newer_underground_unverified,unverified_appearance_not_asset_inventory,CA-G1;CA-G2;CA-G5;CA-G6;CA-G8,https://www.toronto.ca/wp-content/uploads/2025/11/96f5-ecs-specs-roaddg-Lane-Widths-Guideline-Version-3.0-Nov2025.pdf,proposed_fallback_not_measured_country_typical,unverified_no_country_audit,All values are authored priors; plausible range is not a measured percentile. Urban ordinary street profile; local context overrides.
ca_residential_v1,CA,Canada,residential,urban_ordinary,right,one_way_feature_both_flows_when_two_way,8.5,7.2,10.5,8.5,moving_surface;allocated_onroad_parking;allocated_onroad_bike;shoulders,,unmarked_shared_surface,2,total_flow_slots,authored_not_observed,both_inferred_urban,1.8,authored_presence_and_width,vertical_concrete_gutter,0.15,0.15,authored_unverified_national_typical,flexible_curb_parking_no_reserved_lane_allocation,0,0,2.1,inferred_not_observed,mixed_traffic,0,0,0,1.8,conditional_not_observed,0,conditional_urban_planting_strip,1.5,authored_unverified_prevalence,none_unless_mapped_divided_or_turn_lane,2,0,authored_unverified,0,0,authored_geometry_optional_verify_local,none,no_longitudinal_markings,none,authored_profile_with_country_vocabulary,unmarked_unless_explicit_crossing_then_country_style,only_tagged_or_source_evidenced_crossings,50,unverified_authored_not_national_typical,mapped_posts_else_lit_yes_or_explicit_simulated_urban_dressing,unknown_no_poles_generated,older_districts_overhead_newer_underground_unverified,unverified_appearance_not_asset_inventory,CA-G1;CA-G2;CA-G5;CA-G6;CA-G8,https://www.toronto.ca/wp-content/uploads/2025/11/96f5-ecs-specs-roaddg-Lane-Widths-Guideline-Version-3.0-Nov2025.pdf,proposed_fallback_not_measured_country_typical,unverified_no_country_audit,"All values are authored priors; plausible range is not a measured percentile. Urban ordinary street profile; local context overrides. 8.5m is flexible occupied-parking/travel surface, not two3m lanes plus two2.1m bays; opposing traffic may yield. Flow/slot count is rendering semantics, not an inferred OSM lanes tag; no mandatory centreline."
ca_lane_alley_v1,CA,Canada,lane_alley,urban_ordinary,right,one_way_feature_both_flows_when_two_way,4.5,3,6,4.5,moving_surface;allocated_onroad_parking;allocated_onroad_bike;shoulders,,unmarked_shared_surface,1,total_flow_slots,authored_not_observed,none,0,authored_presence_and_width,flush_or_gutter,0,0,authored_unverified_national_typical,none,0,0,0,inferred_not_observed,mixed_traffic,0,0,0,1.8,conditional_not_observed,0,none,0,authored_unverified_prevalence,none_unless_mapped_divided_or_turn_lane,2,0,authored_unverified,0,0,authored_geometry_optional_verify_local,none,no_longitudinal_markings,none,authored_profile_with_country_vocabulary,none,only_tagged_or_source_evidenced_crossings,60,unverified_authored_not_national_typical,mapped_posts_else_lit_yes_or_explicit_simulated_urban_dressing,unknown_no_poles_generated,older_districts_overhead_newer_underground_unverified,unverified_appearance_not_asset_inventory,CA-G1;CA-G2;CA-G5;CA-G6;CA-G8,https://www.toronto.ca/wp-content/uploads/2025/11/96f5-ecs-specs-roaddg-Lane-Widths-Guideline-Version-3.0-Nov2025.pdf,proposed_fallback_not_measured_country_typical,unverified_no_country_audit,"All values are authored priors; plausible range is not a measured percentile. Urban ordinary street profile; local context overrides. Flow/slot count is rendering semantics, not an inferred OSM lanes tag; no mandatory centreline."
ca_shared_street_v1,CA,Canada,shared_street,urban_ordinary,right,one_way_feature_both_flows_when_two_way,5.5,4,8,5.5,moving_surface;allocated_onroad_parking;allocated_onroad_bike;shoulders,,unmarked_shared_surface,1,total_flow_slots,authored_not_observed,integrated_shared_surface_no_separate_sidewalk,0,authored_presence_and_width,flush_or_gutter,0,0,authored_unverified_national_typical,mapped_bays_only,0,0,2.1,inferred_not_observed,mixed_traffic,0,0,0,1.8,conditional_not_observed,0,none_default_optional_pits_or_local_verge,1.5,authored_unverified_prevalence,none_unless_mapped_divided_or_turn_lane,2,0,authored_unverified,0,0,authored_geometry_optional_verify_local,none,no_longitudinal_markings,none,authored_profile_with_country_vocabulary,none,only_tagged_or_source_evidenced_crossings,25,unverified_authored_not_national_typical,mapped_posts_else_lit_yes_or_explicit_simulated_urban_dressing,unknown_no_poles_generated,older_districts_overhead_newer_underground_unverified,unverified_appearance_not_asset_inventory,CA-G1;CA-G2;CA-G5;CA-G6;CA-G8,https://www.toronto.ca/wp-content/uploads/2025/11/96f5-ecs-specs-roaddg-Lane-Widths-Guideline-Version-3.0-Nov2025.pdf,proposed_fallback_not_measured_country_typical,unverified_no_country_audit,"All values are authored priors; plausible range is not a measured percentile. Urban ordinary street profile; local context overrides. Flow/slot count is rendering semantics, not an inferred OSM lanes tag; no mandatory centreline."
gb_motorway_v1,GB,United Kingdom,motorway,controlled_access,left,one_directional_carriageway,10.95,7.3,14.6,14.95,moving_surface;allocated_onroad_parking;allocated_onroad_bike;shoulders,3.65,marked_lanes,3,per_direction,authored_not_observed,none,0,authored_presence_and_width,none_shoulder_barrier,0,0,authored_unverified_national_typical,none,0,0,0,inferred_not_observed,no_facility_motorway,0,0,0,0,conditional_not_observed,0,grass_verge_no_roadside_trees,2,authored_unverified_prevalence,external_divided_reserve_conditional,3,0,authored_unverified,3,1,authored_geometry_optional_verify_local,none,white_dashed_lanes_white_edge,yellow_kerbside_restrictions_only_when_evidenced,authored_profile_with_country_vocabulary,none,only_tagged_or_source_evidenced_crossings,45,unverified_authored_not_national_typical,mapped_posts_else_lit_yes_or_explicit_simulated_urban_dressing,unknown_no_poles_generated,no_distribution_poles_at_traffic_edge,unverified_appearance_not_asset_inventory,GB-G1;GB-G2;GB-G3;GB-G4,https://www.gov.uk/government/publications/manual-for-streets,proposed_fallback_not_measured_country_typical,unverified_no_country_audit,"All values are authored priors; plausible range is not a measured percentile. Urban ordinary street profile; local context overrides. Per ONE mapped directional carriageway. Two-way unsplit motorways need explicit topology; shoulders 3 outer +1 inner are optional authored allocations, included once in carriageway_default_m. Median reserve is external; do not duplicate."
gb_arterial_v1,GB,United Kingdom,arterial,urban_ordinary,left,one_way_feature_both_flows_when_two_way,7,6.5,7.3,7,moving_surface;allocated_onroad_parking;allocated_onroad_bike;shoulders,3.5,marked_lanes,2,total_flow_slots,authored_not_observed,both_inferred_urban,2.5,authored_presence_and_width,raised_stone_or_concrete,0.125,0.125,authored_unverified_national_typical,none_generated_unknown_presence,0,0,2,inferred_not_observed,unknown_no_dedicated_geometry,0,0,0,2,conditional_not_observed,0,none_default_optional_pits_or_local_verge,1,authored_unverified_prevalence,none_unless_mapped_divided_or_turn_lane,2,0,authored_unverified,0,0,authored_geometry_optional_verify_local,white_centre,white_broken_centre_white_same_direction,yellow_kerbside_restrictions_only_when_evidenced,authored_profile_with_country_vocabulary,zebra_with_zigzags_or_signal_crossing,only_tagged_or_source_evidenced_crossings,35,unverified_authored_not_national_typical,mapped_posts_else_lit_yes_or_explicit_simulated_urban_dressing,unknown_no_poles_generated,urban_underground_telecom_poles_possible_unverified,unverified_appearance_not_asset_inventory,GB-G1;GB-G2;GB-G3;GB-G4,https://www.gov.uk/government/publications/manual-for-streets,proposed_fallback_not_measured_country_typical,unverified_no_country_audit,All values are authored priors; plausible range is not a measured percentile. Urban ordinary street profile; local context overrides.
gb_collector_v1,GB,United Kingdom,collector,urban_ordinary,left,one_way_feature_both_flows_when_two_way,6,5.5,6.5,6,moving_surface;allocated_onroad_parking;allocated_onroad_bike;shoulders,3,marked_lanes,2,total_flow_slots,authored_not_observed,both_inferred_urban,2,authored_presence_and_width,raised_stone_or_concrete,0.125,0.125,authored_unverified_national_typical,none_generated_unknown_presence,0,0,2,inferred_not_observed,unknown_no_dedicated_geometry,0,0,0,2,conditional_not_observed,0,none_default_optional_pits_or_local_verge,1,authored_unverified_prevalence,none_unless_mapped_divided_or_turn_lane,2,0,authored_unverified,0,0,authored_geometry_optional_verify_local,white_centre,white_broken_centre_white_same_direction,yellow_kerbside_restrictions_only_when_evidenced,authored_profile_with_country_vocabulary,zebra_with_zigzags_or_signal_crossing,only_tagged_or_source_evidenced_crossings,30,unverified_authored_not_national_typical,mapped_posts_else_lit_yes_or_explicit_simulated_urban_dressing,unknown_no_poles_generated,urban_underground_telecom_poles_possible_unverified,unverified_appearance_not_asset_inventory,GB-G1;GB-G2;GB-G3;GB-G4,https://www.gov.uk/government/publications/manual-for-streets,proposed_fallback_not_measured_country_typical,unverified_no_country_audit,All values are authored priors; plausible range is not a measured percentile. Urban ordinary street profile; local context overrides.
gb_residential_v1,GB,United Kingdom,residential,urban_ordinary,left,one_way_feature_both_flows_when_two_way,5,4.8,5.5,5,moving_surface;allocated_onroad_parking;allocated_onroad_bike;shoulders,,unmarked_shared_surface,2,total_flow_slots,authored_not_observed,both_inferred_urban,2,authored_presence_and_width,raised_stone_or_concrete,0.125,0.125,authored_unverified_national_typical,none_generated_unknown_presence,0,0,2,inferred_not_observed,mixed_traffic,0,0,0,2,conditional_not_observed,0,none_default_optional_pits_or_local_verge,1,authored_unverified_prevalence,none_unless_mapped_divided_or_turn_lane,2,0,authored_unverified,0,0,authored_geometry_optional_verify_local,none,no_longitudinal_markings,yellow_kerbside_restrictions_only_when_evidenced,authored_profile_with_country_vocabulary,unmarked_unless_explicit_crossing_then_country_style,only_tagged_or_source_evidenced_crossings,25,unverified_authored_not_national_typical,mapped_posts_else_lit_yes_or_explicit_simulated_urban_dressing,unknown_no_poles_generated,urban_underground_telecom_poles_possible_unverified,unverified_appearance_not_asset_inventory,GB-G1;GB-G2;GB-G3;GB-G4,https://www.gov.uk/government/publications/manual-for-streets,proposed_fallback_not_measured_country_typical,unverified_no_country_audit,"All values are authored priors; plausible range is not a measured percentile. Urban ordinary street profile; local context overrides. Flow/slot count is rendering semantics, not an inferred OSM lanes tag; no mandatory centreline."
gb_lane_alley_v1,GB,United Kingdom,lane_alley,urban_ordinary,left,one_way_feature_both_flows_when_two_way,3,2.5,3.7,3,moving_surface;allocated_onroad_parking;allocated_onroad_bike;shoulders,,unmarked_shared_surface,1,total_flow_slots,authored_not_observed,none,0,authored_presence_and_width,flush_or_gutter,0,0,authored_unverified_national_typical,none,0,0,0,inferred_not_observed,mixed_traffic,0,0,0,2,conditional_not_observed,0,none,0,authored_unverified_prevalence,none_unless_mapped_divided_or_turn_lane,2,0,authored_unverified,0,0,authored_geometry_optional_verify_local,none,no_longitudinal_markings,yellow_kerbside_restrictions_only_when_evidenced,authored_profile_with_country_vocabulary,none,only_tagged_or_source_evidenced_crossings,25,unverified_authored_not_national_typical,mapped_posts_else_lit_yes_or_explicit_simulated_urban_dressing,unknown_no_poles_generated,urban_underground_telecom_poles_possible_unverified,unverified_appearance_not_asset_inventory,GB-G1;GB-G2;GB-G3;GB-G4,https://www.gov.uk/government/publications/manual-for-streets,proposed_fallback_not_measured_country_typical,unverified_no_country_audit,"All values are authored priors; plausible range is not a measured percentile. Urban ordinary street profile; local context overrides. Flow/slot count is rendering semantics, not an inferred OSM lanes tag; no mandatory centreline."
gb_shared_street_v1,GB,United Kingdom,shared_street,urban_ordinary,left,one_way_feature_both_flows_when_two_way,4.8,4,5.5,4.8,moving_surface;allocated_onroad_parking;allocated_onroad_bike;shoulders,,unmarked_shared_surface,1,total_flow_slots,authored_not_observed,integrated_shared_surface_no_separate_sidewalk,0,authored_presence_and_width,flush_or_gutter,0,0,authored_unverified_national_typical,mapped_bays_only,0,0,2,inferred_not_observed,mixed_traffic,0,0,0,2,conditional_not_observed,0,none_default_optional_pits_or_local_verge,1,authored_unverified_prevalence,none_unless_mapped_divided_or_turn_lane,2,0,authored_unverified,0,0,authored_geometry_optional_verify_local,none,no_longitudinal_markings,yellow_kerbside_restrictions_only_when_evidenced,authored_profile_with_country_vocabulary,none,only_tagged_or_source_evidenced_crossings,25,unverified_authored_not_national_typical,mapped_posts_else_lit_yes_or_explicit_simulated_urban_dressing,unknown_no_poles_generated,urban_underground_telecom_poles_possible_unverified,unverified_appearance_not_asset_inventory,GB-G1;GB-G2;GB-G3;GB-G4,https://www.gov.uk/government/publications/manual-for-streets,proposed_fallback_not_measured_country_typical,unverified_no_country_audit,"All values are authored priors; plausible range is not a measured percentile. Urban ordinary street profile; local context overrides. Flow/slot count is rendering semantics, not an inferred OSM lanes tag; no mandatory centreline."
nl_motorway_v1,NL,Netherlands,motorway,controlled_access,right,one_directional_carriageway,10.5,7,14,14.5,moving_surface;allocated_onroad_parking;allocated_onroad_bike;shoulders,3.5,marked_lanes,3,per_direction,authored_not_observed,none,0,authored_presence_and_width,none_shoulder_barrier,0,0,authored_with_local_anchor,none,0,0,0,inferred_not_observed,no_facility_motorway,0,0,0,0,conditional_not_observed,0,grass_verge_no_roadside_trees,2,authored_unverified_prevalence,external_divided_reserve_conditional,3,0,authored_unverified,3,1,authored_geometry_optional_verify_local,none,white_dashed_lanes_white_edge,red_cycle_surface_shark_teeth_only_at_evidenced_yield,unverified_legal_vocabulary,none,only_tagged_or_source_evidenced_crossings,45,unverified_authored_not_national_typical,mapped_posts_else_lit_yes_or_explicit_simulated_urban_dressing,unknown_no_poles_generated,no_distribution_poles_at_traffic_edge,unverified_appearance_not_asset_inventory,NL-G1;NL-G2;NL-G3;NL-G4,https://kennisbank.crow.nl/public/gastgebruiker/WOBI/ASVV_2021/Wegvakvoorzieningen_op_erftoegangswegen/113086,proposed_fallback_not_measured_country_typical,unverified_no_country_audit,"All values are authored priors; plausible range is not a measured percentile. Urban ordinary street profile; local context overrides. Per ONE mapped directional carriageway. Two-way unsplit motorways need explicit topology; shoulders 3 outer +1 inner are optional authored allocations, included once in carriageway_default_m. Median reserve is external; do not duplicate."
nl_arterial_v1,NL,Netherlands,arterial,urban_ordinary,right,one_way_feature_both_flows_when_two_way,6.5,6,7,6.5,moving_surface;allocated_onroad_parking;allocated_onroad_bike;shoulders,3.25,marked_lanes,2,total_flow_slots,authored_not_observed,both_inferred_urban,2.1,authored_presence_and_width,raised_stone_or_concrete,0.125,0.125,authored_with_local_anchor,none_generated_unknown_presence,0,0,2,inferred_not_observed,conditional_distributor_red_separate_track,2,2.5,0.5,2.5,conditional_not_observed,0,none_default_optional_pits_or_local_verge,1,authored_unverified_prevalence,none_unless_mapped_divided_or_turn_lane,2,0,authored_unverified,0,0,authored_geometry_optional_verify_local,white_centre,white_broken_centre_white_same_direction,red_cycle_surface_shark_teeth_only_at_evidenced_yield,unverified_legal_vocabulary,white_zebra_or_signal_crossing,only_tagged_or_source_evidenced_crossings,35,unverified_authored_not_national_typical,mapped_posts_else_lit_yes_or_explicit_simulated_urban_dressing,unknown_no_poles_generated,underground_appearance_prior_unverified,unverified_appearance_not_asset_inventory,NL-G1;NL-G2;NL-G3;NL-G4,https://kennisbank.crow.nl/public/gastgebruiker/WOBI/ASVV_2021/Wegvakvoorzieningen_op_erftoegangswegen/113086,proposed_fallback_not_measured_country_typical,unverified_no_country_audit,All values are authored priors; plausible range is not a measured percentile. Urban ordinary street profile; local context overrides. Distributor track is a guarded regional prior only; do not duplicate separately mapped cycling or force tracks beyond available corridor.
nl_collector_v1,NL,Netherlands,collector,urban_ordinary,right,one_way_feature_both_flows_when_two_way,6,5.5,6.5,6,moving_surface;allocated_onroad_parking;allocated_onroad_bike;shoulders,3,marked_lanes,2,total_flow_slots,authored_not_observed,both_inferred_urban,2.1,authored_presence_and_width,raised_stone_or_concrete,0.125,0.125,authored_with_local_anchor,none_generated_unknown_presence,0,0,2,inferred_not_observed,conditional_distributor_red_separate_track,2,2,0.5,2.5,conditional_not_observed,0,none_default_optional_pits_or_local_verge,1,authored_unverified_prevalence,none_unless_mapped_divided_or_turn_lane,2,0,authored_unverified,0,0,authored_geometry_optional_verify_local,white_centre,white_broken_centre_white_same_direction,red_cycle_surface_shark_teeth_only_at_evidenced_yield,unverified_legal_vocabulary,white_zebra_or_signal_crossing,only_tagged_or_source_evidenced_crossings,30,unverified_authored_not_national_typical,mapped_posts_else_lit_yes_or_explicit_simulated_urban_dressing,unknown_no_poles_generated,underground_appearance_prior_unverified,unverified_appearance_not_asset_inventory,NL-G1;NL-G2;NL-G3;NL-G4,https://kennisbank.crow.nl/public/gastgebruiker/WOBI/ASVV_2021/Wegvakvoorzieningen_op_erftoegangswegen/113086,proposed_fallback_not_measured_country_typical,unverified_no_country_audit,All values are authored priors; plausible range is not a measured percentile. Urban ordinary street profile; local context overrides. Distributor track is a guarded regional prior only; do not duplicate separately mapped cycling or force tracks beyond available corridor.
nl_residential_v1,NL,Netherlands,residential,urban_ordinary,right,one_way_feature_both_flows_when_two_way,4.8,4.8,5.8,4.8,moving_surface;allocated_onroad_parking;allocated_onroad_bike;shoulders,,unmarked_shared_surface,2,total_flow_slots,authored_not_observed,both_inferred_urban,1.8,authored_presence_and_width,raised_stone_or_concrete,0.125,0.125,authored_with_local_anchor,none_generated_unknown_presence,0,0,2,inferred_not_observed,mixed_traffic,0,0,0,2.5,conditional_not_observed,0,none_default_optional_pits_or_local_verge,1,authored_unverified_prevalence,none_unless_mapped_divided_or_turn_lane,2,0,authored_unverified,0,0,authored_geometry_optional_verify_local,none,no_longitudinal_markings,red_cycle_surface_shark_teeth_only_at_evidenced_yield,unverified_legal_vocabulary,unmarked_unless_explicit_crossing_then_country_style,only_tagged_or_source_evidenced_crossings,25,unverified_authored_not_national_typical,mapped_posts_else_lit_yes_or_explicit_simulated_urban_dressing,unknown_no_poles_generated,underground_appearance_prior_unverified,unverified_appearance_not_asset_inventory,NL-G1;NL-G2;NL-G3;NL-G4,https://kennisbank.crow.nl/public/gastgebruiker/WOBI/ASVV_2021/Wegvakvoorzieningen_op_erftoegangswegen/113086,proposed_fallback_not_measured_country_typical,unverified_no_country_audit,"All values are authored priors; plausible range is not a measured percentile. Urban ordinary street profile; local context overrides. Flow/slot count is rendering semantics, not an inferred OSM lanes tag; no mandatory centreline."
nl_lane_alley_v1,NL,Netherlands,lane_alley,urban_ordinary,right,one_way_feature_both_flows_when_two_way,3,2.5,3.5,3,moving_surface;allocated_onroad_parking;allocated_onroad_bike;shoulders,,unmarked_shared_surface,1,total_flow_slots,authored_not_observed,none,0,authored_presence_and_width,flush_or_gutter,0,0,authored_with_local_anchor,none,0,0,0,inferred_not_observed,mixed_traffic,0,0,0,2.5,conditional_not_observed,0,none,0,authored_unverified_prevalence,none_unless_mapped_divided_or_turn_lane,2,0,authored_unverified,0,0,authored_geometry_optional_verify_local,none,no_longitudinal_markings,red_cycle_surface_shark_teeth_only_at_evidenced_yield,unverified_legal_vocabulary,none,only_tagged_or_source_evidenced_crossings,25,unverified_authored_not_national_typical,mapped_posts_else_lit_yes_or_explicit_simulated_urban_dressing,unknown_no_poles_generated,underground_appearance_prior_unverified,unverified_appearance_not_asset_inventory,NL-G1;NL-G2;NL-G3;NL-G4,https://kennisbank.crow.nl/public/gastgebruiker/WOBI/ASVV_2021/Wegvakvoorzieningen_op_erftoegangswegen/113086,proposed_fallback_not_measured_country_typical,unverified_no_country_audit,"All values are authored priors; plausible range is not a measured percentile. Urban ordinary street profile; local context overrides. Flow/slot count is rendering semantics, not an inferred OSM lanes tag; no mandatory centreline."
nl_shared_street_v1,NL,Netherlands,shared_street,urban_ordinary,right,one_way_feature_both_flows_when_two_way,4.5,3.8,5.8,4.5,moving_surface;allocated_onroad_parking;allocated_onroad_bike;shoulders,,unmarked_shared_surface,1,total_flow_slots,authored_not_observed,integrated_shared_surface_no_separate_sidewalk,0,authored_presence_and_width,flush_or_gutter,0,0,authored_with_local_anchor,mapped_bays_only,0,0,2,inferred_not_observed,mixed_traffic,0,0,0,2.5,conditional_not_observed,0,none_default_optional_pits_or_local_verge,1,authored_unverified_prevalence,none_unless_mapped_divided_or_turn_lane,2,0,authored_unverified,0,0,authored_geometry_optional_verify_local,none,no_longitudinal_markings,red_cycle_surface_shark_teeth_only_at_evidenced_yield,unverified_legal_vocabulary,none,only_tagged_or_source_evidenced_crossings,25,unverified_authored_not_national_typical,mapped_posts_else_lit_yes_or_explicit_simulated_urban_dressing,unknown_no_poles_generated,underground_appearance_prior_unverified,unverified_appearance_not_asset_inventory,NL-G1;NL-G2;NL-G3;NL-G4,https://kennisbank.crow.nl/public/gastgebruiker/WOBI/ASVV_2021/Wegvakvoorzieningen_op_erftoegangswegen/113086,proposed_fallback_not_measured_country_typical,unverified_no_country_audit,"All values are authored priors; plausible range is not a measured percentile. Urban ordinary street profile; local context overrides. Flow/slot count is rendering semantics, not an inferred OSM lanes tag; no mandatory centreline."
fr_motorway_v1,FR,France,motorway,controlled_access,right,one_directional_carriageway,7,6.5,10.5,11,moving_surface;allocated_onroad_parking;allocated_onroad_bike;shoulders,3.5,marked_lanes,2,per_direction,authored_not_observed,none,0,authored_presence_and_width,none_shoulder_barrier,0,0,authored_unverified_national_typical,none,0,0,0,inferred_not_observed,no_facility_motorway,0,0,0,0,conditional_not_observed,0,grass_verge_no_roadside_trees,2,authored_unverified_prevalence,external_divided_reserve_conditional,3,0,authored_unverified,3,1,authored_geometry_optional_verify_local,none,white_dashed_lanes_white_edge,none,authored_profile_with_country_vocabulary,none,only_tagged_or_source_evidenced_crossings,40,unverified_authored_not_national_typical,mapped_posts_else_lit_yes_or_explicit_simulated_urban_dressing,unknown_no_poles_generated,no_distribution_poles_at_traffic_edge,unverified_appearance_not_asset_inventory,FR1;FR2;FR4;FR5;FR7,https://www.cerema.fr/fr/actualites/8-recommandations-reussir-votre-piste-cyclable,proposed_fallback_not_measured_country_typical,unverified_no_country_audit,"All values are authored priors; plausible range is not a measured percentile. Urban ordinary street profile; local context overrides. Per ONE mapped directional carriageway. Two-way unsplit motorways need explicit topology; shoulders 3 outer +1 inner are optional authored allocations, included once in carriageway_default_m. Median reserve is external; do not duplicate."
fr_arterial_v1,FR,France,arterial,urban_ordinary,right,one_way_feature_both_flows_when_two_way,6.5,6,13,6.5,moving_surface;allocated_onroad_parking;allocated_onroad_bike;shoulders,3.25,marked_lanes,2,total_flow_slots,authored_not_observed,both_inferred_urban,2.5,authored_presence_and_width,raised_stone_or_concrete,0.15,0.15,authored_unverified_national_typical,none_generated_unknown_presence,0,0,2,inferred_not_observed,unknown_no_dedicated_geometry,0,0,0,2.5,conditional_not_observed,0,none_default_optional_pits_or_local_verge,1.5,authored_unverified_prevalence,none_unless_mapped_divided_or_turn_lane,2,0,authored_unverified,0,0,authored_geometry_optional_verify_local,white_centre,white_broken_centre_white_same_direction,none,authored_profile_with_country_vocabulary,white_zebra_or_signal_crossing,only_tagged_or_source_evidenced_crossings,30,unverified_authored_not_national_typical,mapped_posts_else_lit_yes_or_explicit_simulated_urban_dressing,unknown_no_poles_generated,urban_underground_village_overhead_unverified,unverified_appearance_not_asset_inventory,FR1;FR2;FR4;FR5;FR7,https://www.cerema.fr/fr/actualites/8-recommandations-reussir-votre-piste-cyclable,proposed_fallback_not_measured_country_typical,unverified_no_country_audit,All values are authored priors; plausible range is not a measured percentile. Urban ordinary street profile; local context overrides.
fr_collector_v1,FR,France,collector,urban_ordinary,right,one_way_feature_both_flows_when_two_way,6,5.5,7,6,moving_surface;allocated_onroad_parking;allocated_onroad_bike;shoulders,3,marked_lanes,2,total_flow_slots,authored_not_observed,both_inferred_urban,2,authored_presence_and_width,raised_stone_or_concrete,0.15,0.15,authored_unverified_national_typical,none_generated_unknown_presence,0,0,2,inferred_not_observed,unknown_no_dedicated_geometry,0,0,0,2.5,conditional_not_observed,0,none_default_optional_pits_or_local_verge,1.5,authored_unverified_prevalence,none_unless_mapped_divided_or_turn_lane,2,0,authored_unverified,0,0,authored_geometry_optional_verify_local,white_centre,white_broken_centre_white_same_direction,none,authored_profile_with_country_vocabulary,white_zebra_or_signal_crossing,only_tagged_or_source_evidenced_crossings,30,unverified_authored_not_national_typical,mapped_posts_else_lit_yes_or_explicit_simulated_urban_dressing,unknown_no_poles_generated,urban_underground_village_overhead_unverified,unverified_appearance_not_asset_inventory,FR1;FR2;FR4;FR5;FR7,https://www.cerema.fr/fr/actualites/8-recommandations-reussir-votre-piste-cyclable,proposed_fallback_not_measured_country_typical,unverified_no_country_audit,All values are authored priors; plausible range is not a measured percentile. Urban ordinary street profile; local context overrides.
fr_residential_v1,FR,France,residential,urban_ordinary,right,one_way_feature_both_flows_when_two_way,5,4.5,6,5,moving_surface;allocated_onroad_parking;allocated_onroad_bike;shoulders,,unmarked_shared_surface,2,total_flow_slots,authored_not_observed,both_inferred_urban,1.5,authored_presence_and_width,raised_stone_or_concrete,0.15,0.15,authored_unverified_national_typical,none_generated_unknown_presence,0,0,2,inferred_not_observed,mixed_traffic,0,0,0,2.5,conditional_not_observed,0,none_default_optional_pits_or_local_verge,1.5,authored_unverified_prevalence,none_unless_mapped_divided_or_turn_lane,2,0,authored_unverified,0,0,authored_geometry_optional_verify_local,none,no_longitudinal_markings,none,authored_profile_with_country_vocabulary,unmarked_unless_explicit_crossing_then_country_style,only_tagged_or_source_evidenced_crossings,25,unverified_authored_not_national_typical,mapped_posts_else_lit_yes_or_explicit_simulated_urban_dressing,unknown_no_poles_generated,urban_underground_village_overhead_unverified,unverified_appearance_not_asset_inventory,FR1;FR2;FR4;FR5;FR7,https://www.cerema.fr/fr/actualites/8-recommandations-reussir-votre-piste-cyclable,proposed_fallback_not_measured_country_typical,unverified_no_country_audit,"All values are authored priors; plausible range is not a measured percentile. Urban ordinary street profile; local context overrides. Flow/slot count is rendering semantics, not an inferred OSM lanes tag; no mandatory centreline."
fr_lane_alley_v1,FR,France,lane_alley,urban_ordinary,right,one_way_feature_both_flows_when_two_way,3,2.5,4,3,moving_surface;allocated_onroad_parking;allocated_onroad_bike;shoulders,,unmarked_shared_surface,1,total_flow_slots,authored_not_observed,none,0,authored_presence_and_width,flush_or_gutter,0,0,authored_unverified_national_typical,none,0,0,0,inferred_not_observed,mixed_traffic,0,0,0,2.5,conditional_not_observed,0,none,0,authored_unverified_prevalence,none_unless_mapped_divided_or_turn_lane,2,0,authored_unverified,0,0,authored_geometry_optional_verify_local,none,no_longitudinal_markings,none,authored_profile_with_country_vocabulary,none,only_tagged_or_source_evidenced_crossings,25,unverified_authored_not_national_typical,mapped_posts_else_lit_yes_or_explicit_simulated_urban_dressing,unknown_no_poles_generated,urban_underground_village_overhead_unverified,unverified_appearance_not_asset_inventory,FR1;FR2;FR4;FR5;FR7,https://www.cerema.fr/fr/actualites/8-recommandations-reussir-votre-piste-cyclable,proposed_fallback_not_measured_country_typical,unverified_no_country_audit,"All values are authored priors; plausible range is not a measured percentile. Urban ordinary street profile; local context overrides. Flow/slot count is rendering semantics, not an inferred OSM lanes tag; no mandatory centreline."
fr_shared_street_v1,FR,France,shared_street,urban_ordinary,right,one_way_feature_both_flows_when_two_way,4.5,3.5,6,4.5,moving_surface;allocated_onroad_parking;allocated_onroad_bike;shoulders,,unmarked_shared_surface,1,total_flow_slots,authored_not_observed,integrated_shared_surface_no_separate_sidewalk,0,authored_presence_and_width,flush_or_gutter,0,0,authored_unverified_national_typical,mapped_bays_only,0,0,2,inferred_not_observed,mixed_traffic,0,0,0,2.5,conditional_not_observed,0,none_default_optional_pits_or_local_verge,1.5,authored_unverified_prevalence,none_unless_mapped_divided_or_turn_lane,2,0,authored_unverified,0,0,authored_geometry_optional_verify_local,none,no_longitudinal_markings,none,authored_profile_with_country_vocabulary,none,only_tagged_or_source_evidenced_crossings,25,unverified_authored_not_national_typical,mapped_posts_else_lit_yes_or_explicit_simulated_urban_dressing,unknown_no_poles_generated,urban_underground_village_overhead_unverified,unverified_appearance_not_asset_inventory,FR1;FR2;FR4;FR5;FR7,https://www.cerema.fr/fr/actualites/8-recommandations-reussir-votre-piste-cyclable,proposed_fallback_not_measured_country_typical,unverified_no_country_audit,"All values are authored priors; plausible range is not a measured percentile. Urban ordinary street profile; local context overrides. Flow/slot count is rendering semantics, not an inferred OSM lanes tag; no mandatory centreline. Zone de rencontre does not prove flush kerbs; preserve any mapped sidewalk."
jp_motorway_v1,JP,Japan,motorway,controlled_access,left,one_directional_carriageway,7,6.5,10.5,11,moving_surface;allocated_onroad_parking;allocated_onroad_bike;shoulders,3.5,marked_lanes,2,per_direction,authored_not_observed,none,0,authored_presence_and_width,none_shoulder_barrier,0,0,authored_with_local_anchor,none,0,0,0,inferred_not_observed,no_facility_motorway,0,0,0,0,conditional_not_observed,0,grass_verge_no_roadside_trees,2,authored_unverified_prevalence,external_divided_reserve_conditional,3,0,authored_unverified,3,1,authored_geometry_optional_verify_local,none,white_dashed_lanes_white_edge,yellow_solid_restriction_only_when_evidenced_no_US_double_yellow,authored_profile_with_country_vocabulary,none,only_tagged_or_source_evidenced_crossings,40,unverified_authored_not_national_typical,mapped_posts_else_lit_yes_or_explicit_simulated_urban_dressing,unknown_no_poles_generated,no_distribution_poles_at_traffic_edge,unverified_appearance_not_asset_inventory,JP1;JP2;JP3;JP4;JP6;JP7;JP8,https://www.mlit.go.jp/road/sign/pdf/kouzourei_full.pdf,proposed_fallback_not_measured_country_typical,unverified_no_country_audit,"All values are authored priors; plausible range is not a measured percentile. Urban ordinary street profile; local context overrides. Per ONE mapped directional carriageway. Two-way unsplit motorways need explicit topology; shoulders 3 outer +1 inner are optional authored allocations, included once in carriageway_default_m. Median reserve is external; do not duplicate."
jp_arterial_v1,JP,Japan,arterial,urban_ordinary,left,one_way_feature_both_flows_when_two_way,6.5,6,13,6.5,moving_surface;allocated_onroad_parking;allocated_onroad_bike;shoulders,3.25,marked_lanes,2,total_flow_slots,authored_not_observed,both_inferred_urban,2,authored_presence_and_width,raised_kerb_semi_flat_sidewalk,0.15,0.05,authored_with_local_anchor,none_generated_unknown_presence,0,0,2,inferred_not_observed,unknown_no_dedicated_geometry,0,0,0,2,conditional_not_observed,0,none_default_optional_pits_or_local_verge,1.5,authored_unverified_prevalence,none_unless_mapped_divided_or_turn_lane,2,0,authored_unverified,0,0,authored_geometry_optional_verify_local,white_centre,white_broken_centre_white_same_direction,yellow_solid_restriction_only_when_evidenced_no_US_double_yellow,authored_profile_with_country_vocabulary,white_zebra_or_signal_crossing,only_tagged_or_source_evidenced_crossings,35,unverified_authored_not_national_typical,mapped_posts_else_lit_yes_or_explicit_simulated_urban_dressing,unknown_no_poles_generated,overhead_appearance_prior_central_underground_unverified,unverified_appearance_not_asset_inventory,JP1;JP2;JP3;JP4;JP6;JP7;JP8,https://www.mlit.go.jp/road/sign/pdf/kouzourei_full.pdf,proposed_fallback_not_measured_country_typical,unverified_no_country_audit,All values are authored priors; plausible range is not a measured percentile. Urban ordinary street profile; local context overrides.
jp_collector_v1,JP,Japan,collector,urban_ordinary,left,one_way_feature_both_flows_when_two_way,6,5.5,7,6,moving_surface;allocated_onroad_parking;allocated_onroad_bike;shoulders,3,marked_lanes,2,total_flow_slots,authored_not_observed,both_inferred_urban,2,authored_presence_and_width,raised_kerb_semi_flat_sidewalk,0.15,0.05,authored_with_local_anchor,none_generated_unknown_presence,0,0,2,inferred_not_observed,unknown_no_dedicated_geometry,0,0,0,2,conditional_not_observed,0,none_default_optional_pits_or_local_verge,1.5,authored_unverified_prevalence,none_unless_mapped_divided_or_turn_lane,2,0,authored_unverified,0,0,authored_geometry_optional_verify_local,white_centre,white_broken_centre_white_same_direction,yellow_solid_restriction_only_when_evidenced_no_US_double_yellow,authored_profile_with_country_vocabulary,white_zebra_or_signal_crossing,only_tagged_or_source_evidenced_crossings,30,unverified_authored_not_national_typical,mapped_posts_else_lit_yes_or_explicit_simulated_urban_dressing,unknown_no_poles_generated,overhead_appearance_prior_central_underground_unverified,unverified_appearance_not_asset_inventory,JP1;JP2;JP3;JP4;JP6;JP7;JP8,https://www.mlit.go.jp/road/sign/pdf/kouzourei_full.pdf,proposed_fallback_not_measured_country_typical,unverified_no_country_audit,All values are authored priors; plausible range is not a measured percentile. Urban ordinary street profile; local context overrides.
jp_residential_v1,JP,Japan,residential,urban_ordinary,left,one_way_feature_both_flows_when_two_way,4,3,5.5,4,moving_surface;allocated_onroad_parking;allocated_onroad_bike;shoulders,,unmarked_shared_surface,1,total_flow_slots,authored_not_observed,none,0,authored_presence_and_width,flush_or_gutter,0,0,authored_with_local_anchor,none_generated_unknown_presence,0,0,2,inferred_not_observed,mixed_traffic,0,0,0,2,conditional_not_observed,0,none_default_optional_pits_or_local_verge,0,authored_unverified_prevalence,none_unless_mapped_divided_or_turn_lane,2,0,authored_unverified,0,0,authored_geometry_optional_verify_local,none,no_longitudinal_markings,yellow_solid_restriction_only_when_evidenced_no_US_double_yellow,authored_profile_with_country_vocabulary,unmarked_unless_explicit_crossing_then_country_style,only_tagged_or_source_evidenced_crossings,25,unverified_authored_not_national_typical,mapped_posts_else_lit_yes_or_explicit_simulated_urban_dressing,unknown_no_poles_generated,overhead_appearance_prior_central_underground_unverified,unverified_appearance_not_asset_inventory,JP1;JP2;JP3;JP4;JP6;JP7;JP8,https://www.mlit.go.jp/road/sign/pdf/kouzourei_full.pdf,proposed_fallback_not_measured_country_typical,unverified_no_country_audit,"All values are authored priors; plausible range is not a measured percentile. Urban ordinary street profile; local context overrides. Flow/slot count is rendering semantics, not an inferred OSM lanes tag; no mandatory centreline. Narrow two-way unlaned Japanese streets must not become two US-sized lanes."
jp_lane_alley_v1,JP,Japan,lane_alley,urban_ordinary,left,one_way_feature_both_flows_when_two_way,3,2,4,3,moving_surface;allocated_onroad_parking;allocated_onroad_bike;shoulders,,unmarked_shared_surface,1,total_flow_slots,authored_not_observed,none,0,authored_presence_and_width,flush_or_gutter,0,0,authored_with_local_anchor,none,0,0,0,inferred_not_observed,mixed_traffic,0,0,0,2,conditional_not_observed,0,none,0,authored_unverified_prevalence,none_unless_mapped_divided_or_turn_lane,2,0,authored_unverified,0,0,authored_geometry_optional_verify_local,none,no_longitudinal_markings,yellow_solid_restriction_only_when_evidenced_no_US_double_yellow,authored_profile_with_country_vocabulary,none,only_tagged_or_source_evidenced_crossings,25,unverified_authored_not_national_typical,mapped_posts_else_lit_yes_or_explicit_simulated_urban_dressing,unknown_no_poles_generated,overhead_appearance_prior_central_underground_unverified,unverified_appearance_not_asset_inventory,JP1;JP2;JP3;JP4;JP6;JP7;JP8,https://www.mlit.go.jp/road/sign/pdf/kouzourei_full.pdf,proposed_fallback_not_measured_country_typical,unverified_no_country_audit,"All values are authored priors; plausible range is not a measured percentile. Urban ordinary street profile; local context overrides. Flow/slot count is rendering semantics, not an inferred OSM lanes tag; no mandatory centreline."
jp_shared_street_v1,JP,Japan,shared_street,urban_ordinary,left,one_way_feature_both_flows_when_two_way,4,3,5,4,moving_surface;allocated_onroad_parking;allocated_onroad_bike;shoulders,,unmarked_shared_surface,1,total_flow_slots,authored_not_observed,integrated_shared_surface_no_separate_sidewalk,0,authored_presence_and_width,flush_or_gutter,0,0,authored_with_local_anchor,mapped_bays_only,0,0,2,inferred_not_observed,mixed_traffic,0,0,0,2,conditional_not_observed,0,none_default_optional_pits_or_local_verge,0,authored_unverified_prevalence,none_unless_mapped_divided_or_turn_lane,2,0,authored_unverified,0,0,authored_geometry_optional_verify_local,none,no_longitudinal_markings,yellow_solid_restriction_only_when_evidenced_no_US_double_yellow,authored_profile_with_country_vocabulary,none,only_tagged_or_source_evidenced_crossings,25,unverified_authored_not_national_typical,mapped_posts_else_lit_yes_or_explicit_simulated_urban_dressing,unknown_no_poles_generated,overhead_appearance_prior_central_underground_unverified,unverified_appearance_not_asset_inventory,JP1;JP2;JP3;JP4;JP6;JP7;JP8,https://www.mlit.go.jp/road/sign/pdf/kouzourei_full.pdf,proposed_fallback_not_measured_country_typical,unverified_no_country_audit,"All values are authored priors; plausible range is not a measured percentile. Urban ordinary street profile; local context overrides. Flow/slot count is rendering semantics, not an inferred OSM lanes tag; no mandatory centreline."
