"technique_id","priority_rank","technique","build_effort","problem_solved","shipped_or_documented_precedent","expected_gain_and_basis","realitykit_metal_feasibility","threejs_feasibility","cost_risks","validation_needed","evidence_status","source_ids","source_urls","checked_on"
"T01","1","Bound near-field dynamic shadows","low","Shadow GPU cost grows with caster count and shadow footprint.","RealityKit documented controls; three.js shadow maps; no Apple Maps internal claim.","Potentially high if shadows dominate; remove far caster passes. No ms estimate before pass capture.","iOS 18 projection and caster participation; include offscreen casters affecting near receivers. New cascade API is version-gated.","Directional shadow frustum, castShadow filtering and map size.","Far shadows can disappear; low sun extends caster influence.","Shadow-on/off GPU capture; then caster/range sweep on street and aerial cameras.","Mechanism verified; WorldEngine gain unmeasured","S26; S36; S38; S47","https://threejs.org/manual/pages/shadows.html | https://developer.apple.com/documentation/realitykit/directionallightcomponent/shadow | https://developer.apple.com/documentation/realitykit/dynamiclightshadowcomponent | https://developer.apple.com/documentation/xcode/analyzing-the-performance-of-your-metal-app","2026-10-07"
"T02","2","Screen-size building and tree mesh LOD","med","Too many triangles and details too small to read.","MSFS projected-size selection; three.js LOD; new RealityKit native LOD docs.","High geometry saving on far content; illustrative 2000 to 80 triangles = 96% per selected object, not frame speed.","Application selects authored meshes on established OS; native LevelOfDetailComponent floor unverified.","LOD distance/hysteresis available; screen-error/FOV-aware selection authored by app.","Create simplified roofs/crowns; preserve silhouette; avoid double rendering during crossfade.","Camera orbit and FOV sweep; inspect silhouettes, transitions, main and pass-expanded triangles.","Mechanism verified; newer RealityKit deployment floor unverified; gain unmeasured","S14; S15; S25; S33","https://docs.flightsimulator.com/html/Asset_Creation/3D_Models/LODs.htm | https://docs.flightsimulator.com/msfs2024/flighting/models-and-textures/modeling/lods/lod-selection-system/ | https://threejs.org/docs/pages/LOD.html | https://developer.apple.com/documentation/realitykit/levelofdetailcomponent","2026-10-07"
"T03","3","Spatially bounded mesh instancing","med","Repeated trees, lamps, generic cars and house components consume CPU/draw budget.","RealityKit MeshInstancesComponent; three.js InstancedMesh; MSFS instance guidance.","High draw/CPU opportunity; triangles remain per visible instance. One material per group; no universal FPS gain.","Native explicit instances iOS 26; older deployment needs measured fallback. Do not assume per-instance culling.","InstancedMesh; partition groups by cell and LOD, maintain bounds.","Large groups hurt culling; unique materials split groups; wind and selection need instance data.","Count hardware draws and CPU encode time; compare cell sizes and view changes.","Mechanism verified; WorldEngine gain unmeasured","S14; S23; S31","https://docs.flightsimulator.com/html/Asset_Creation/3D_Models/LODs.htm | https://threejs.org/docs/pages/InstancedMesh.html | https://developer.apple.com/documentation/realitykit/meshinstancescomponent","2026-10-07"
"T04","4","Material consolidation and cell mesh batching","med","Unique house meshes/material slots exceed draw limit.","RealityKit flattening guidance; Fortnite custom LOD/material advice; three.js BatchedMesh.","Illustrative 50 same-material one-draw objects to one cluster removes 98% of those draws; only when bounds/materials allow.","Merge static surfaces per cell/material; engine may flatten but verify actual passes.","BatchedMesh or BufferGeometry merges; multidraw support varies.","Whole-city merges defeat culling; color variation must not require one material per house.","Compare total draws, overdraw and visible triangles before/after batching.","Mechanism verified; WorldEngine gain unmeasured","S22; S24; S32","https://dev.epicgames.com/documentation/fortnite/reducing-draw-calls-in-fortnite | https://threejs.org/docs/pages/BatchedMesh.html | https://developer.apple.com/documentation/realitykit/reducing-cpu-utilization-in-your-realitykit-app","2026-10-07"
"T05","5","Hierarchical streaming with district proxy parents","high","Far world cannot all reside at near detail; holes during loads.","Google 3D Tiles data ecosystem; Cesium; Unreal HLOD; MSFS streaming.","High coverage/residency opportunity; far parent replaces many children. Proxy quality and tile content determine gain.","App owns tile tree, proxy meshes and queues; RealityKit loads entities, not a built-in city streamer.","CesiumJS option or custom tile tree in three.js; these are different integration scopes.","Offline proxy generation, versioning and bounds; retain parents until children are ready without persistent overlap.","Cold route, fast aerial jump, failed tile fetch, child replacement and cache churn.","Mechanism verified; WorldEngine gain unmeasured","S02; S03; S04; S16; S21; S41","https://developers.google.com/maps/documentation/tile/3d-tiles | https://cesium.com/learn/cesiumjs/ref-doc/Cesium3DTileset.html | https://cesium.com/learn/cesium-native/ref-doc/selection-algorithm-details.html | https://news.xbox.com/en-us/2024/09/19/microsoft-flight-simulator-2024-preview/ | https://dev.epicgames.com/documentation/unreal-engine/hierarchical-level-of-detail-in-unreal-engine?lang=en-US | https://developer.apple.com/documentation/realitykit/entity/init(contentsof:withname:)","2026-10-07"
"T06","6","Frustum and horizon-aware selection before loading","med","Offscreen tiles waste network, memory and submissions.","Cesium hierarchical selection; MSFS warns oversized groups weaken culling.","Potentially high for street views; depends on visible fraction. Occluded or offscreen is not the same as distant.","App checks cell bounds before requests; renderer does final entity culling.","Renderer frustum culling plus app tile tests; Cesium Native principles portable.","Conservative bounds; offscreen shadow casters and prefetched tiles have separate eligibility.","Rapid turn tests: no missing geometry; compare requests/residency to render-only culling.","Mechanism verified; WorldEngine gain unmeasured","S04; S14","https://cesium.com/learn/cesium-native/ref-doc/selection-algorithm-details.html | https://docs.flightsimulator.com/html/Asset_Creation/3D_Models/LODs.htm","2026-10-07"
"T07","7","Bound memory and per-frame streaming work","med","Decode, upload and attachment bursts cause hitches or memory pressure.","Cesium cache budgets; Mapbox tile cache; RealityKit async loading.","High stability gain; may reduce maximum detail. Async alone does not guarantee smooth frames.","Bound request/decode/upload/scene-attachment queues; CPU and GPU resources need explicit lifetime policy.","Worker decoding, limited uploads/attachments, dispose GPU resources; decoded assets can duplicate memory.","Track source, decoded, GPU, mip/LOD overlap and in-flight assets; do not fill all available RAM.","Memory-pressure/poor-network route; record queue depth, peak residency and p95/p99 frame time.","Mechanism verified; WorldEngine gain unmeasured","S03; S09; S29; S41; S44","https://cesium.com/learn/cesiumjs/ref-doc/Cesium3DTileset.html | https://docs.mapbox.com/ios/maps/api/latest/documentation/mapboxmaps/tilecachebudgetsize/ | https://threejs.org/docs/pages/GLTFLoader.html | https://developer.apple.com/documentation/realitykit/entity/init(contentsof:withname:) | https://developer.apple.com/documentation/os/os_proc_available_memory","2026-10-07"
"T08","8","Opaque tree LOD then conditional impostors","med","Distant crowns consume geometry while detail is subpixel.","Horizon vegetation LOD; RealityKit billboards; three.js instanced geometry.","High triangle saving possible; cards can lose on alpha overdraw. Example 300 to 12 triangles saves 96% geometry only.","Opaque crown LOD baseline; BillboardComponent iOS 18; multi-angle instance cards need custom orientation/material work.","Instanced cards with view selection or reduced mesh; tight cutouts and no far shadow casting.","Aerial views expose flat cards; baked light can conflict with live sun; wind must be simplified.","A/B mesh versus cards for GPU fragments, memory, orbit quality and dusk lighting.","Mechanism verified; WorldEngine gain unmeasured","S18; S23; S34; S35","https://www.gdcvault.com/play/1025530/Between-Tech-and-Art-The | https://threejs.org/docs/pages/InstancedMesh.html | https://developer.apple.com/documentation/realitykit/billboardcomponent | https://developer.apple.com/documentation/realitykit/modifying-realitykit-rendering-using-custom-materials","2026-10-07"
"T09","9","Haze-linked far LOD and load cutoff","low","Far detail costs work but contributes little visible contrast.","Mapbox fog request reduction; Cesium terrain fog selection; three.js visual fog.","Only saves work when selection stops or coarsens content; visual fog by itself saves no draws.","Material/background haze plus app cutoff/proxies; avoid assuming a complete volumetric atmosphere API.","Fog or FogExp2 plus explicit tile/LOD policy.","Clear weather must still show credible distant silhouettes; avoid using false fog to hide all limits.","Clear/hazy aerial comparisons; verify reduced requests and submissions, not just appearance.","Mechanism verified; WorldEngine gain unmeasured","S05; S07; S28; S35","https://cesium.com/learn/cesiumjs/ref-doc/Fog.html | https://www.mapbox.com/blog/mapbox-gl-js-v2-3-0-distance-fog-elevation-querying-and-terrain-performance-improvements | https://threejs.org/manual/pages/fog.html | https://developer.apple.com/documentation/realitykit/modifying-realitykit-rendering-using-custom-materials","2026-10-07"
"T10","10","Thermal-aware quality tiers and resolution","med","Warm device loses sustainable headroom despite cold-frame success.","Apple thermal APIs and Metal advice; RealityKit ARView scale guidance.","Sustained stability, not guaranteed cold speed. Scale 0.75 in both dimensions means 43.75% fewer pixels, not equivalent GPU-time saving.","ThermalState/LPM policy; ARView contentScaleFactor documented; phone RealityView equivalent unverified.","App quality controller and renderer pixel ratio/render-target size; browser thermal state lacks a universal equivalent API.","Resolution affects sharpness; use hysteresis; 30fps fallback fails the requested 60fps tier.","20–30 minute warm route; battery/thermal and frame-time record for each quality tier.","Mechanism verified; WorldEngine gain unmeasured","S42; S43; S45","https://developer.apple.com/documentation/realitykit/improving-the-performance-of-a-realitykit-app | https://developer.apple.com/documentation/foundation/processinfo | https://developer.apple.com/videos/play/wwdc2019/606/?time=160","2026-10-07"
"T11","","Direction/route-aware prefetch","med","Visible tile arrivals lag walking or rapid camera motion.","Cesium sibling loading; MSFS needed-world streaming; Sunset Overdrive streaming abstract.","Lower stall risk when predictions are right; wrong guesses increase bytes and battery use.","App predicts velocity/heading or known recap route; cancels obsolete work.","Same policy; tile tree owns priority, not the renderer.","Bound prefetch separately; walking GPS, orbit and teleport need distinct policies.","Compare cache hits, wasted bytes and time to visible detail on fixed routes.","Supporting mechanisms verified; WorldEngine policy proposed; gain unmeasured","S03; S16; S17","https://cesium.com/learn/cesiumjs/ref-doc/Cesium3DTileset.html | https://news.xbox.com/en-us/2024/09/19/microsoft-flight-simulator-2024-preview/ | https://www.gdcvault.com/play/1022268/Streaming-in-Sunset-Overdrive-s","2026-10-07"
"T12","","Coarse-first launch and cached starting block","med","Full-detail world blocks first useful interaction.","Mapbox lower-resolution raster prefetch; Pokémon GO asset-download workflow.","Large perceived launch opportunity; no startup seconds promised. Raster precedent transferred to a 3D parent tile.","Ship small fallback/proxy set; load cached neighborhood first, refine asynchronously.","Small initial glTF/proxy, deferred decoders/detail; avoid loading entire world before interaction.","First-frame launch and first usable 3D are separate; version caches; show loading provenance.","Measure cold/warm launch to first frame and first navigable 3D; test offline.","Supporting mechanisms verified; WorldEngine policy proposed; gain unmeasured","S08; S11; S41; S48","https://docs.mapbox.com/ios/maps/api/11.7.0-rc.1/documentation/mapboxmaps/rastersource/prefetchzoomdelta/ | https://niantic.helpshift.com/hc/en/6-pokemon-go/faq/3589-download-all-assets/?hl=e&l=en&p=web | https://developer.apple.com/documentation/realitykit/entity/init(contentsof:withname:) | https://developer.apple.com/documentation/xcode/reducing-your-app-s-launch-time","2026-10-07"
"T13","","Baked sun-independent AO and grounding","med","Without grounding, cheap near shadows look detached.","three.js fake-shadow examples; RealityKit new lightmaps documented.","Can replace selected contact/detail work; not a replacement for moving building shadows.","Vertex/texture AO or local decals as baseline; native LightmapComponent version unverified.","Vertex colors/AO maps or simple opaque/dithered grounding; avoid large transparent overlays.","Fixed solar bakes contradict live time and recap; bake ambient occlusion, not noon sun.","Noon/golden hour/night plus rain/snow; check double-darkening and decal overdraw.","Mechanism verified; newer RealityKit deployment floor unverified; gain unmeasured","S26; S35; S39","https://threejs.org/manual/pages/shadows.html | https://developer.apple.com/documentation/realitykit/modifying-realitykit-rendering-using-custom-materials | https://developer.apple.com/documentation/realitykit/lightmapcomponent","2026-10-07"
"T14","","Cascaded sun shadows as an optional quality path","high","One shadow map cannot cover far city and retain near detail.","three.js CSM addon; newly documented RealityKit Cascades.","Quality/coverage gain; may increase total shadow cost. No inherent performance saving.","New online API floor unverified; installed iOS 26.4 lacks it. Custom Metal cascades are a major renderer task.","CSM addon; limit splits, ranges and casters; profile backend.","Repeated geometry per cascade, atlas memory, seams and dynamic sun.","Compare bounded one-map baseline to 1/2/3 cascades under total-pass budget.","Mechanism verified; newer RealityKit deployment floor unverified; gain unmeasured","S27; S36; S37","https://threejs.org/docs/pages/CSM.html | https://developer.apple.com/documentation/realitykit/directionallightcomponent/shadow | https://developer.apple.com/documentation/realitykit/directionallightcomponent/shadow/cascades-swift.struct","2026-10-07"
"T15","","Cheap contact/blob shadows for small objects","low","Small cars/trunks need grounding but full shadow casting is expensive.","three.js manual fake-shadow examples; established renderer-independent geometry technique.","Can remove selected caster submissions; blob geometry/fill still costs work.","Small local dark geometry/decal or authored AO; renderer-specific depth behavior to validate.","Plane/decal with controlled blending; true screen-space contact shadows are a separate higher-cost path.","Do not fake large directional building shadows; snow/wetness alter contact tone.","Grounding readability at 5–40m; inspect depth artifacts, transparency and night.","Mechanism verified; WorldEngine gain unmeasured","S26; S35","https://threejs.org/manual/pages/shadows.html | https://developer.apple.com/documentation/realitykit/modifying-realitykit-rendering-using-custom-materials","2026-10-07"
"T16","","Static-shadow caching / multi-key sun bakes","high","Static city caster rendering repeats every frame.","Native lightmap existence verified; per-frame cached sun shadows in named target apps unverified.","Potentially high only if cached shadow work dominates; invalidation and changing sun reduce reuse.","Established public arbitrary shadow-cache controls unverified; custom Metal or authored multi-key content.","Custom shadow update/invalidation or multi-key lightmaps; not automatic CSM behavior.","Recap time scrub, weather, movers, memory and crossfades make this complex.","Time-scrub correctness and worst-case invalidation; measure storage and GPU cost.","Native lightmap existence verified; target shadow-cache controls unverified; multi-key design proposed; gain unmeasured","S26; S39","https://threejs.org/manual/pages/shadows.html | https://developer.apple.com/documentation/realitykit/lightmapcomponent","2026-10-07"
"T17","","Single sky gradient / low-resolution atmosphere LUT","low","Expensive volumetrics compete with world and shadow budget.","Ghost of Tsushima LUT/amortization concepts; simpler gradient is authored proposal.","Keeps sky cost predictable; no measured saving without an existing sky baseline.","Background/sky geometry or CustomMaterial; preserve shared sun direction.","Sky dome/fullscreen shader; optional small LUT.","Avoid expensive full-volume clouds as baseline; keep horizon color physically plausible for stylized art.","Day/dusk/night and aerial horizon; GPU pass cost and color consistency.","Supporting mechanisms verified; WorldEngine policy proposed; gain unmeasured","S20; S35","https://advances.realtimerendering.com/s2021/jpatry_advances2021/index.html | https://developer.apple.com/documentation/realitykit/modifying-realitykit-rendering-using-custom-materials","2026-10-07"
"T18","","Amortize sky/cloud updates","med","Slow-changing atmosphere is recomputed too often.","Ghost of Tsushima developer atmosphere presentation.","Potential compute savings for costly LUT/cloud generation; simple gradient may be cheaper already.","App updates low-resolution resources less often; custom material hooks do not expose every renderer pass.","Render targets/LUT update cadence controlled by app.","Moving cloud shadows and fast time scrub need forced refresh; stale sky artifacts possible.","Fast recap scrub and camera motion; compare update stalls to simple static sky.","Supporting mechanisms verified; WorldEngine policy proposed; gain unmeasured","S20; S35","https://advances.realtimerendering.com/s2021/jpatry_advances2021/index.html | https://developer.apple.com/documentation/realitykit/modifying-realitykit-rendering-using-custom-materials","2026-10-07"
"T19","","Compressed texture formats and shared atlases","med","Texture bandwidth/residency and material variation dominate.","three.js KTX2/BasisU; Apple Metal bandwidth analysis.","Often lowers storage/residency/bandwidth for supported formats; exact ratio format/content dependent.","Author device-supported compressed assets; validate asset pipeline and fallback; avoid one huge always-resident atlas.","KTX2Loader detectSupport/transcode; bounded workers; material-family atlases.","Transcoding costs startup CPU; mip bleeding and variant atlases can erase memory savings.","Cold decode time, GPU texture bytes, bandwidth and visual readability.","Mechanism verified; WorldEngine gain unmeasured","S29; S30; S49; S50","https://threejs.org/docs/pages/GLTFLoader.html | https://threejs.org/docs/pages/KTX2Loader.html | https://developer.apple.com/documentation/xcode/measuring-the-gpus-use-of-memory-bandwidth?changes=_7 | https://developer.apple.com/metal/Metal-Feature-Set-Tables.pdf","2026-10-07"
"T20","","Geometry transfer compression","med","Network and disk bytes slow world loading.","three.js GLTFLoader Draco/meshopt support.","Smaller payload, not automatic reduction of decoded triangles or GPU memory; decode adds CPU work.","Requires compatible importer or app-side conversion; do not assume native RealityKit handles every glTF extension.","Configure decoder and workers; measure meshopt/Draco content-specific tradeoff.","Decode peaks can exceed compressed size; retain compact proxies and evict unused source bytes.","Bytes transferred, peak decode RAM and time to usable tile.","Mechanism verified; WorldEngine gain unmeasured","S29; S40; S41","https://threejs.org/docs/pages/GLTFLoader.html | https://developer.apple.com/documentation/realitykit/lowlevelmesh | https://developer.apple.com/documentation/realitykit/entity/init(contentsof:withname:)","2026-10-07"
"T21","","Independent texture and mesh LOD","med","Far geometry retains unnecessarily detailed textures.","MSFS mesh/material/texture LOD guidance.","Lower texture residency and bandwidth; depends on visible texel demand, not only triangle count.","Offline coarse material families/mips; app controls asset variants; sparse-texture streaming not assumed.","Mipmaps plus separate low-resolution far assets where necessary.","Multiple resident variants duplicate memory; UV and material switching can pop.","Aerial/street sampling, residency and texture bandwidth versus image quality.","Mechanism verified; WorldEngine gain unmeasured","S14; S29; S49","https://docs.flightsimulator.com/html/Asset_Creation/3D_Models/LODs.htm | https://threejs.org/docs/pages/GLTFLoader.html | https://developer.apple.com/documentation/xcode/measuring-the-gpus-use-of-memory-bandwidth?changes=_7","2026-10-07"
"T22","","Opaque-first foliage and bounded overdraw","low","Layered transparent crowns create fragment/shadow load.","Horizon plant LOD context; Apple bandwidth analysis; billboard primitives verified.","Potentially high on fill-bound frames; no gain guarantee for already-simple opaque crowns.","Opaque clustered crown meshes baseline; tight cutout impostors only if measured.","Opaque or tight alpha-tested geometry; profile depth ordering/MSAA/materials.","Cutouts alias at distance; dense cards can cost more than low-poly mesh.","GPU fragment time in tree-heavy views; include rain/night/sun shadow passes.","Mechanism verified; WorldEngine gain unmeasured","S18; S34; S49","https://www.gdcvault.com/play/1025530/Between-Tech-and-Art-The | https://developer.apple.com/documentation/realitykit/billboardcomponent | https://developer.apple.com/documentation/xcode/measuring-the-gpus-use-of-memory-bandwidth?changes=_7","2026-10-07"
"T23","","Visibility/occlusion-aware tile requests","high","Buildings hidden behind nearby blocks still stream and draw.","Cesium for Unreal occlusion-informed selection.","Potential high in dense streets, small in open aerial views; no target-app internals inferred.","Public control/readback of native occlusion for streaming unverified; conservative app visibility or custom Metal.","Custom hierarchical occlusion possible; do not stall on GPU readback.","Latency causes holes on turns; keep safety margin; approximate city occluders.","Dense street turn/reveal tests; avoided requests and temporal visibility correctness.","Mechanism verified; WorldEngine gain unmeasured","S06; S46","https://cesium.com/blog/2022/08/18/occlusion-culling-cesium-for-unreal/ | https://developer.apple.com/videos/play/wwdc2020/10602/","2026-10-07"
"T24","","GPU-driven culling and indirect submission","high","CPU selection/submission becomes bottleneck at much larger object counts.","Apple Metal GPU-driven rendering samples; Horizon GPU vicinity placement.","Large CPU opportunity when genuinely submission-bound; unsuitable as first response to shadow GPU bottleneck.","Custom Metal path; not a feature toggle for RealityKit entities. Hardware/OS gate.","Backend-dependent advanced work; no assumption that ordinary three.js WebGL exposes arbitrary Metal-style indirect pipelines.","Own culling, buffers, synchronization and fallback; substantial renderer maintenance.","CPU encode, synchronization and GPU visibility costs against simpler cell batching.","Mechanism verified; WorldEngine gain unmeasured","S19; S46; S50","https://www.guerrilla-games.com/read/gpu-based-procedural-placement-in-horizon-zero-dawn | https://developer.apple.com/videos/play/wwdc2020/10602/ | https://developer.apple.com/metal/Metal-Feature-Set-Tables.pdf","2026-10-07"
"T25","","Update only visible/near wind animation","low","Distant trees incur per-frame CPU/shader work without visible motion.","Vicinity-bound Horizon placement is precedent; WorldEngine animation policy is an assumption.","Lower update/vertex work; gain depends on existing animation implementation.","Group parameters or shader sway; stop CPU entity updates for invisible/far tiers.","Instance shader wind, coarse update cadence, reduced far amplitudes.","No per-tree material clones; keep phase deterministic across LOD changes.","Windy forest route; CPU entity updates and vertex cost with static far crowns.","Vicinity-bound precedent verified; wind-update policy is an assumption; gain unmeasured","S19; S23; S35","https://www.guerrilla-games.com/read/gpu-based-procedural-placement-in-horizon-zero-dawn | https://threejs.org/docs/pages/InstancedMesh.html | https://developer.apple.com/documentation/realitykit/modifying-realitykit-rendering-using-custom-materials","2026-10-07"
"T26","","Cache resource lifecycle and pressure eviction","med","Tiles disappear but meshes/textures/source data remain allocated.","Cesium/Mapbox budgeted caches; three.js explicit resource disposal documentation.","High memory stability opportunity; may cost reload latency.","Reference-count shared resources; detach entities and release tile ownership; heed memory warnings.","Dispose unused buffers/materials/textures and image bitmaps; protect shared resources.","LRU alone fails if route-prefetched assets remain pinned indefinitely; reclaim in-flight buffers too.","Long circular route; memory returns toward stable plateau after eviction.","Mechanism verified; WorldEngine gain unmeasured","S03; S09; S29; S44","https://cesium.com/learn/cesiumjs/ref-doc/Cesium3DTileset.html | https://docs.mapbox.com/ios/maps/api/latest/documentation/mapboxmaps/tilecachebudgetsize/ | https://threejs.org/docs/pages/GLTFLoader.html | https://developer.apple.com/documentation/os/os_proc_available_memory","2026-10-07"
"T27","","Reduce secondary render-pass and light count","low","Extra shadowed lamps, reflection and postprocess passes exceed GPU budget.","three.js shadow-pass behavior; Apple Metal capture workflow.","Potential high if many passes are active; no reduction estimate without capture.","Pool a small near light set; use emissive windows and cheap lamp halos; actual pass controls vary.","Limit shadowed lights, render targets and effect resolution; use emissive materials for far lights.","Emissive geometry does not illuminate nearby surfaces; avoid excessive transparent halos.","Night/rain worst-case capture; count passes, bandwidth and total submitted draws.","Mechanism verified; WorldEngine gain unmeasured","S26; S47; S49","https://threejs.org/manual/pages/shadows.html | https://developer.apple.com/documentation/xcode/analyzing-the-performance-of-your-metal-app | https://developer.apple.com/documentation/xcode/measuring-the-gpus-use-of-memory-bandwidth?changes=_7","2026-10-07"
"T28","","Remove distant physics and unnecessary ECS work","low","CPU entity/collision updates scale with full resident world.","RealityKit CPU utilization guidance.","CPU/memory improvement; may not reduce GPU time.","Keep collision/interaction near camera or active dog path; group static entities.","App simulation/update policy independent of rendering; coarse interaction proxies.","Maintain navigable geometry and route correctness; visible does not always mean interactive.","CPU scene/update traces on large resident scenes; test dog path collisions.","Mechanism verified; WorldEngine gain unmeasured","S32","https://developer.apple.com/documentation/realitykit/reducing-cpu-utilization-in-your-realitykit-app","2026-10-07"
"T29","","Device/OS capability and quality tiers","med","A16, newer phones and browser GPUs support different paths.","Apple feature-set tables; RealityKit versioned declarations; web loader feature detection.","Avoids unsupported paths and protects baseline; not a standalone rendering speedup.","Gate iOS 26 instances and newer LOD/cascade/lightmap APIs separately; fallback required.","Detect renderer/extensions and compressed formats; graceful simpler materials/effects.","More content/test combinations; visionOS limits and APIs do not transfer automatically to phone.","Oldest supported OS plus A16 and newer phone; low-end web GPU matrix.","Supporting mechanisms verified; WorldEngine policy proposed; gain unmeasured","S30; S31; S33; S37; S39; S50","https://threejs.org/docs/pages/KTX2Loader.html | https://developer.apple.com/documentation/realitykit/meshinstancescomponent | https://developer.apple.com/documentation/realitykit/levelofdetailcomponent | https://developer.apple.com/documentation/realitykit/directionallightcomponent/shadow/cascades-swift.struct | https://developer.apple.com/documentation/realitykit/lightmapcomponent | https://developer.apple.com/metal/Metal-Feature-Set-Tables.pdf","2026-10-07"
"T30","","Repeatable pass, launch and sustained profiling","low","Optimizations are chosen from unrepresentative still-frame counters.","Apple Xcode/Metal and Mapbox performance tools.","Enables reliable decisions; no direct performance gain until findings change content/settings.","Metal capture/Instruments plus app route metrics; thermal and memory records.","renderer.info plus GPU timing where available; include shadow passes and browser memory limits.","Instrumentation overhead and unavailable timer APIs; report device/OS/resolution/build.","Street/aerial/turn/teleport, night rain, dense trees, cold start and 20–30 minute warm replay.","Mechanism verified; WorldEngine gain unmeasured","S10; S43; S45; S47; S48","https://www.mapbox.com/blog/new-advanced-tools-for-map-rendering-performance-evaluation | https://developer.apple.com/documentation/foundation/processinfo | https://developer.apple.com/videos/play/wwdc2019/606/?time=160 | https://developer.apple.com/documentation/xcode/analyzing-the-performance-of-your-metal-app | https://developer.apple.com/documentation/xcode/reducing-your-app-s-launch-time","2026-10-07"
