scenario,source_or_stack,mau,sessions_per_mau_month,session_minutes,rain_watch_share,extra_refreshes_per_watched_session,bundle_requests_per_mau,request_overhead_percent,monthly_bundle_requests,monthly_http_requests_or_access_floor,billable_units,unit_definition,plan_or_capacity,api_monthly_usd,developer_membership_monthly_usd,ingestion_compute_allowance_usd,storage_allowance_usd,history_delivery_api_allowance_usd,monitoring_backup_allowance_usd,infra_midpoint_usd,infra_low_usd,infra_high_usd,total_midpoint_usd,total_low_usd,total_high_usd,estimated_history_response_egress_gib,currency,verification_status,formula,scope_and_exclusions,evidence_ids
base,WeatherKit + NWS alerts + public precipitation/snow history + local sun,1000,12,10,.25,2,18,0,18000,18000,18000,One combined dataset request assumed one WeatherKit billable call; confirm dashboard,Included,0.00,8.25,25,25,15,10,75,40,150,83.25,48.25,158.25,0.183105,USD,TARIFF_VERIFIED; METERING_AND_USAGE_ASSUMED; INFRA_AUTHORED_ESTIMATE,Q=MAU*18*(1+overhead/100);18=12*(1+.25*2);stressQ=MAU*72;total=tier(Q)+99/12+compute+storage+delivery+monitor,Weather data only; no cross-user Apple cache discount; other apps share quota; infra regional launch/national selected-field scale; excludes taxes labour 3D/maps assets and custom contracts,C01;C02;C04;C42;G01;G07;G15
base,WeatherKit + NWS alerts + public precipitation/snow history + local sun,10000,12,10,.25,2,18,0,180000,180000,180000,One combined dataset request assumed one WeatherKit billable call; confirm dashboard,Included,0.00,8.25,40,35,30,20,125,80,300,133.25,88.25,308.25,1.831055,USD,TARIFF_VERIFIED; METERING_AND_USAGE_ASSUMED; INFRA_AUTHORED_ESTIMATE,Q=MAU*18*(1+overhead/100);18=12*(1+.25*2);stressQ=MAU*72;total=tier(Q)+99/12+compute+storage+delivery+monitor,Weather data only; no cross-user Apple cache discount; other apps share quota; infra regional launch/national selected-field scale; excludes taxes labour 3D/maps assets and custom contracts,C01;C02;C04;C42;G01;G07;G15
base,WeatherKit + NWS alerts + public precipitation/snow history + local sun,100000,12,10,.25,2,18,0,1800000,1800000,1800000,One combined dataset request assumed one WeatherKit billable call; confirm dashboard,2M,99.99,8.25,150,75,100,75,400,250,900,508.24,358.24,1008.24,18.310547,USD,TARIFF_VERIFIED; METERING_AND_USAGE_ASSUMED; INFRA_AUTHORED_ESTIMATE,Q=MAU*18*(1+overhead/100);18=12*(1+.25*2);stressQ=MAU*72;total=tier(Q)+99/12+compute+storage+delivery+monitor,Weather data only; no cross-user Apple cache discount; other apps share quota; infra regional launch/national selected-field scale; excludes taxes labour 3D/maps assets and custom contracts,C01;C02;C04;C42;G01;G07;G15
base,WeatherKit + NWS alerts + public precipitation/snow history + local sun,1000000,12,10,.25,2,18,0,18000000,18000000,18000000,One combined dataset request assumed one WeatherKit billable call; confirm dashboard,20M,999.99,8.25,600,200,500,200,1500,750,3000,2508.24,1758.24,4008.24,183.105469,USD,TARIFF_VERIFIED; METERING_AND_USAGE_ASSUMED; INFRA_AUTHORED_ESTIMATE,Q=MAU*18*(1+overhead/100);18=12*(1+.25*2);stressQ=MAU*72;total=tier(Q)+99/12+compute+storage+delivery+monitor,Weather data only; no cross-user Apple cache discount; other apps share quota; infra regional launch/national selected-field scale; excludes taxes labour 3D/maps assets and custom contracts,C01;C02;C04;C42;G01;G07;G15
recommended_headroom15,WeatherKit + NWS alerts + public precipitation/snow history + local sun,1000,12,10,.25,2,18,15,20700,20700,20700,One combined dataset request assumed one WeatherKit billable call; confirm dashboard,Included,0.00,8.25,25,25,15,10,75,40,150,83.25,48.25,158.25,0.183105,USD,TARIFF_VERIFIED; METERING_AND_USAGE_ASSUMED; INFRA_AUTHORED_ESTIMATE,Q=MAU*18*(1+overhead/100);18=12*(1+.25*2);stressQ=MAU*72;total=tier(Q)+99/12+compute+storage+delivery+monitor,Weather data only; no cross-user Apple cache discount; other apps share quota; infra regional launch/national selected-field scale; excludes taxes labour 3D/maps assets and custom contracts,C01;C02;C04;C42;G01;G07;G15
recommended_headroom15,WeatherKit + NWS alerts + public precipitation/snow history + local sun,10000,12,10,.25,2,18,15,207000,207000,207000,One combined dataset request assumed one WeatherKit billable call; confirm dashboard,Included,0.00,8.25,40,35,30,20,125,80,300,133.25,88.25,308.25,1.831055,USD,TARIFF_VERIFIED; METERING_AND_USAGE_ASSUMED; INFRA_AUTHORED_ESTIMATE,Q=MAU*18*(1+overhead/100);18=12*(1+.25*2);stressQ=MAU*72;total=tier(Q)+99/12+compute+storage+delivery+monitor,Weather data only; no cross-user Apple cache discount; other apps share quota; infra regional launch/national selected-field scale; excludes taxes labour 3D/maps assets and custom contracts,C01;C02;C04;C42;G01;G07;G15
recommended_headroom15,WeatherKit + NWS alerts + public precipitation/snow history + local sun,100000,12,10,.25,2,18,15,2070000,2070000,2070000,One combined dataset request assumed one WeatherKit billable call; confirm dashboard,5M,249.99,8.25,150,75,100,75,400,250,900,658.24,508.24,1158.24,18.310547,USD,TARIFF_VERIFIED; METERING_AND_USAGE_ASSUMED; INFRA_AUTHORED_ESTIMATE,Q=MAU*18*(1+overhead/100);18=12*(1+.25*2);stressQ=MAU*72;total=tier(Q)+99/12+compute+storage+delivery+monitor,Weather data only; no cross-user Apple cache discount; other apps share quota; infra regional launch/national selected-field scale; excludes taxes labour 3D/maps assets and custom contracts,C01;C02;C04;C42;G01;G07;G15
recommended_headroom15,WeatherKit + NWS alerts + public precipitation/snow history + local sun,1000000,12,10,.25,2,18,15,20700000,20700000,20700000,One combined dataset request assumed one WeatherKit billable call; confirm dashboard,50M,2499.99,8.25,600,200,500,200,1500,750,3000,4008.24,3258.24,5508.24,183.105469,USD,TARIFF_VERIFIED; METERING_AND_USAGE_ASSUMED; INFRA_AUTHORED_ESTIMATE,Q=MAU*18*(1+overhead/100);18=12*(1+.25*2);stressQ=MAU*72;total=tier(Q)+99/12+compute+storage+delivery+monitor,Weather data only; no cross-user Apple cache discount; other apps share quota; infra regional launch/national selected-field scale; excludes taxes labour 3D/maps assets and custom contracts,C01;C02;C04;C42;G01;G07;G15
stress,WeatherKit + NWS alerts + public precipitation/snow history + local sun,1000,,,,,72,0,72000,72000,72000,One combined dataset request assumed one WeatherKit billable call; confirm dashboard,Included,0.00,8.25,25,25,15,10,75,40,150,83.25,48.25,158.25,0.183105,USD,TARIFF_VERIFIED; METERING_AND_USAGE_ASSUMED; INFRA_AUTHORED_ESTIMATE,Q=MAU*18*(1+overhead/100);18=12*(1+.25*2);stressQ=MAU*72;total=tier(Q)+99/12+compute+storage+delivery+monitor,Weather data only; no cross-user Apple cache discount; other apps share quota; infra regional launch/national selected-field scale; excludes taxes labour 3D/maps assets and custom contracts,C01;C02;C04;C42;G01;G07;G15
stress,WeatherKit + NWS alerts + public precipitation/snow history + local sun,10000,,,,,72,0,720000,720000,720000,One combined dataset request assumed one WeatherKit billable call; confirm dashboard,1M,49.99,8.25,40,35,30,20,125,80,300,183.24,138.24,358.24,1.831055,USD,TARIFF_VERIFIED; METERING_AND_USAGE_ASSUMED; INFRA_AUTHORED_ESTIMATE,Q=MAU*18*(1+overhead/100);18=12*(1+.25*2);stressQ=MAU*72;total=tier(Q)+99/12+compute+storage+delivery+monitor,Weather data only; no cross-user Apple cache discount; other apps share quota; infra regional launch/national selected-field scale; excludes taxes labour 3D/maps assets and custom contracts,C01;C02;C04;C42;G01;G07;G15
stress,WeatherKit + NWS alerts + public precipitation/snow history + local sun,100000,,,,,72,0,7200000,7200000,7200000,One combined dataset request assumed one WeatherKit billable call; confirm dashboard,10M,499.99,8.25,150,75,100,75,400,250,900,908.24,758.24,1408.24,18.310547,USD,TARIFF_VERIFIED; METERING_AND_USAGE_ASSUMED; INFRA_AUTHORED_ESTIMATE,Q=MAU*18*(1+overhead/100);18=12*(1+.25*2);stressQ=MAU*72;total=tier(Q)+99/12+compute+storage+delivery+monitor,Weather data only; no cross-user Apple cache discount; other apps share quota; infra regional launch/national selected-field scale; excludes taxes labour 3D/maps assets and custom contracts,C01;C02;C04;C42;G01;G07;G15
stress,WeatherKit + NWS alerts + public precipitation/snow history + local sun,1000000,,,,,72,0,72000000,72000000,72000000,One combined dataset request assumed one WeatherKit billable call; confirm dashboard,100M,4999.99,8.25,600,200,500,200,1500,750,3000,6508.24,5758.24,8008.24,183.105469,USD,TARIFF_VERIFIED; METERING_AND_USAGE_ASSUMED; INFRA_AUTHORED_ESTIMATE,Q=MAU*18*(1+overhead/100);18=12*(1+.25*2);stressQ=MAU*72;total=tier(Q)+99/12+compute+storage+delivery+monitor,Weather data only; no cross-user Apple cache discount; other apps share quota; infra regional launch/national selected-field scale; excludes taxes labour 3D/maps assets and custom contracts,C01;C02;C04;C42;G01;G07;G15
always_on_antipattern,WeatherKit five-minute24x7 polling,1000,,,,,8640,,8640000,8640000,8640000,One location/user polled every5min all30days,10M,499.99,,,,,,,,,,,,,USD,AUTHOR_TRAFFIC_SCENARIO; PUBLISHED_TIER_IF_AVAILABLE,Q=MAU*30*24*12,Not recommended; independent from base; >200M quote required,C01
always_on_antipattern,WeatherKit five-minute24x7 polling,10000,,,,,8640,,86400000,86400000,86400000,One location/user polled every5min all30days,100M,4999.99,,,,,,,,,,,,,USD,AUTHOR_TRAFFIC_SCENARIO; PUBLISHED_TIER_IF_AVAILABLE,Q=MAU*30*24*12,Not recommended; independent from base; >200M quote required,C01
always_on_antipattern,WeatherKit five-minute24x7 polling,100000,,,,,8640,,864000000,864000000,864000000,One location/user polled every5min all30days,CUSTOM_QUOTE,,,,,,,,,,,,,,USD,AUTHOR_TRAFFIC_SCENARIO; PUBLISHED_TIER_IF_AVAILABLE,Q=MAU*30*24*12,Not recommended; independent from base; >200M quote required,C01
always_on_antipattern,WeatherKit five-minute24x7 polling,1000000,,,,,8640,,8640000000,8640000000,8640000000,One location/user polled every5min all30days,CUSTOM_QUOTE,,,,,,,,,,,,,,USD,AUTHOR_TRAFFIC_SCENARIO; PUBLISHED_TIER_IF_AVAILABLE,Q=MAU*30*24*12,Not recommended; independent from base; >200M quote required,C01
supplier_unit_comparison,NOAA/NWS / api.weather.gov,1000,,,,,18,,18000,,,Public shared product/grid ingestion; no per-user supplier metering; monthly bundle column is display demand only,Public data supplier fee0,0.00,,,,,,,,,,,,,USD,VERIFIED_SPEC; NO_BLOCK_ACCURACY_BENCHMARK,Supplier fee only; plans/units/rights must be confirmed; blank USD means unknown not zero,$0 supplier fee where public product exists; shared product/grid ingestion at source cadence; infrastructure separate; no per-user retrieval architecture,G01;G02
supplier_unit_comparison,NOAA/NWS / api.weather.gov,10000,,,,,18,,180000,,,Public shared product/grid ingestion; no per-user supplier metering; monthly bundle column is display demand only,Public data supplier fee0,0.00,,,,,,,,,,,,,USD,VERIFIED_SPEC; NO_BLOCK_ACCURACY_BENCHMARK,Supplier fee only; plans/units/rights must be confirmed; blank USD means unknown not zero,$0 supplier fee where public product exists; shared product/grid ingestion at source cadence; infrastructure separate; no per-user retrieval architecture,G01;G02
supplier_unit_comparison,NOAA/NWS / api.weather.gov,100000,,,,,18,,1800000,,,Public shared product/grid ingestion; no per-user supplier metering; monthly bundle column is display demand only,Public data supplier fee0,0.00,,,,,,,,,,,,,USD,VERIFIED_SPEC; NO_BLOCK_ACCURACY_BENCHMARK,Supplier fee only; plans/units/rights must be confirmed; blank USD means unknown not zero,$0 supplier fee where public product exists; shared product/grid ingestion at source cadence; infrastructure separate; no per-user retrieval architecture,G01;G02
supplier_unit_comparison,NOAA/NWS / api.weather.gov,1000000,,,,,18,,18000000,,,Public shared product/grid ingestion; no per-user supplier metering; monthly bundle column is display demand only,Public data supplier fee0,0.00,,,,,,,,,,,,,USD,VERIFIED_SPEC; NO_BLOCK_ACCURACY_BENCHMARK,Supplier fee only; plans/units/rights must be confirmed; blank USD means unknown not zero,$0 supplier fee where public product exists; shared product/grid ingestion at source cadence; infrastructure separate; no per-user retrieval architecture,G01;G02
supplier_unit_comparison,NOAA/NSSL / Operational radar precipitation/QPE,1000,,,,,18,,18000,,,Public shared product/grid ingestion; no per-user supplier metering; monthly bundle column is display demand only,Public data supplier fee0,0.00,,,,,,,,,,,,,USD,VERIFIED_PRODUCT_SPEC; FIELD_RIGHTS_CHECK,Supplier fee only; plans/units/rights must be confirmed; blank USD means unknown not zero,$0 supplier fee where public product exists; shared product/grid ingestion at source cadence; infrastructure separate; no per-user retrieval architecture,G05;G06;G07;G20
supplier_unit_comparison,NOAA/NSSL / Operational radar precipitation/QPE,10000,,,,,18,,180000,,,Public shared product/grid ingestion; no per-user supplier metering; monthly bundle column is display demand only,Public data supplier fee0,0.00,,,,,,,,,,,,,USD,VERIFIED_PRODUCT_SPEC; FIELD_RIGHTS_CHECK,Supplier fee only; plans/units/rights must be confirmed; blank USD means unknown not zero,$0 supplier fee where public product exists; shared product/grid ingestion at source cadence; infrastructure separate; no per-user retrieval architecture,G05;G06;G07;G20
supplier_unit_comparison,NOAA/NSSL / Operational radar precipitation/QPE,100000,,,,,18,,1800000,,,Public shared product/grid ingestion; no per-user supplier metering; monthly bundle column is display demand only,Public data supplier fee0,0.00,,,,,,,,,,,,,USD,VERIFIED_PRODUCT_SPEC; FIELD_RIGHTS_CHECK,Supplier fee only; plans/units/rights must be confirmed; blank USD means unknown not zero,$0 supplier fee where public product exists; shared product/grid ingestion at source cadence; infrastructure separate; no per-user retrieval architecture,G05;G06;G07;G20
supplier_unit_comparison,NOAA/NSSL / Operational radar precipitation/QPE,1000000,,,,,18,,18000000,,,Public shared product/grid ingestion; no per-user supplier metering; monthly bundle column is display demand only,Public data supplier fee0,0.00,,,,,,,,,,,,,USD,VERIFIED_PRODUCT_SPEC; FIELD_RIGHTS_CHECK,Supplier fee only; plans/units/rights must be confirmed; blank USD means unknown not zero,$0 supplier fee where public product exists; shared product/grid ingestion at source cadence; infrastructure separate; no per-user retrieval architecture,G05;G06;G07;G20
supplier_unit_comparison,NOAA/NCEP / HRRR forecast,1000,,,,,18,,18000,,,Public shared product/grid ingestion; no per-user supplier metering; monthly bundle column is display demand only,Public data supplier fee0,0.00,,,,,,,,,,,,,USD,VERIFIED_CONUS; ALASKA_CADENCE_UNVERIFIED,Supplier fee only; plans/units/rights must be confirmed; blank USD means unknown not zero,$0 supplier fee where public product exists; shared product/grid ingestion at source cadence; infrastructure separate; no per-user retrieval architecture,G09;G10;G22
supplier_unit_comparison,NOAA/NCEP / HRRR forecast,10000,,,,,18,,180000,,,Public shared product/grid ingestion; no per-user supplier metering; monthly bundle column is display demand only,Public data supplier fee0,0.00,,,,,,,,,,,,,USD,VERIFIED_CONUS; ALASKA_CADENCE_UNVERIFIED,Supplier fee only; plans/units/rights must be confirmed; blank USD means unknown not zero,$0 supplier fee where public product exists; shared product/grid ingestion at source cadence; infrastructure separate; no per-user retrieval architecture,G09;G10;G22
supplier_unit_comparison,NOAA/NCEP / HRRR forecast,100000,,,,,18,,1800000,,,Public shared product/grid ingestion; no per-user supplier metering; monthly bundle column is display demand only,Public data supplier fee0,0.00,,,,,,,,,,,,,USD,VERIFIED_CONUS; ALASKA_CADENCE_UNVERIFIED,Supplier fee only; plans/units/rights must be confirmed; blank USD means unknown not zero,$0 supplier fee where public product exists; shared product/grid ingestion at source cadence; infrastructure separate; no per-user retrieval architecture,G09;G10;G22
supplier_unit_comparison,NOAA/NCEP / HRRR forecast,1000000,,,,,18,,18000000,,,Public shared product/grid ingestion; no per-user supplier metering; monthly bundle column is display demand only,Public data supplier fee0,0.00,,,,,,,,,,,,,USD,VERIFIED_CONUS; ALASKA_CADENCE_UNVERIFIED,Supplier fee only; plans/units/rights must be confirmed; blank USD means unknown not zero,$0 supplier fee where public product exists; shared product/grid ingestion at source cadence; infrastructure separate; no per-user retrieval architecture,G09;G10;G22
supplier_unit_comparison,NOAA/NWS / NDFD grids/XML,1000,,,,,18,,18000,,,Public shared product/grid ingestion; no per-user supplier metering; monthly bundle column is display demand only,Public data supplier fee0,0.00,,,,,,,,,,,,,USD,VERIFIED_SPEC,Supplier fee only; plans/units/rights must be confirmed; blank USD means unknown not zero,$0 supplier fee where public product exists; shared product/grid ingestion at source cadence; infrastructure separate; no per-user retrieval architecture,G03;G04;G02
supplier_unit_comparison,NOAA/NWS / NDFD grids/XML,10000,,,,,18,,180000,,,Public shared product/grid ingestion; no per-user supplier metering; monthly bundle column is display demand only,Public data supplier fee0,0.00,,,,,,,,,,,,,USD,VERIFIED_SPEC,Supplier fee only; plans/units/rights must be confirmed; blank USD means unknown not zero,$0 supplier fee where public product exists; shared product/grid ingestion at source cadence; infrastructure separate; no per-user retrieval architecture,G03;G04;G02
supplier_unit_comparison,NOAA/NWS / NDFD grids/XML,100000,,,,,18,,1800000,,,Public shared product/grid ingestion; no per-user supplier metering; monthly bundle column is display demand only,Public data supplier fee0,0.00,,,,,,,,,,,,,USD,VERIFIED_SPEC,Supplier fee only; plans/units/rights must be confirmed; blank USD means unknown not zero,$0 supplier fee where public product exists; shared product/grid ingestion at source cadence; infrastructure separate; no per-user retrieval architecture,G03;G04;G02
supplier_unit_comparison,NOAA/NWS / NDFD grids/XML,1000000,,,,,18,,18000000,,,Public shared product/grid ingestion; no per-user supplier metering; monthly bundle column is display demand only,Public data supplier fee0,0.00,,,,,,,,,,,,,USD,VERIFIED_SPEC,Supplier fee only; plans/units/rights must be confirmed; blank USD means unknown not zero,$0 supplier fee where public product exists; shared product/grid ingestion at source cadence; infrastructure separate; no per-user retrieval architecture,G03;G04;G02
supplier_unit_comparison,NOAA/NWS / HPN/FFP prototype nowcasts,1000,,,,,18,,18000,,,Public shared product/grid ingestion; no per-user supplier metering; monthly bundle column is display demand only,NO_PRODUCTION_SERVICE,,,,,,,,,,,,,,USD,HISTORICAL_ONLY,Supplier fee only; plans/units/rights must be confirmed; blank USD means unknown not zero,$0 supplier fee where public product exists; shared product/grid ingestion at source cadence; infrastructure separate; no per-user retrieval architecture,G11
supplier_unit_comparison,NOAA/NWS / HPN/FFP prototype nowcasts,10000,,,,,18,,180000,,,Public shared product/grid ingestion; no per-user supplier metering; monthly bundle column is display demand only,NO_PRODUCTION_SERVICE,,,,,,,,,,,,,,USD,HISTORICAL_ONLY,Supplier fee only; plans/units/rights must be confirmed; blank USD means unknown not zero,$0 supplier fee where public product exists; shared product/grid ingestion at source cadence; infrastructure separate; no per-user retrieval architecture,G11
supplier_unit_comparison,NOAA/NWS / HPN/FFP prototype nowcasts,100000,,,,,18,,1800000,,,Public shared product/grid ingestion; no per-user supplier metering; monthly bundle column is display demand only,NO_PRODUCTION_SERVICE,,,,,,,,,,,,,,USD,HISTORICAL_ONLY,Supplier fee only; plans/units/rights must be confirmed; blank USD means unknown not zero,$0 supplier fee where public product exists; shared product/grid ingestion at source cadence; infrastructure separate; no per-user retrieval architecture,G11
supplier_unit_comparison,NOAA/NWS / HPN/FFP prototype nowcasts,1000000,,,,,18,,18000000,,,Public shared product/grid ingestion; no per-user supplier metering; monthly bundle column is display demand only,NO_PRODUCTION_SERVICE,,,,,,,,,,,,,,USD,HISTORICAL_ONLY,Supplier fee only; plans/units/rights must be confirmed; blank USD means unknown not zero,$0 supplier fee where public product exists; shared product/grid ingestion at source cadence; infrastructure separate; no per-user retrieval architecture,G11
supplier_unit_comparison,NOAA/GSL / RRFS planned transition,1000,,,,,18,,18000,,,Public shared product/grid ingestion; no per-user supplier metering; monthly bundle column is display demand only,Public data supplier fee0,0.00,,,,,,,,,,,,,USD,TRANSITION_DATE_RECHECK_REQUIRED,Supplier fee only; plans/units/rights must be confirmed; blank USD means unknown not zero,$0 supplier fee where public product exists; shared product/grid ingestion at source cadence; infrastructure separate; no per-user retrieval architecture,G18;G19
supplier_unit_comparison,NOAA/GSL / RRFS planned transition,10000,,,,,18,,180000,,,Public shared product/grid ingestion; no per-user supplier metering; monthly bundle column is display demand only,Public data supplier fee0,0.00,,,,,,,,,,,,,USD,TRANSITION_DATE_RECHECK_REQUIRED,Supplier fee only; plans/units/rights must be confirmed; blank USD means unknown not zero,$0 supplier fee where public product exists; shared product/grid ingestion at source cadence; infrastructure separate; no per-user retrieval architecture,G18;G19
supplier_unit_comparison,NOAA/GSL / RRFS planned transition,100000,,,,,18,,1800000,,,Public shared product/grid ingestion; no per-user supplier metering; monthly bundle column is display demand only,Public data supplier fee0,0.00,,,,,,,,,,,,,USD,TRANSITION_DATE_RECHECK_REQUIRED,Supplier fee only; plans/units/rights must be confirmed; blank USD means unknown not zero,$0 supplier fee where public product exists; shared product/grid ingestion at source cadence; infrastructure separate; no per-user retrieval architecture,G18;G19
supplier_unit_comparison,NOAA/GSL / RRFS planned transition,1000000,,,,,18,,18000000,,,Public shared product/grid ingestion; no per-user supplier metering; monthly bundle column is display demand only,Public data supplier fee0,0.00,,,,,,,,,,,,,USD,TRANSITION_DATE_RECHECK_REQUIRED,Supplier fee only; plans/units/rights must be confirmed; blank USD means unknown not zero,$0 supplier fee where public product exists; shared product/grid ingestion at source cadence; infrastructure separate; no per-user retrieval architecture,G18;G19
supplier_unit_comparison,NOAA/NOHRSC / Gridded snowfall analyses,1000,,,,,18,,18000,,,Public shared product/grid ingestion; no per-user supplier metering; monthly bundle column is display demand only,Public data supplier fee0,0.00,,,,,,,,,,,,,USD,CADENCE_VERIFIED; CURRENT_RESOLUTION_UNVERIFIED,Supplier fee only; plans/units/rights must be confirmed; blank USD means unknown not zero,$0 supplier fee where public product exists; shared product/grid ingestion at source cadence; infrastructure separate; no per-user retrieval architecture,G12;G13;G14
supplier_unit_comparison,NOAA/NOHRSC / Gridded snowfall analyses,10000,,,,,18,,180000,,,Public shared product/grid ingestion; no per-user supplier metering; monthly bundle column is display demand only,Public data supplier fee0,0.00,,,,,,,,,,,,,USD,CADENCE_VERIFIED; CURRENT_RESOLUTION_UNVERIFIED,Supplier fee only; plans/units/rights must be confirmed; blank USD means unknown not zero,$0 supplier fee where public product exists; shared product/grid ingestion at source cadence; infrastructure separate; no per-user retrieval architecture,G12;G13;G14
supplier_unit_comparison,NOAA/NOHRSC / Gridded snowfall analyses,100000,,,,,18,,1800000,,,Public shared product/grid ingestion; no per-user supplier metering; monthly bundle column is display demand only,Public data supplier fee0,0.00,,,,,,,,,,,,,USD,CADENCE_VERIFIED; CURRENT_RESOLUTION_UNVERIFIED,Supplier fee only; plans/units/rights must be confirmed; blank USD means unknown not zero,$0 supplier fee where public product exists; shared product/grid ingestion at source cadence; infrastructure separate; no per-user retrieval architecture,G12;G13;G14
supplier_unit_comparison,NOAA/NOHRSC / Gridded snowfall analyses,1000000,,,,,18,,18000000,,,Public shared product/grid ingestion; no per-user supplier metering; monthly bundle column is display demand only,Public data supplier fee0,0.00,,,,,,,,,,,,,USD,CADENCE_VERIFIED; CURRENT_RESOLUTION_UNVERIFIED,Supplier fee only; plans/units/rights must be confirmed; blank USD means unknown not zero,$0 supplier fee where public product exists; shared product/grid ingestion at source cadence; infrastructure separate; no per-user retrieval architecture,G12;G13;G14
supplier_unit_comparison,NOAA/NSIDC / SNODAS snowpack,1000,,,,,18,,18000,,,Public shared product/grid ingestion; no per-user supplier metering; monthly bundle column is display demand only,Public data supplier fee0,0.00,,,,,,,,,,,,,USD,VERIFIED_SPEC,Supplier fee only; plans/units/rights must be confirmed; blank USD means unknown not zero,$0 supplier fee where public product exists; shared product/grid ingestion at source cadence; infrastructure separate; no per-user retrieval architecture,G15;G16;G17
supplier_unit_comparison,NOAA/NSIDC / SNODAS snowpack,10000,,,,,18,,180000,,,Public shared product/grid ingestion; no per-user supplier metering; monthly bundle column is display demand only,Public data supplier fee0,0.00,,,,,,,,,,,,,USD,VERIFIED_SPEC,Supplier fee only; plans/units/rights must be confirmed; blank USD means unknown not zero,$0 supplier fee where public product exists; shared product/grid ingestion at source cadence; infrastructure separate; no per-user retrieval architecture,G15;G16;G17
supplier_unit_comparison,NOAA/NSIDC / SNODAS snowpack,100000,,,,,18,,1800000,,,Public shared product/grid ingestion; no per-user supplier metering; monthly bundle column is display demand only,Public data supplier fee0,0.00,,,,,,,,,,,,,USD,VERIFIED_SPEC,Supplier fee only; plans/units/rights must be confirmed; blank USD means unknown not zero,$0 supplier fee where public product exists; shared product/grid ingestion at source cadence; infrastructure separate; no per-user retrieval architecture,G15;G16;G17
supplier_unit_comparison,NOAA/NSIDC / SNODAS snowpack,1000000,,,,,18,,18000000,,,Public shared product/grid ingestion; no per-user supplier metering; monthly bundle column is display demand only,Public data supplier fee0,0.00,,,,,,,,,,,,,USD,VERIFIED_SPEC,Supplier fee only; plans/units/rights must be confirmed; blank USD means unknown not zero,$0 supplier fee where public product exists; shared product/grid ingestion at source cadence; infrastructure separate; no per-user retrieval architecture,G15;G16;G17
supplier_unit_comparison,Tomorrow.io / Commercial Timelines,1000,,,,,18,,18000,18000,18000,"Standardized18requests/MAU, not guaranteed full-feature bundle or actual public ingestion count",QUOTE_REQUIRED,,,,,,,,,,,,,,USD,SPEC_VERIFIED_FIELD_DEPENDENT; PRICE_QUOTE,Supplier fee only; plans/units/rights must be confirmed; blank USD means unknown not zero,18 HTTP requests/MAU/month; supplier fee only; feature completeness and multipliers vary; Self-serve evaluation/POC commercial prohibition,C06;C07;C08;C09;C10
supplier_unit_comparison,Tomorrow.io / Commercial Timelines,10000,,,,,18,,180000,180000,180000,"Standardized18requests/MAU, not guaranteed full-feature bundle or actual public ingestion count",QUOTE_REQUIRED,,,,,,,,,,,,,,USD,SPEC_VERIFIED_FIELD_DEPENDENT; PRICE_QUOTE,Supplier fee only; plans/units/rights must be confirmed; blank USD means unknown not zero,18 HTTP requests/MAU/month; supplier fee only; feature completeness and multipliers vary; Self-serve evaluation/POC commercial prohibition,C06;C07;C08;C09;C10
supplier_unit_comparison,Tomorrow.io / Commercial Timelines,100000,,,,,18,,1800000,1800000,1800000,"Standardized18requests/MAU, not guaranteed full-feature bundle or actual public ingestion count",QUOTE_REQUIRED,,,,,,,,,,,,,,USD,SPEC_VERIFIED_FIELD_DEPENDENT; PRICE_QUOTE,Supplier fee only; plans/units/rights must be confirmed; blank USD means unknown not zero,18 HTTP requests/MAU/month; supplier fee only; feature completeness and multipliers vary; Self-serve evaluation/POC commercial prohibition,C06;C07;C08;C09;C10
supplier_unit_comparison,Tomorrow.io / Commercial Timelines,1000000,,,,,18,,18000000,18000000,18000000,"Standardized18requests/MAU, not guaranteed full-feature bundle or actual public ingestion count",QUOTE_REQUIRED,,,,,,,,,,,,,,USD,SPEC_VERIFIED_FIELD_DEPENDENT; PRICE_QUOTE,Supplier fee only; plans/units/rights must be confirmed; blank USD means unknown not zero,18 HTTP requests/MAU/month; supplier fee only; feature completeness and multipliers vary; Self-serve evaluation/POC commercial prohibition,C06;C07;C08;C09;C10
supplier_unit_comparison,AccuWeather / Core + MinuteCast,1000,,,,,18,,18000,18000,18000,"Standardized18requests/MAU, not guaranteed full-feature bundle or actual public ingestion count",QUOTE_REQUIRED,,,,,,,,,,,,,,USD,CURRENT_TERMS_VERIFIED; CUSTOM_LICENCE_REQUIRED,Supplier fee only; plans/units/rights must be confirmed; blank USD means unknown not zero,18 HTTP requests/MAU/month; supplier fee only; feature completeness and multipliers vary; Standard terms bar mixing/archive/alteration/algorithm development,C17;C18;C19;C20
supplier_unit_comparison,AccuWeather / Core + MinuteCast,10000,,,,,18,,180000,180000,180000,"Standardized18requests/MAU, not guaranteed full-feature bundle or actual public ingestion count",QUOTE_REQUIRED,,,,,,,,,,,,,,USD,CURRENT_TERMS_VERIFIED; CUSTOM_LICENCE_REQUIRED,Supplier fee only; plans/units/rights must be confirmed; blank USD means unknown not zero,18 HTTP requests/MAU/month; supplier fee only; feature completeness and multipliers vary; Standard terms bar mixing/archive/alteration/algorithm development,C17;C18;C19;C20
supplier_unit_comparison,AccuWeather / Core + MinuteCast,100000,,,,,18,,1800000,1800000,1800000,"Standardized18requests/MAU, not guaranteed full-feature bundle or actual public ingestion count",QUOTE_REQUIRED,,,,,,,,,,,,,,USD,CURRENT_TERMS_VERIFIED; CUSTOM_LICENCE_REQUIRED,Supplier fee only; plans/units/rights must be confirmed; blank USD means unknown not zero,18 HTTP requests/MAU/month; supplier fee only; feature completeness and multipliers vary; Standard terms bar mixing/archive/alteration/algorithm development,C17;C18;C19;C20
supplier_unit_comparison,AccuWeather / Core + MinuteCast,1000000,,,,,18,,18000000,18000000,18000000,"Standardized18requests/MAU, not guaranteed full-feature bundle or actual public ingestion count",QUOTE_REQUIRED,,,,,,,,,,,,,,USD,CURRENT_TERMS_VERIFIED; CUSTOM_LICENCE_REQUIRED,Supplier fee only; plans/units/rights must be confirmed; blank USD means unknown not zero,18 HTTP requests/MAU/month; supplier fee only; feature completeness and multipliers vary; Standard terms bar mixing/archive/alteration/algorithm development,C17;C18;C19;C20
supplier_unit_comparison,Vaisala Xweather / Weather API,1000,,,,,18,,18000,18000,,"Standardized18requests/MAU, not guaranteed full-feature bundle or actual public ingestion count",UNIT_PRICE_UNVERIFIED,,,,,,,,,,,,,,USD,ALLOWANCE_VERIFIED; RATES_AND_API_RIGHTS_UNVERIFIED,Supplier fee only; plans/units/rights must be confirmed; blank USD means unknown not zero,18 HTTP requests/MAU/month; supplier fee only; feature completeness and multipliers vary; 15kfree accesses insufficient18k baseline; endpoint/day/hour units,C21;C22;C23;C24;C25
supplier_unit_comparison,Vaisala Xweather / Weather API,10000,,,,,18,,180000,180000,,"Standardized18requests/MAU, not guaranteed full-feature bundle or actual public ingestion count",UNIT_PRICE_UNVERIFIED,,,,,,,,,,,,,,USD,ALLOWANCE_VERIFIED; RATES_AND_API_RIGHTS_UNVERIFIED,Supplier fee only; plans/units/rights must be confirmed; blank USD means unknown not zero,18 HTTP requests/MAU/month; supplier fee only; feature completeness and multipliers vary; 15kfree accesses insufficient18k baseline; endpoint/day/hour units,C21;C22;C23;C24;C25
supplier_unit_comparison,Vaisala Xweather / Weather API,100000,,,,,18,,1800000,1800000,,"Standardized18requests/MAU, not guaranteed full-feature bundle or actual public ingestion count",UNIT_PRICE_UNVERIFIED,,,,,,,,,,,,,,USD,ALLOWANCE_VERIFIED; RATES_AND_API_RIGHTS_UNVERIFIED,Supplier fee only; plans/units/rights must be confirmed; blank USD means unknown not zero,18 HTTP requests/MAU/month; supplier fee only; feature completeness and multipliers vary; 15kfree accesses insufficient18k baseline; endpoint/day/hour units,C21;C22;C23;C24;C25
supplier_unit_comparison,Vaisala Xweather / Weather API,1000000,,,,,18,,18000000,18000000,,"Standardized18requests/MAU, not guaranteed full-feature bundle or actual public ingestion count",UNIT_PRICE_UNVERIFIED,,,,,,,,,,,,,,USD,ALLOWANCE_VERIFIED; RATES_AND_API_RIGHTS_UNVERIFIED,Supplier fee only; plans/units/rights must be confirmed; blank USD means unknown not zero,18 HTTP requests/MAU/month; supplier fee only; feature completeness and multipliers vary; 15kfree accesses insufficient18k baseline; endpoint/day/hour units,C21;C22;C23;C24;C25
supplier_unit_comparison,Weatherbit / Paid API + minutely,1000,,,,,18,,18000,18000,18000,"Standardized18requests/MAU, not guaranteed full-feature bundle or actual public ingestion count",TIER_PRICE_UNVERIFIED,,,,,,,,,,,,,,USD,QUOTAS_VERIFIED; CURRENT_TIER_PRICES_UNVERIFIED,Supplier fee only; plans/units/rights must be confirmed; blank USD means unknown not zero,18 HTTP requests/MAU/month; supplier fee only; feature completeness and multipliers vary; Minutely/history tier entitlement verify; free noncommercial,C29;C30;C31;C32
supplier_unit_comparison,Weatherbit / Paid API + minutely,10000,,,,,18,,180000,180000,180000,"Standardized18requests/MAU, not guaranteed full-feature bundle or actual public ingestion count",TIER_PRICE_UNVERIFIED,,,,,,,,,,,,,,USD,QUOTAS_VERIFIED; CURRENT_TIER_PRICES_UNVERIFIED,Supplier fee only; plans/units/rights must be confirmed; blank USD means unknown not zero,18 HTTP requests/MAU/month; supplier fee only; feature completeness and multipliers vary; Minutely/history tier entitlement verify; free noncommercial,C29;C30;C31;C32
supplier_unit_comparison,Weatherbit / Paid API + minutely,100000,,,,,18,,1800000,1800000,1800000,"Standardized18requests/MAU, not guaranteed full-feature bundle or actual public ingestion count",TIER_PRICE_UNVERIFIED,,,,,,,,,,,,,,USD,QUOTAS_VERIFIED; CURRENT_TIER_PRICES_UNVERIFIED,Supplier fee only; plans/units/rights must be confirmed; blank USD means unknown not zero,18 HTTP requests/MAU/month; supplier fee only; feature completeness and multipliers vary; Minutely/history tier entitlement verify; free noncommercial,C29;C30;C31;C32
supplier_unit_comparison,Weatherbit / Paid API + minutely,1000000,,,,,18,,18000000,18000000,18000000,"Standardized18requests/MAU, not guaranteed full-feature bundle or actual public ingestion count",TIER_PRICE_UNVERIFIED,,,,,,,,,,,,,,USD,QUOTAS_VERIFIED; CURRENT_TIER_PRICES_UNVERIFIED,Supplier fee only; plans/units/rights must be confirmed; blank USD means unknown not zero,18 HTTP requests/MAU/month; supplier fee only; feature completeness and multipliers vary; Minutely/history tier entitlement verify; free noncommercial,C29;C30;C31;C32
supplier_unit_comparison,Visual Crossing / Timeline LLX Core,1000,,,,,18,,18000,18000,,"Standardized18requests/MAU, not guaranteed full-feature bundle or actual public ingestion count",LLX50Mqueries conditional,99.00,,,,,,,,,,,,,USD,LLX_SPEC_AND_PRICE_VERIFIED; NOWCAST_SKILL_CACHE_METERING_UNRESOLVED,Supplier fee only; plans/units/rights must be confirmed; blank USD means unknown not zero,18 HTTP requests/MAU/month; supplier fee only; feature completeness and multipliers vary; LLX99/50M queries conditional; current plan storage/historical weights confirm,C26;C27;C38;C39
supplier_unit_comparison,Visual Crossing / Timeline LLX Core,10000,,,,,18,,180000,180000,,"Standardized18requests/MAU, not guaranteed full-feature bundle or actual public ingestion count",LLX50Mqueries conditional,99.00,,,,,,,,,,,,,USD,LLX_SPEC_AND_PRICE_VERIFIED; NOWCAST_SKILL_CACHE_METERING_UNRESOLVED,Supplier fee only; plans/units/rights must be confirmed; blank USD means unknown not zero,18 HTTP requests/MAU/month; supplier fee only; feature completeness and multipliers vary; LLX99/50M queries conditional; current plan storage/historical weights confirm,C26;C27;C38;C39
supplier_unit_comparison,Visual Crossing / Timeline LLX Core,100000,,,,,18,,1800000,1800000,,"Standardized18requests/MAU, not guaranteed full-feature bundle or actual public ingestion count",LLX50Mqueries conditional,99.00,,,,,,,,,,,,,USD,LLX_SPEC_AND_PRICE_VERIFIED; NOWCAST_SKILL_CACHE_METERING_UNRESOLVED,Supplier fee only; plans/units/rights must be confirmed; blank USD means unknown not zero,18 HTTP requests/MAU/month; supplier fee only; feature completeness and multipliers vary; LLX99/50M queries conditional; current plan storage/historical weights confirm,C26;C27;C38;C39
supplier_unit_comparison,Visual Crossing / Timeline LLX Core,1000000,,,,,18,,18000000,18000000,,"Standardized18requests/MAU, not guaranteed full-feature bundle or actual public ingestion count",LLX50Mqueries conditional,99.00,,,,,,,,,,,,,USD,LLX_SPEC_AND_PRICE_VERIFIED; NOWCAST_SKILL_CACHE_METERING_UNRESOLVED,Supplier fee only; plans/units/rights must be confirmed; blank USD means unknown not zero,18 HTTP requests/MAU/month; supplier fee only; feature completeness and multipliers vary; LLX99/50M queries conditional; current plan storage/historical weights confirm,C26;C27;C38;C39
forecast_only_20_variables,Open-Meteo paid endpoint,1000,12,,,,12,,12000,12000,24000,20variables/10variables=2call-equivalents;1location/1model <=14days,Standard1M,,,,,,,,,,,,,,USD,CALL_WEIGHT_AND_CAPACITY_VERIFIED; PRICE_UNKNOWN; VARIABLES_AUTHORED,BillableUnits=MAU*12*(20/10);native minute nowcast absent,Forecast/history substrate only; no exact minute arrival; multiple models/locations increase units; current subscription USD unknown,C12;C13;C15
forecast_only_20_variables,Open-Meteo paid endpoint,10000,12,,,,12,,120000,120000,240000,20variables/10variables=2call-equivalents;1location/1model <=14days,Standard1M,,,,,,,,,,,,,,USD,CALL_WEIGHT_AND_CAPACITY_VERIFIED; PRICE_UNKNOWN; VARIABLES_AUTHORED,BillableUnits=MAU*12*(20/10);native minute nowcast absent,Forecast/history substrate only; no exact minute arrival; multiple models/locations increase units; current subscription USD unknown,C12;C13;C15
forecast_only_20_variables,Open-Meteo paid endpoint,100000,12,,,,12,,1200000,1200000,2400000,20variables/10variables=2call-equivalents;1location/1model <=14days,Professional5M,,,,,,,,,,,,,,USD,CALL_WEIGHT_AND_CAPACITY_VERIFIED; PRICE_UNKNOWN; VARIABLES_AUTHORED,BillableUnits=MAU*12*(20/10);native minute nowcast absent,Forecast/history substrate only; no exact minute arrival; multiple models/locations increase units; current subscription USD unknown,C12;C13;C15
forecast_only_20_variables,Open-Meteo paid endpoint,1000000,12,,,,12,,12000000,12000000,24000000,20variables/10variables=2call-equivalents;1location/1model <=14days,Customquote,,,,,,,,,,,,,,USD,CALL_WEIGHT_AND_CAPACITY_VERIFIED; PRICE_UNKNOWN; VARIABLES_AUTHORED,BillableUnits=MAU*12*(20/10);native minute nowcast absent,Forecast/history substrate only; no exact minute arrival; multiple models/locations increase units; current subscription USD unknown,C12;C13;C15
four_requests_per_refresh,OpenWeather OneCall4 provisional,1000,,,,,18,,18000,72000,72000,Per HTTP call; endpoint/page multiplier provisional; daily uniform traffic assumed,PAYG1000free/day,63.00,,,,,,,,,,,,,USD,UNIT_TARIFF_VERIFIED; ENDPOINT_MULTIPLIER_PROVISIONAL; DAILY_TRAFFIC_ASSUMED,"Actual=sum(max(dailyCalls-1000,0))*.0015;uniform30day estimate=max(monthlyCalls-30000,0)*.0015",4/6request complete refresh; lean12opens(full)+6extra(current/minute);4-specific rights and alternate indexed-doc ownership unverified; no archive/alert/overhead,C33;C35;C36;C40;C41
four_requests_per_refresh,OpenWeather OneCall4 provisional,10000,,,,,18,,180000,720000,720000,Per HTTP call; endpoint/page multiplier provisional; daily uniform traffic assumed,PAYG1000free/day,1035.00,,,,,,,,,,,,,USD,UNIT_TARIFF_VERIFIED; ENDPOINT_MULTIPLIER_PROVISIONAL; DAILY_TRAFFIC_ASSUMED,"Actual=sum(max(dailyCalls-1000,0))*.0015;uniform30day estimate=max(monthlyCalls-30000,0)*.0015",4/6request complete refresh; lean12opens(full)+6extra(current/minute);4-specific rights and alternate indexed-doc ownership unverified; no archive/alert/overhead,C33;C35;C36;C40;C41
four_requests_per_refresh,OpenWeather OneCall4 provisional,100000,,,,,18,,1800000,7200000,7200000,Per HTTP call; endpoint/page multiplier provisional; daily uniform traffic assumed,PAYG1000free/day,10755.00,,,,,,,,,,,,,USD,UNIT_TARIFF_VERIFIED; ENDPOINT_MULTIPLIER_PROVISIONAL; DAILY_TRAFFIC_ASSUMED,"Actual=sum(max(dailyCalls-1000,0))*.0015;uniform30day estimate=max(monthlyCalls-30000,0)*.0015",4/6request complete refresh; lean12opens(full)+6extra(current/minute);4-specific rights and alternate indexed-doc ownership unverified; no archive/alert/overhead,C33;C35;C36;C40;C41
four_requests_per_refresh,OpenWeather OneCall4 provisional,1000000,,,,,18,,18000000,72000000,72000000,Per HTTP call; endpoint/page multiplier provisional; daily uniform traffic assumed,PAYG1000free/day,107955.00,,,,,,,,,,,,,USD,UNIT_TARIFF_VERIFIED; ENDPOINT_MULTIPLIER_PROVISIONAL; DAILY_TRAFFIC_ASSUMED,"Actual=sum(max(dailyCalls-1000,0))*.0015;uniform30day estimate=max(monthlyCalls-30000,0)*.0015",4/6request complete refresh; lean12opens(full)+6extra(current/minute);4-specific rights and alternate indexed-doc ownership unverified; no archive/alert/overhead,C33;C35;C36;C40;C41
six_requests_per_refresh_48h,OpenWeather OneCall4 provisional,1000,,,,,18,,18000,108000,108000,Per HTTP call; endpoint/page multiplier provisional; daily uniform traffic assumed,PAYG1000free/day,117.00,,,,,,,,,,,,,USD,UNIT_TARIFF_VERIFIED; ENDPOINT_MULTIPLIER_PROVISIONAL; DAILY_TRAFFIC_ASSUMED,"Actual=sum(max(dailyCalls-1000,0))*.0015;uniform30day estimate=max(monthlyCalls-30000,0)*.0015",4/6request complete refresh; lean12opens(full)+6extra(current/minute);4-specific rights and alternate indexed-doc ownership unverified; no archive/alert/overhead,C33;C35;C36;C40;C41
six_requests_per_refresh_48h,OpenWeather OneCall4 provisional,10000,,,,,18,,180000,1080000,1080000,Per HTTP call; endpoint/page multiplier provisional; daily uniform traffic assumed,PAYG1000free/day,1575.00,,,,,,,,,,,,,USD,UNIT_TARIFF_VERIFIED; ENDPOINT_MULTIPLIER_PROVISIONAL; DAILY_TRAFFIC_ASSUMED,"Actual=sum(max(dailyCalls-1000,0))*.0015;uniform30day estimate=max(monthlyCalls-30000,0)*.0015",4/6request complete refresh; lean12opens(full)+6extra(current/minute);4-specific rights and alternate indexed-doc ownership unverified; no archive/alert/overhead,C33;C35;C36;C40;C41
six_requests_per_refresh_48h,OpenWeather OneCall4 provisional,100000,,,,,18,,1800000,10800000,10800000,Per HTTP call; endpoint/page multiplier provisional; daily uniform traffic assumed,PAYG1000free/day,16155.00,,,,,,,,,,,,,USD,UNIT_TARIFF_VERIFIED; ENDPOINT_MULTIPLIER_PROVISIONAL; DAILY_TRAFFIC_ASSUMED,"Actual=sum(max(dailyCalls-1000,0))*.0015;uniform30day estimate=max(monthlyCalls-30000,0)*.0015",4/6request complete refresh; lean12opens(full)+6extra(current/minute);4-specific rights and alternate indexed-doc ownership unverified; no archive/alert/overhead,C33;C35;C36;C40;C41
six_requests_per_refresh_48h,OpenWeather OneCall4 provisional,1000000,,,,,18,,18000000,108000000,108000000,Per HTTP call; endpoint/page multiplier provisional; daily uniform traffic assumed,PAYG1000free/day,161955.00,,,,,,,,,,,,,USD,UNIT_TARIFF_VERIFIED; ENDPOINT_MULTIPLIER_PROVISIONAL; DAILY_TRAFFIC_ASSUMED,"Actual=sum(max(dailyCalls-1000,0))*.0015;uniform30day estimate=max(monthlyCalls-30000,0)*.0015",4/6request complete refresh; lean12opens(full)+6extra(current/minute);4-specific rights and alternate indexed-doc ownership unverified; no archive/alert/overhead,C33;C35;C36;C40;C41
lean_schedule_20h,OpenWeather OneCall4 provisional,1000,,,,,18,,18000,60000,60000,Per HTTP call; endpoint/page multiplier provisional; daily uniform traffic assumed,PAYG1000free/day,45.00,,,,,,,,,,,,,USD,UNIT_TARIFF_VERIFIED; ENDPOINT_MULTIPLIER_PROVISIONAL; DAILY_TRAFFIC_ASSUMED,"Actual=sum(max(dailyCalls-1000,0))*.0015;uniform30day estimate=max(monthlyCalls-30000,0)*.0015",4/6request complete refresh; lean12opens(full)+6extra(current/minute);4-specific rights and alternate indexed-doc ownership unverified; no archive/alert/overhead,C33;C35;C36;C40;C41
lean_schedule_20h,OpenWeather OneCall4 provisional,10000,,,,,18,,180000,600000,600000,Per HTTP call; endpoint/page multiplier provisional; daily uniform traffic assumed,PAYG1000free/day,855.00,,,,,,,,,,,,,USD,UNIT_TARIFF_VERIFIED; ENDPOINT_MULTIPLIER_PROVISIONAL; DAILY_TRAFFIC_ASSUMED,"Actual=sum(max(dailyCalls-1000,0))*.0015;uniform30day estimate=max(monthlyCalls-30000,0)*.0015",4/6request complete refresh; lean12opens(full)+6extra(current/minute);4-specific rights and alternate indexed-doc ownership unverified; no archive/alert/overhead,C33;C35;C36;C40;C41
lean_schedule_20h,OpenWeather OneCall4 provisional,100000,,,,,18,,1800000,6000000,6000000,Per HTTP call; endpoint/page multiplier provisional; daily uniform traffic assumed,PAYG1000free/day,8955.00,,,,,,,,,,,,,USD,UNIT_TARIFF_VERIFIED; ENDPOINT_MULTIPLIER_PROVISIONAL; DAILY_TRAFFIC_ASSUMED,"Actual=sum(max(dailyCalls-1000,0))*.0015;uniform30day estimate=max(monthlyCalls-30000,0)*.0015",4/6request complete refresh; lean12opens(full)+6extra(current/minute);4-specific rights and alternate indexed-doc ownership unverified; no archive/alert/overhead,C33;C35;C36;C40;C41
lean_schedule_20h,OpenWeather OneCall4 provisional,1000000,,,,,18,,18000000,60000000,60000000,Per HTTP call; endpoint/page multiplier provisional; daily uniform traffic assumed,PAYG1000free/day,89955.00,,,,,,,,,,,,,USD,UNIT_TARIFF_VERIFIED; ENDPOINT_MULTIPLIER_PROVISIONAL; DAILY_TRAFFIC_ASSUMED,"Actual=sum(max(dailyCalls-1000,0))*.0015;uniform30day estimate=max(monthlyCalls-30000,0)*.0015",4/6request complete refresh; lean12opens(full)+6extra(current/minute);4-specific rights and alternate indexed-doc ownership unverified; no archive/alert/overhead,C33;C35;C36;C40;C41
lean_schedule_48h,OpenWeather OneCall4 provisional,1000,,,,,18,,18000,84000,84000,Per HTTP call; endpoint/page multiplier provisional; daily uniform traffic assumed,PAYG1000free/day,81.00,,,,,,,,,,,,,USD,UNIT_TARIFF_VERIFIED; ENDPOINT_MULTIPLIER_PROVISIONAL; DAILY_TRAFFIC_ASSUMED,"Actual=sum(max(dailyCalls-1000,0))*.0015;uniform30day estimate=max(monthlyCalls-30000,0)*.0015",4/6request complete refresh; lean12opens(full)+6extra(current/minute);4-specific rights and alternate indexed-doc ownership unverified; no archive/alert/overhead,C33;C35;C36;C40;C41
lean_schedule_48h,OpenWeather OneCall4 provisional,10000,,,,,18,,180000,840000,840000,Per HTTP call; endpoint/page multiplier provisional; daily uniform traffic assumed,PAYG1000free/day,1215.00,,,,,,,,,,,,,USD,UNIT_TARIFF_VERIFIED; ENDPOINT_MULTIPLIER_PROVISIONAL; DAILY_TRAFFIC_ASSUMED,"Actual=sum(max(dailyCalls-1000,0))*.0015;uniform30day estimate=max(monthlyCalls-30000,0)*.0015",4/6request complete refresh; lean12opens(full)+6extra(current/minute);4-specific rights and alternate indexed-doc ownership unverified; no archive/alert/overhead,C33;C35;C36;C40;C41
lean_schedule_48h,OpenWeather OneCall4 provisional,100000,,,,,18,,1800000,8400000,8400000,Per HTTP call; endpoint/page multiplier provisional; daily uniform traffic assumed,PAYG1000free/day,12555.00,,,,,,,,,,,,,USD,UNIT_TARIFF_VERIFIED; ENDPOINT_MULTIPLIER_PROVISIONAL; DAILY_TRAFFIC_ASSUMED,"Actual=sum(max(dailyCalls-1000,0))*.0015;uniform30day estimate=max(monthlyCalls-30000,0)*.0015",4/6request complete refresh; lean12opens(full)+6extra(current/minute);4-specific rights and alternate indexed-doc ownership unverified; no archive/alert/overhead,C33;C35;C36;C40;C41
lean_schedule_48h,OpenWeather OneCall4 provisional,1000000,,,,,18,,18000000,84000000,84000000,Per HTTP call; endpoint/page multiplier provisional; daily uniform traffic assumed,PAYG1000free/day,125955.00,,,,,,,,,,,,,USD,UNIT_TARIFF_VERIFIED; ENDPOINT_MULTIPLIER_PROVISIONAL; DAILY_TRAFFIC_ASSUMED,"Actual=sum(max(dailyCalls-1000,0))*.0015;uniform30day estimate=max(monthlyCalls-30000,0)*.0015",4/6request complete refresh; lean12opens(full)+6extra(current/minute);4-specific rights and alternate indexed-doc ownership unverified; no archive/alert/overhead,C33;C35;C36;C40;C41
single_request_price_floor_not_complete_bundle,OpenWeather OneCall4 provisional,1000,,,,,18,,18000,18000,18000,Per HTTP call; endpoint/page multiplier provisional; daily uniform traffic assumed,PAYG1000free/day,0.00,,,,,,,,,,,,,USD,UNIT_TARIFF_VERIFIED; ENDPOINT_MULTIPLIER_PROVISIONAL; DAILY_TRAFFIC_ASSUMED,"Actual=sum(max(dailyCalls-1000,0))*.0015;uniform30day estimate=max(monthlyCalls-30000,0)*.0015",4/6request complete refresh; lean12opens(full)+6extra(current/minute);4-specific rights and alternate indexed-doc ownership unverified; no archive/alert/overhead,C33;C35;C36;C40;C41
single_request_price_floor_not_complete_bundle,OpenWeather OneCall4 provisional,10000,,,,,18,,180000,180000,180000,Per HTTP call; endpoint/page multiplier provisional; daily uniform traffic assumed,PAYG1000free/day,225.00,,,,,,,,,,,,,USD,UNIT_TARIFF_VERIFIED; ENDPOINT_MULTIPLIER_PROVISIONAL; DAILY_TRAFFIC_ASSUMED,"Actual=sum(max(dailyCalls-1000,0))*.0015;uniform30day estimate=max(monthlyCalls-30000,0)*.0015",4/6request complete refresh; lean12opens(full)+6extra(current/minute);4-specific rights and alternate indexed-doc ownership unverified; no archive/alert/overhead,C33;C35;C36;C40;C41
single_request_price_floor_not_complete_bundle,OpenWeather OneCall4 provisional,100000,,,,,18,,1800000,1800000,1800000,Per HTTP call; endpoint/page multiplier provisional; daily uniform traffic assumed,PAYG1000free/day,2655.00,,,,,,,,,,,,,USD,UNIT_TARIFF_VERIFIED; ENDPOINT_MULTIPLIER_PROVISIONAL; DAILY_TRAFFIC_ASSUMED,"Actual=sum(max(dailyCalls-1000,0))*.0015;uniform30day estimate=max(monthlyCalls-30000,0)*.0015",4/6request complete refresh; lean12opens(full)+6extra(current/minute);4-specific rights and alternate indexed-doc ownership unverified; no archive/alert/overhead,C33;C35;C36;C40;C41
single_request_price_floor_not_complete_bundle,OpenWeather OneCall4 provisional,1000000,,,,,18,,18000000,18000000,18000000,Per HTTP call; endpoint/page multiplier provisional; daily uniform traffic assumed,PAYG1000free/day,26955.00,,,,,,,,,,,,,USD,UNIT_TARIFF_VERIFIED; ENDPOINT_MULTIPLIER_PROVISIONAL; DAILY_TRAFFIC_ASSUMED,"Actual=sum(max(dailyCalls-1000,0))*.0015;uniform30day estimate=max(monthlyCalls-30000,0)*.0015",4/6request complete refresh; lean12opens(full)+6extra(current/minute);4-specific rights and alternate indexed-doc ownership unverified; no archive/alert/overhead,C33;C35;C36;C40;C41
