source_id,provider,product,native_spatial_resolution,output_timestep,update_cadence,forecast_horizon,minute_nowcast,precipitation_quality,coverage,snow_history_ground_state,monthly_api_usd_1k,monthly_api_usd_10k,monthly_api_usd_100k,monthly_api_usd_1m,display,caching,redistribution,attribution,licence_risk,cost_basis,verification_status,evidence_ids,source_urls
nws,NOAA/NWS,api.weather.gov,Approx2.5km WFO grid; station observations,Hourly and12h periods,As issued; fixed refresh SLA unverified,7days,No,Forecaster/model blend; no street-onset guarantee,US domains,Station/forecast inputs; no pavement state,0,0,0,0,Allowed subject to third-party exceptions,Allowed; respect service headers/rate limits,Allowed public-domain data; label derived products,NOAA/NWS credit; no endorsement,Public data fees0; no SLA; software licences separate,$0 supplier fee where public product exists; shared product/grid ingestion at source cadence; infrastructure model separate; no per-user polling assumption,VERIFIED_SPEC; NO_BLOCK_ACCURACY_BENCHMARK,G01;G02,https://www.weather.gov/documentation/services-web-api ; https://www.weather.gov/disclaimer
mrms,NOAA/NSSL,Operational radar precipitation/QPE,Approx1km,2min rate/type; product-specific QPE,2min rate; late corrected QPE lag approx1h,Observed/current/history; no future,No; requires own/bought extrapolation,Radar aloft/phase/virga limitations,CONUS primary; other regional products field-dependent,Rain history/phase; not observed snow depth or road state,0,0,0,0,Allowed subject to third-party exceptions,Allowed; respect service headers/rate limits,Allowed public-domain data; label derived products,NOAA/NWS credit; no endorsement,Public data fees0; no SLA; software licences separate,$0 supplier fee where public product exists; shared product/grid ingestion at source cadence; infrastructure model separate; no per-user polling assumption,VERIFIED_PRODUCT_SPEC; FIELD_RIGHTS_CHECK,G05;G06;G07;G20,https://www.nssl.noaa.gov/projects/mrms/ ; https://www.nssl.noaa.gov/projects/mrms/operational/tables.php ; https://registry.opendata.aws/noaa-mrms-pds/ ; https://inside.nssl.noaa.gov/mrms/2018/03/when-radar-observed-precipitation-does-not-reach-the-ground/
hrrr,NOAA/NCEP,HRRR forecast,3km,Hourly;15min subhourly files,Hourly CONUS runs,18h;48h extended00/06/12/18UTC,No one-minute radar nowcast,Convective model forecast; onset displacement possible,CONUS/Alaska; Alaska cadence unverified,Model soil/snow; not pavement,0,0,0,0,Allowed subject to third-party exceptions,Allowed; respect service headers/rate limits,Allowed public-domain data; label derived products,NOAA/NWS credit; no endorsement,Public data fees0; no SLA; software licences separate,$0 supplier fee where public product exists; shared product/grid ingestion at source cadence; infrastructure model separate; no per-user polling assumption,VERIFIED_CONUS; ALASKA_CADENCE_UNVERIFIED,G09;G10;G22,https://www.nco.ncep.noaa.gov/pmb/products/hrrr/ ; https://rapidrefresh.noaa.gov/hrrr/ ; https://repository.library.noaa.gov/view/noaa/53800
ndfd,NOAA/NWS,NDFD grids/XML,CONUS2.5km; PR1.25km; AK3km; ocean10km,Element/lead dependent; early hourly CONUS,XML twice-hourly approx:25/:55,Generally7days,No,Official forecast grid; no minute-onset product,US domains vary,Forecast accumulation; no street state,0,0,0,0,Allowed subject to third-party exceptions,Allowed; respect service headers/rate limits,Allowed public-domain data; label derived products,NOAA/NWS credit; no endorsement,Public data fees0; no SLA; software licences separate,$0 supplier fee where public product exists; shared product/grid ingestion at source cadence; infrastructure model separate; no per-user polling assumption,VERIFIED_SPEC,G03;G04;G02,https://www.weather.gov/media/directives/010_pdfs/pd01002001curr.pdf ; https://digital.weather.gov/xml/rest.php ; https://www.weather.gov/disclaimer
noaa_hpn,NOAA/NWS,HPN/FFP prototype nowcasts,Historical4km HRAP,Historical15–20min inputs,Current production cadence unverified,Historical up to1h,Not verified deployable nationwide API,Historical prototype; no current consumer skill/SLA,Historical mid-Atlantic tests,None verified,NO_PRODUCTION_SERVICE,NO_PRODUCTION_SERVICE,NO_PRODUCTION_SERVICE,NO_PRODUCTION_SERVICE,Allowed subject to third-party exceptions,Allowed; respect service headers/rate limits,Allowed public-domain data; label derived products,NOAA/NWS credit; no endorsement,Public data fees0; no SLA; software licences separate,$0 supplier fee where public product exists; shared product/grid ingestion at source cadence; infrastructure model separate; no per-user polling assumption,HISTORICAL_ONLY,G11,https://www.weather.gov/owp/oh_hrl_hag_empe_mpn
rrfs,NOAA/GSL,RRFS planned transition,3km,Hourly short; extended every6h,Planned hourly,Extended84h described,Not street-minute service,Not evaluated here; implementation date needs recheck,US regional; operational status recheck,Model land/snow inputs,0,0,0,0,Allowed subject to third-party exceptions,Allowed; respect service headers/rate limits,Allowed public-domain data; label derived products,NOAA/NWS credit; no endorsement,Public data fees0; no SLA; software licences separate,$0 supplier fee where public product exists; shared product/grid ingestion at source cadence; infrastructure model separate; no per-user polling assumption,TRANSITION_DATE_RECHECK_REQUIRED,G18;G19,https://gsl.noaa.gov/rrfs/ ; https://www.weather.gov/notification
nohrsc,NOAA/NOHRSC,Gridded snowfall analyses,2.5km historical design; current grid unverified,6/24/48/72h totals,6h analyses4/day;24h2/day;48/72daily; revised5days,Retrospective snowfall,No,Analysis reports/model/radar; not each lawn,CONUS,Best direct1–3day snowfall; not melt/depth,0,0,0,0,Allowed subject to third-party exceptions,Allowed; respect service headers/rate limits,Allowed public-domain data; label derived products,NOAA/NWS credit; no endorsement,Public data fees0; no SLA; software licences separate,$0 supplier fee where public product exists; shared product/grid ingestion at source cadence; infrastructure model separate; no per-user polling assumption,CADENCE_VERIFIED; CURRENT_RESOLUTION_UNVERIFIED,G12;G13;G14,https://www.nohrsc.noaa.gov/snowfall_v2/ ; https://www.nohrsc.noaa.gov/technology/pdf/PDD_National_Gridded_Snowfall_Analysis.pdf ; https://www.nohrsc.noaa.gov/technology/pdf/Proposal_for_National_Snowfall_Analysis_Phase_II.pdf
snodas,NOAA/NSIDC,SNODAS snowpack,1km,Daily archive; internal hourly model,Daily distributed,History2003–present,No,Assimilated model snowpack; not curb observation,Principally CONUS,Snow depth/SWE/temp/melt runoff; LWE differs from snow depth,0,0,0,0,Allowed subject to third-party exceptions,Allowed; respect service headers/rate limits,Allowed public-domain data; label derived products,SNODAS dataset DOI citation condition,Public data; Basic support; daily timeliness not guaranteed,$0 supplier fee where public product exists; shared product/grid ingestion at source cadence; infrastructure model separate; no per-user polling assumption,VERIFIED_SPEC,G15;G16;G17,https://nsidc.org/data/g02158/versions/1 ; https://doi.org/10.7265/N5TB14TC ; https://www.nohrsc.noaa.gov/technology/
weatherkit,Apple,WeatherKit,Native grid unpublished; lat/lon query is not resolution,Current/hour/day; next-hour1min,Provider cadence unpublished; inspect metadata,10days; minute next1h,Yes US; location availability required,Per-minute chance exposed; independent onset error unverified,Global general; next-hour select regions,Historical request products; persistent history restricted,0,0,99.99,999.99,Original/derived display with required credit,Temporary limited API-performance storage only,No raw feeds or secondary/derived weather databases,Apple Weather/source legal link; modifications notice for transformed data,Paid value-added conditions; no raw-data resale; history separate,18 HTTP requests/MAU/month; supplier fee only; feature completeness and multipliers vary,PRICES_VERIFIED; ONE_BUNDLE_ONE_BILLABLE_CALL_ASSUMED,C01;C02;C03;C04;C05,https://developer.apple.com/weatherkit/ ; https://developer.apple.com/support/terms/apple-developer-program-license-agreement/ ; https://developer.apple.com/documentation/weatherkitrestapi ; https://developer.apple.com/videos/play/wwdc2022/10003/ ; https://developer.apple.com/weatherkit/data-source-attribution/
tomorrow,Tomorrow.io,Commercial Timelines,500m/minute consumer claim; universal API native grid unverified,1min field-dependent;hour/day,API refresh SLA unverified,Minute fields up to6h; general14/15d field-dependent,Yes; field/coverage/plan entitlement required,Vendor claims; independent street-onset benchmark unverified,Global fields; regional snow/nowcast entitlements vary,"Paid−7d; snow/soil layers, US snow depth+48h",QUOTE_REQUIRED,QUOTE_REQUIRED,QUOTE_REQUIRED,QUOTE_REQUIRED,Commercial use specified in Order,Unverified retention/shared-cache period; negotiate,No standalone raw redistribution,Linked Powered by Tomorrow.io near data/derived data,Self-serve evaluation/POC commercial prohibition,18 HTTP requests/MAU/month; supplier fee only; feature completeness and multipliers vary,SPEC_VERIFIED_FIELD_DEPENDENT; PRICE_QUOTE,C06;C07;C08;C09;C10,https://docs.tomorrow.io/reference/weather-data-layers ; https://support.tomorrow.io/hc/en-us/articles/20273728362644-Free-API-Plan-Rate-Limits ; https://www.tomorrow.io/legal/terms-of-service/ ; https://docs.tomorrow.io/reference/data-layers-core ; https://docs.tomorrow.io/reference/land
open_meteo,Open-Meteo,Paid forecast/history API,US HRRR3km; regional1–2km/global9–11km varies,15min US model fields; hourly outputs,Underlying model runs; HRRR hourly,Up to16d,No radar minute nowcast;15min interpolation/model is different,Model-based forecast; no precise12min rain-start guarantee,Global model blend,Snow/depth/soil/irradiance; past_days archived forecasts,CURRENT_PRICE_UNVERIFIED,CURRENT_PRICE_UNVERIFIED,CURRENT_PRICE_UNVERIFIED,CURRENT_PRICE_UNVERIFIED,Commercial paid endpoint,Data reusable CC BY4.0; retain provenance,CC BY4.0 allows reuse/modification/redistribution,Open-Meteo credit and indicate modifications,Free hosted API noncommercial; AGPL server separate,18 HTTP requests/MAU/month; supplier fee only; feature completeness and multipliers vary,CURRENT_QUOTAS_VERIFIED; USD_PRICES_UNVERIFIED,C12;C13;C14;C15,https://open-meteo.com/en/pricing ; https://open-meteo.com/en/terms ; https://open-meteo.com/en/docs/gfs-api ; https://open-meteo.com/en/docs
accuweather,AccuWeather,Core + MinuteCast,Current native grid unverified; old0.6sqmi claim historical,MinuteCast1min; generalhour/day,Current SLA unverified; old5min claim historical,MinuteCast120min; tier core5/10/15d,Yes; separate entitlement,Precise targeting/vendor claims; calibrated onset error unverified,Global core; MinuteCast coverage contract/location dependent,Standard24h history; archives/mixing restricted,QUOTE_REQUIRED,QUOTE_REQUIRED,QUOTE_REQUIRED,QUOTE_REQUIRED,Licensed display with logo,Up to2weeks UX cache only,Raw API resale/redistribution prohibited,AccuWeather name/logo/link per content requirements,Standard terms bar mixing/archive/alteration/algorithm development,18 HTTP requests/MAU/month; supplier fee only; feature completeness and multipliers vary,CURRENT_TERMS_VERIFIED; CUSTOM_LICENCE_REQUIRED,C17;C18;C19;C20,https://developer.accuweather.com/pricing ; https://developer.accuweather.com/minutecast/geoposition-minutecast ; https://developer.accuweather.com/documentation/terms-of-use ; https://developer.accuweather.com/documentation/best-practices
xweather,Vaisala Xweather,Weather API,Interpolated blended conditions; native scale unspecified,Hour/day;1min precipitation filter,Near realtime claim; cadence per field,15d general;60min minute precip,Yes,No independent US onset benchmark verified,Global general; PAYG offer US/Canada,History2004+; road-weather products separate,UNIT_PRICE_UNVERIFIED,UNIT_PRICE_UNVERIFIED,UNIT_PRICE_UNVERIFIED,UNIT_PRICE_UNVERIFIED,Product licence needed,Map cadence documented; API archive grant unverified,Raw redistribution entitlement unverified,Provider/source credits,15kfree accesses insufficient18k baseline; endpoint/day/hour units,18 HTTP requests/MAU/month; supplier fee only; feature completeness and multipliers vary,ALLOWANCE_VERIFIED; RATES_AND_API_RIGHTS_UNVERIFIED,C21;C22;C23;C24;C25,https://www.xweather.com/products/weather-api ; https://www.xweather.com/docs/weather-api/endpoints/conditions ; https://www.xweather.com/docs/weather-api/resources/credits ; https://www.xweather.com/docs/maps/getting-started/accesses ; https://www.xweather.com/legal
openweather,OpenWeather,OneCall4 modular timelines,Native grid unpublished; coordinate precision not native grid,1min/15min/hour/day,Current OneCall4 cadence unverified,Minute60min;15min48h; daily long outlook not equivalent skill,Yes US entitlement/availability validate,Independent onset errors unverified,Global claims; regional minutely skill/coverage unverified,Long history; licence4 applicability needs confirmation,63,1035,10755,107955,Attribution and current plan licence,Retention4 unverified,ODbL/CC BY-SA old-product explainer;4 confirmation needed,OpenWeather credit per selected licence,Separate endpoint/page charges; do not apply deprecated3.0 assumptions,4 separate requests per combined bundle =>72requests/MAU/mo; <=20h hourly slice; $0.0015 beyond1000/day;30uniform days; docs indexed only;48h may require6 requests;alternate docs domain ownership and live metering unverified,PRICE_VERIFIED; 4_REQUEST_BUNDLE_AND_UNIFORM_DAY_ASSUMPTIONS,C33;C34;C35;C36;C37;C40;C41,https://openweathermap.org/price ; https://openweathermap.org/api ; https://openweathermap.org/faq ; https://openweather.uk/api/one-call-4 ; https://openweathermap.org/storage/app/media/documents/License_explainer_25%20Feb_25.pdf ; https://openweather.co.uk/api/files/file/OpenWeather_T&C_of_sale.pdf ; https://openweathermap.org/api/one-call-4-desciption
weatherbit,Weatherbit,Paid API + minutely,Radar approx1km vendor spec; forecast grid varies,1min next-hour; hourly/day,Current5–10min; forecast hourly vendor spec,Minute60min;hour240h;daily16d,Yes; US field/coverage validate,Resolution vendor spec; independent onset error unverified,Global general; radar nowcast regional,History paid; snow inputs not curb state,TIER_PRICE_UNVERIFIED,TIER_PRICE_UNVERIFIED,TIER_PRICE_UNVERIFIED,TIER_PRICE_UNVERIFIED,Paid commercial tier required,Store during subscription; deletion after cancellation unless separate rights,Raw resale/licence scope needs confirmation,Credit per current terms; exact format check,Minutely/history tier entitlement verify; free noncommercial,18 HTTP requests/MAU/month; supplier fee only; feature completeness and multipliers vary,QUOTAS_VERIFIED; CURRENT_TIER_PRICES_UNVERIFIED,C29;C30;C31;C32,https://www.weatherbit.io/api/weather-forecast-minutely ; https://www.weatherbit.io/pricing ; https://www.weatherbit.io/ ; https://www.weatherbit.io/terms
visual_crossing,Visual Crossing,Timeline LLX Core,Native scale unspecified,Current/hour/day bundled; optional minute data documented,Provider cadence/SLA unverified,General15days; LLX horizon/minute coverage plan confirmation,Minute fields available; radar-nowcast skill/UScoverage unresolved,No independent rain-onset benchmark verified,Global general,LLX recent3day history documented; storage grant plan-dependent,99_CONDITIONAL,99_CONDITIONAL,99_CONDITIONAL,99_CONDITIONAL,Public display plan-dependent,Public viewing != raw distribution; LLX shared cache/archive permission unresolved,Raw redistribution requires appropriate licence,Credit/branding exact plan conditions confirm,LLX99/50M queries conditional; current plan storage/historical weights confirm,18 HTTP requests/MAU/month; supplier fee only; feature completeness and multipliers vary,LLX_SPEC_AND_PRICE_VERIFIED; NOWCAST_SKILL_CACHE_METERING_UNRESOLVED,C26;C27;C38;C39,https://www.visualcrossing.com/weather-data-pricing/ ; https://www.visualcrossing.com/resources/news/visual-crossing-launches-timeline-llx-weather-api-providing-ultra-low-latency-weather-data-for-next-gen-applications/ ; https://www.visualcrossing.com/resources/documentation/weather-api/timeline-llx-weather-api/ ; https://www.visualcrossing.com/weather-services-terms/
