rank,company,apparent_stack,stack_evidence,stack_source_urls,visual_description,visual_page_urls,visual_review_status,licensed_addition,web_sdk_embed_need,ios_android_need,api_data_need,coverage_need,proposed_uptime_percent,operational_requirements,published_retail_anchor,retail_source_url,deal_shape_hypothesis,annual_min_usd,annual_max_usd,unit_rate_min_usd,unit_rate_max_usd,unit_definition,price_basis_and_limit,incumbent_benchmark,ranking_rationale,unverified_items,commercial_status,research_date
1,Terranaut,Mapbox provider/style integration documented; exact browser rendering library/version unverified.,Its series offering explicitly accepts the customer's Mapbox style and key. RaceMap Studio is the former name of Terranaut; it is not Racemap's live-tracking service.,https://www.terranaut.io/ | https://www.racemap.studio/about,"Terrain-led 3D course presentation, colored routes, elevation profiles, aid-station markers and sponsor placements. Its own examples show embedded course pages and flyovers. This is already a visual product; Style B would offer a different neighborhood/event-village look, not fix an obviously broken map.",https://www.terranaut.io/examples,Published material only; no direct screenshot/runtime inspection,Optional urban course/event-village Style B viewer; preserve mountainous terrain and existing route editor.,Iframe plus JavaScript SDK; camera/route animation controls and event callbacks.,"Safari first; native iOS optional, Android browser parity essential.","GPX/KML/GeoJSON ingestion, stable POI IDs, route chainage/elevation, sponsor links and downloadable routes.","Global race corridors, trails, rural terrain and elevation; Denver/Chicago alone cannot replace it.",99.9,"Pre-event cache warming, event-day burst capacity and instant existing-map fallback.","$599/event/year; published monthly view allowance 30,000; series quoted.",https://www.racemap.studio/pricing,"Per upgraded event-year, or a credited OEM annual minimum; alternative 10–20% of the incremental premium feature's net receipts.",3000,12000,60,120,USD/upgraded event/year,"$60–120 is roughly 10–20% of $599 retail. It must buy an explicitly capped view allowance, not unlimited traffic. Per-view billing can exceed retail if the full 30k monthly allowance is used year-round.",A,"Closest fit to a premium branded 3D embed, clear importing workflow and public race pages. Small budgets and global terrain are the main limits.","Customer count, traffic, current Mapbox bill, revenue, willingness to switch and WorldEngine global terrain support.",UNVERIFIED analyst price/requirement/ranking hypothesis; no purchase intent established,2026-10-07
2,Mapme,MapLibre browser rendering documented; configurable MapTiler/Esri/Mapbox styles and Google basemaps. Provider and renderer are separate.,Its support article names MapLibre and describes compatible Mapbox style versions. Custom-basemap guidance lists providers. MapLibre's sponsorship announcement independently corroborates use.,https://mapme.com/support/knowledgebase/how-to-configure-mapbox-styles-for-use-with-mapme/ | https://mapme.com/support/knowledgebase/custom-basemap-styles/ | https://maplibre.org/news/2024-06-28-mapme-announcement/,"Configurable cartographic maps, markers, media panels, category filters, drawings and optional 3D buildings. The example gallery includes campuses, showgrounds, stadiums and property guides. More polished than a bare pin map, but its core is information presentation rather than a weather-lit street scene.",https://mapme.com/interactive-map-examples/ | https://viewer.mapme.com/hampton-classic-demo-map,Published material only; no direct screenshot/runtime inspection,"Selectable live-world basemap for tourism, events, campuses and property storytelling.","SDK integrated into existing viewer/editor, plus unchanged iframe and public URLs.",Phone browser/WebView first; native iOS secondary.,"MapLibre layer/coordinate bridge; CSV/Sheets/CMS updates, feature picking, category filters and stable deep links.",Global places and customer custom sites; first release can be opt-in only where coverage is verified.,99.9,"Accessibility fallback, analytics parity, tenant isolation and origin-restricted embeds.",Annual-billed plans $30/$55/$110 per month equivalent; monthly plans $50/$90/$180.,https://mapme.com/pricing,"$5–20 per upgraded published map/month, with a credited $12–50k annual OEM minimum; alternative 5–15% of incremental upgrade receipts.",12000,50000,5,20,USD/upgraded published map/month,A base $30/month tier cannot absorb a $20 cost unless a separate premium upgrade pays for it. Charge only selected 3D maps; define usage caps and pass-through data costs.,A (tiles only if Mapbox data is retained; MapLibre itself is not billed as Mapbox GL JS),"Strong distribution across multiple place-marketing segments and existing provider choices. Larger integration than Terranaut, but a reusable visual option.","Active paid maps versus created maps, API partner access, exact data contracts and upgrade demand. Standard multi-map accounts forbid resale; negotiate a separate OEM contract.",UNVERIFIED analyst price/requirement/ranking hypothesis; no purchase intent established,2026-10-07
3,CampusTours,Proprietary AnyMap/AnyTour CMS and graphical-map system; Google walking-directions integration documented. Underlying renderer and 3D data provider unverified.,"AnyMap supports varied map artwork. July 2025 version 8.0 release documents GoogleMaps walking directions, accessibility and mobile changes; this does not establish Google 3D Tiles or a Google basemap renderer.",https://campustours.com/anymap | https://campustours.com/press25-anymap-anytour-8,"A mix of campus artwork, vector 3D depictions, satellite/photorealistic presentations, media and panoramic tours. Its AnyTour examples span several aesthetics, so describing all offerings as static or flat would be misleading. A unified live-time campus appearance is the proposed addition.",https://campustours.com/anytour,Published material only; no direct screenshot/runtime inspection,Live campus exterior view alongside existing tours and approved map artwork.,"Embed and SDK retaining campus URLs, tour chapters and CMS controls.",Mobile Safari first; native app integration only if requested by institution.,"Building IDs, parking and accessible routes; existing media/tour metadata; customer models and georeferenced artwork.","Institutions worldwide; campus-by-campus quality approval, recognizable landmark buildings and maintained closures.",99.9,"Keyboard and screen-reader alternatives, text map-layer descriptions, move-in traffic bursts and stable archival links.",Quote required; no current numeric platform price verified.,https://campustours.com/anymap,"$300–1,500 per premium campus/year; credited portfolio minimum $15–60k/year.",15000,60000,300,1500,USD/upgraded campus/year,"Illustrative 20–50 campus portfolio, not a verified installed-base estimate. Artwork/model conversion and maintenance are separately priced; no retail margin can be inferred from a quote-only product.",B for a retained Google web basemap; provider choice unverified,Campus storytelling and differentiated graphics fit Style B. Existing artwork and accessibility requirements slow adoption but give it a credible premium use.,"Renderer, data sources, public pricing, paid installation count, partner appetite and model ownership.",UNVERIFIED analyst price/requirement/ranking hypothesis; no purchase intent established,2026-10-07
4,Racemap,Mapbox basemap/styles documented; proprietary tracking/API layer. Exact GL JS/native rendering implementation unverified.,Product pages show Mapbox attribution/styles; URL parameters use Mapbox zoom conventions. API documents cover current athlete positions and GeoJSON geographic elements.,https://go.racemap.com/ | https://docs.racemap.com/live-tracking/url-parameters | https://docs.racemap.com/api/current | https://docs.racemap.com/api/geo-elements,"Route-centric tracking maps with participant markers, elevation/race-flow information and geographic basemap context. The useful visual hierarchy is athlete position and route visibility; cinematic lighting must never obscure either.",https://go.racemap.com/,Published material only; no direct screenshot/runtime inspection,"Optional spectator presentation, not replacement of safety tracking/Safemap.","SDK/embed that accepts batched live marker updates, replay clock and route styling.",Web first for spectators; existing iOS/Android tracking integrations must remain functional.,"GeoJSON, altitude, position timestamps, delay/interpolation metadata, replay and persistent athlete IDs.",Global race courses including remote terrain and water; modest-city-only coverage rules out a full replacement.,99.95,"Event-window load tests, stale-position labels, failover 2D viewer and low marker-update latency.",€25/map/7-day event plus device and map-load usage charges.,https://go.racemap.com/pricing,"Usage contract $3–8/1,000 premium 3D viewer sessions with credited $10–40k/year minimum; alternative event package priced separately.",10000,40000,3,8,"USD/1,000 premium 3D viewer sessions","At 100k premium sessions/month, variable cost is $300–800/month, or $3,600–9,600/year before a higher minimum. Do not charge every tracking device or every marker update.",A,Clear live data integration and shareable race viewing; budgets and race-day reliability are harder than for static course previews.,"Viewer sessions, retention of proprietary tracking controls, Mapbox volume discounts and customer demand.",UNVERIFIED analyst price/requirement/ranking hypothesis; no purchase intent established,2026-10-07
5,DevSutes,Custom farm-map web application; satellite/custom graphic map inputs documented. Basemap provider and renderer unverified.,"Agritourism pricing distinguishes satellite, supplied-image and custom-graphic plans. Familiar Google/Apple gestures do not prove use of either provider.",https://devsutes.com/agritourism/pricing/ | https://devsutes.com/agritourism/features/,"Property-scale visitor maps using satellite imagery or supplied/commissioned graphics, GPS location and game destinations. Potentially close to an illustrated farm aesthetic. This description comes from vendor product material; the current runtime imagery was not directly inspected.",https://devsutes.com/agritourism/features/,Published material only; no direct screenshot/runtime inspection,"Premium live farm/maze exterior, seasonal appearance and visitor view.",Very small QR-opened mobile embed; keep lightweight 2D fallback.,Safari/Android browser essential; installing a native app should not be required.,"Customer property geometry, georeferenced art, temporary maze paths, attraction statuses and location-dot overlay.","Individual rural farm sites and customer-defined attractions, not just public road/building data.",99.9,"Weak-network resilience, authorized offline cache, seasonal updates and no misleading maze directions.",$220 satellite/$330 supplied image/$660 custom graphic per year; games add $400/year.,https://devsutes.com/agritourism/pricing/,$40–120 per upgraded farm/year; credited annual minimum $2–8k. Alternative 10–20% of premium-option receipts.,2000,8000,40,120,USD/upgraded farm/year,"Upper range is viable only on a premium tier, not necessarily the $220 satellite plan. Include a small explicit view allowance; custom site modeling is additional.",A/B only as external alternatives; actual provider unknown,"Good farm aesthetic/season fit and a manageable private overlay. A small economical deal, not an enterprise revenue anchor.","Current runtime, map providers, customer volume, weak-network rendering and margin available for 3D.",UNVERIFIED analyst price/requirement/ranking hypothesis; no purchase intent established,2026-10-07
6,Hereday,Mapbox turn-by-turn routing documented; basemap/renderer unverified.,"FAQ states that route drawing uses Mapbox routing to follow roads and trails. Routing evidence alone does not identify GL JS, MapLibre, Leaflet or a terrain engine.",https://hereday.io/faq,"Course-planning presentation with route lines, start/finish, water/sponsor markers, elevation and event information. Homepage image description presents a Crystal Lake 5K loop. A 3D village or route preview could add appeal, but its main value is inexpensive event coordination.",https://hereday.io/ | https://hereday.io/getting-started,Published material only; no direct screenshot/runtime inspection,Opt-in paid 3D event overview without changing planning/volunteer workflow.,Shareable viewer and small SDK integration into existing event page.,Browser first; native iOS not a prerequisite.,"Route/waypoint bridge, elevation, event IDs, POIs and existing forecast handoff.",Global roads/trails and organizer-drawn event villages.,99.9,"Low download size, clear volunteer routes and fallback on older phones.",Free tier and $49/event offering.,https://hereday.io/,"$5–15 per published 3D event, credited $1–5k annual minimum; or 10–20% of a separate premium add-on's net receipts.",1000,5000,5,15,USD/published premium 3D event,"A $15 engine cost consumes 31% of the $49 event price before their other costs. This needs premium pricing, a lower wholesale rate or constrained use; never claim obvious willingness to pay.",A for candidate rendering; routing is separately billed,"Small integration and meaningful event overlay fit, but tight price ceiling makes it a modest prospect.","Basemap renderer, event volume, Mapbox routing usage and paid upgrade adoption.",UNVERIFIED analyst price/requirement/ranking hypothesis; no purchase intent established,2026-10-07
7,EventDiagram,Own browser-based 3D scene generated from the same dimensioned event plan; exact graphics library unverified.,"3D feature page describes direct plan-to-3D rendering and camera views. Roadmap lists richer materials and outdoor terrain/trees/tents/sky as future work, not all shipped features.",https://eventdiagram.com/features/3d-event-diagram/ | https://eventdiagram.com/roadmap/,"Dimensioned venue layouts and 3D tables, chairs, stages and screens. This is spatial event previsualization rather than a geospatial neighborhood map. Materials/lighting improvements are on its roadmap; visual claims here do not certify current rendering quality.",https://eventdiagram.com/ | https://eventdiagram.com/features/3d-event-diagram/,Published material only; no direct screenshot/runtime inspection,"Outdoor venue context, sun/time and weather around its existing event objects.",SDK scene module with shared editing/view state; embed remains compatible.,Phone web first; roadmap native phone/iPad capability should not be assumed shipped.,"Dimensioned object schema, units, camera/picking, georeferenced site origin and persistent seat/table IDs.","Private lawns, terraces, vineyards and venue terrain with customer geometry.",99.9,"Keep counts, dimensions and sightlines authoritative; customer overlays private; reliable printable 2D plan.",$9 Solo/$18 Pro 3D/$49 Starter Property/$149 Venue per month.,https://eventdiagram.com/pricing,"$2–6 per premium workspace/month, or $10–25 per outdoor venue/month; credited $3–12k annual minimum.",3000,12000,2,6,USD/premium workspace/month,"At $18/month Pro pricing, the upper workspace rate is a large cost share. Outdoor venue plans are a more plausible buyer than all Pro users; indoor 3D is already built.",A/B for outdoor context only; neither is proven in existing product,"Explicit outdoor roadmap creates a possible build-versus-license opening. Needs a true scene SDK, not just a separate scenic iframe.","Graphics runtime, exact scene export/API, outdoor roadmap timing, paid users and procurement budget.",UNVERIFIED analyst price/requirement/ranking hypothesis; no purchase intent established,2026-10-07
8,OnePlan,"Esri/ArcGIS, Google and Mapbox map sources documented; custom Venue Twin product. Venue Twin graphics runtime unverified.",Maps page names all three providers. Support lists Google Street/Satellite and three Mapbox canvases. Venue Twin combines venue 3D and plans; no primary evidence here establishes Cesium/Unity/Unreal.,https://www.oneplan.io/maps/ | https://support.oneplan.io/using-different-map-canvases-in-oneplan | https://www.oneplan.io/features-old/venue-twin/,"Operational objects over cartographic or satellite canvases, alongside detailed venue-twin presentations. Style B is a possible surrounding context/visitor presentation, not automatically better than a photorealistic venue twin for operational review.",https://www.oneplan.io/maps/ | https://www.oneplan.io/features-old/venue-twin/,Published material only; no direct screenshot/runtime inspection,Optional live surrounding-world layer and public event visitor map.,"SDK integrated with existing object tools, plan layers and controlled shared links.",Web/tablet authoring and phone viewing; native iOS secondary.,"Object catalogue IDs, local CAD coordinates, WGS84 transform, measurements, terrain clipping and plan export.",Global venues plus exact customer-supplied site/CAD data.,99.95,"Dedicated support, authoritative operation layers, coordinate regression checks and public/private separation.",Pro $99/month or $984/year; Team $90/seat/month or $900/seat/year; enterprise quoted.,https://www.oneplan.io/pricing/,"$25–100 per premium site/month or $25–100k annual defined-portfolio license; alternatives, not additive.",25000,100000,25,100,USD/premium site/month,"Higher price justified only for a paid module/customer use, not every low-tier seat. Existing multiple providers lower conceptual switching friction but not object/model integration cost.",A/B/C depending on retained provider,Potential deal size and mature workflows; deeper integration and an existing 3D product weaken early sales speed.,"Venue Twin renderer, supplier rights, partner API availability, active site counts and actual provider bills.",UNVERIFIED analyst price/requirement/ranking hypothesis; no purchase intent established,2026-10-07
9,Concept3D,Custom campus renderings over OSM or Google map tiles documented; current live 3D runtime and geometry provider unverified.,Map-platform overview describes base tiles under custom renderings. Update documentation explains rendering/model changes. Q1 2026 release adds 2D/3D/360 basemap toggles; this alone does not prove Google 3D Tiles or Cesium.,https://help.concept3d.com/hc/en-us/articles/360017771254-Concept3D-Map-Platform-Overview | https://help.concept3d.com/hc/en-us/articles/360001865534-How-Do-I-Make-Map-Updates | https://help.concept3d.com/hc/en-us/articles/48374183587603-2026-Q1-Interactive-Map-Release-Notes,"Bespoke campus renderings, POI/category navigation and linked panoramic experiences. Already sells a polished, branded place representation. Live weather/time is a potential extension; generic procedurally modeled houses would not replace recognizable campus architecture.",https://concept3d.com/concept3d-vs-google-maps/,Published material only; no direct screenshot/runtime inspection,Premium live exterior mode retaining institution-approved custom models and CMS.,"Hosted embed/SDK with current deep links, navigation and authenticated institution controls.",Responsive web first; native integration optional.,"Building/POI IDs, existing model and media assets, closures/routes, CMS updates and camera state.",Maintained customer campuses globally; landmark fidelity and licensed custom geometry required.,99.95,"WCAG-compatible text/route alternatives, SSO where applicable, institutional support and backward-compatible URLs.",Interactive map plans are quote-only.,https://concept3d.com/interactive-virtual-experiences/pricing/,"$500–2,000 per premium campus/year or $30–120k annual portfolio license.",30000,120000,500,2000,USD/premium campus/year,"Retail is unknown; this is an OEM price hypothesis, not a measured percentage of their subscriptions. Existing artwork conversion/model upkeep is separate.",B for Google tile deployments; OSM data does not establish hosting cost,"Relevant distribution and potential higher budgets, but their visual product is core differentiation and replacement carries considerable migration cost.","Live renderer versus rendered artwork by deployment, installed paid campuses, contractual model rights and switching appetite.",UNVERIFIED analyst price/requirement/ranking hypothesis; no purchase intent established,2026-10-07
10,cmBuilder,"Mapbox terrain/flat maps and Google 3D Tiles explicitly documented; own construction scene tools, graphics runtime unverified.","August 2026 support names both sources and warns that switching changes scenario elevations. September 2026 display guidance distinguishes textured satellite/cartographic maps, surrounding massings and extended Google context.",https://support.cmbuilder.io/hc/en-us/articles/15373918808859-0-4-Update-Map-Data | https://support.cmbuilder.io/hc/en-us/articles/15339756676251-0-2-1-Display-Settings,"Engineering site scenes with BIM/resources/excavations and either white surrounding building masses or Google photorealistic context. This is already 3D/4D. WorldEngine could supply a clearer contextual presentation, but exact site geometry matters more than attractive neighborhood scenery.",https://www.cmbuilder.io/ | https://support.cmbuilder.io/hc/en-us/articles/15339756676251-0-2-1-Display-Settings,Published material only; no direct screenshot/runtime inspection,"Optional clean site surroundings/public presentation layer, retaining surveyed terrain and BIM.",SDK embedded in existing scene/presentation; do not replace construction simulation.,Desktop/tablet authoring and smartphone viewing; native iOS not primary.,"Local origin/vertical datum/UTM transforms, clipping, exact BIM/scan overlays, 4D schedule and picking.","Global construction sites, including custom survey terrain beyond map-provider coverage.",99.95,"Regional hosting/SSO requirements, geometry/elevation compatibility, export rights and enterprise support.","Standard $416/month and Premium $816/month, billed annually, each including five active projects; enterprise quoted.",https://www.cmbuilder.io/,$20–75 per upgraded active project/month; credited $25–100k annual OEM license.,25000,100000,20,75,USD/upgraded active project/month,"Five projects imply $100–375/month engine expense, substantial against $416 Standard. Needs an additional paid presentation tier or volume discount; don't imply savings against Google without traffic.",A/C; both provider integrations verified,"Budget and existing source integration are promising, but they've already solved 3D and exact elevation migration is expensive. Style B may be a niche presentation mode.","Runtime, provider volumes/discounts, rights to derived geometry, demand for stylized surroundings and integration effort.",UNVERIFIED analyst price/requirement/ranking hypothesis; no purchase intent established,2026-10-07
11,RaceJoy,Google native maps documented in a 2024 RunSignup presentation; current 2026 native map library/version unverified.,"RunSignup's 2024 roadshow material describes native Google maps on Apple/Android phones. Current RaceJoy pages document GPS tracking, course creation and timer workflows; do not infer current stack solely from a historical deck.",https://info.runsignup.com/wp-content/uploads/sites/3/2024/05/Presentation.2024-05-29.RunSignup-Roadshow-Pittsburgh-compressed.pdf | https://www.racejoy.net/raceadmin,"GPS race tracking with course maps, participant location, progress and spectator functions. Current publisher app-store screenshots are linked for review; this research did not directly inspect their pixels. A dramatic 3D course scene is secondary to a readable, dependable tracker.",https://play.google.com/store/apps/details?hl=en&id=com.racejoy.racejoy | https://www.racejoy.net/raceadmin,Published material only; no direct screenshot/runtime inspection,Premium spectator/event-village mode beside the existing operational map.,Spectator embed useful; native viewer SDK needed for a genuine in-app switch.,Native iOS AND Android integration essential for replacement; background GPS/battery handling unchanged.,"Live positions/progress/route IDs, replay, MeetUp/spectator interactions and certified timer setup.","All supported race areas and routes, including remote terrain; fallback where 3D coverage fails.",99.95,Race-day escalation and burst capacity; stale GPS indicators; native crash/battery tests; 2D fallback.,"Event tiers $750/$1,500/$2,500/$5,000/$7,500 by participation band; includes broader race services.",https://www.racejoy.net/pricing,"$0.005–0.02 per premium active 3D viewer per event, credited $20–75k annual minimum.",20000,75000,0.005,0.02,USD/premium active 3D viewer/event,"At 100k qualifying viewer-events/month, $500–2,000/month variable cost. Broader race package retail is not renderer budget; Google native base Maps SDK SKU has no usage charge.",D,"High potential distribution but native cross-platform integration, operational risk and a free incumbent base-map SKU make it a difficult first license.","Current stack, native SDK integration cost, viewer counts and willingness to charge a premium.",UNVERIFIED analyst price/requirement/ranking hypothesis; no purchase intent established,2026-10-07
12,Shadowmap,Historical company job posting says engine uses three.js; current runtime unverified. Product lists several terrain providers and Google 3D buildings.,"Company-authored recruiting PDF names three.js. Current comparison lists Nextzen variants, Mapbox, Esri and Stadia terrain. Studio includes Google 3D buildings; no claim that all geometry is Google-derived.",https://www.cg.tuwien.ac.at/sites/default/files/news/9272/Shadowmap%20Job%20Offer%20-%20Senior%203D%20Developer.pdf | https://shadowmap.org/learn/shadow-analysis-tools-comparison | https://shadowmap.org/pricing,"Global analytical sun/shadow views, editable buildings/objects and optional Google 3D context. Shadows communicate obstruction and solar access. Softly stylized display geometry could be attractive, but cannot substitute for physically correct occluders in its analysis.",https://shadowmap.org/ | https://shadowmap.org/pricing,Published material only; no direct screenshot/runtime inspection,"Display-only Style B mode, or reciprocal sun-data/engine partnership.",Scene SDK plus analytical API bridge; existing analytical renderer retained.,Web first; iOS integration secondary.,"Separate exact occluder geometry, UTC/location/height, solar queries with confidence/update metadata; weather only as separately labeled atmosphere.",Global sun analysis and supported buildings/terrain; no silent gaps or visual mesh substitutions.,99.9,"Analysis/display version separation, licensed source chain and explicit weather versus geometric shadow semantics.",Studio page displays 60/month or 600/year and additional projects from 25/month; currency symbol not verified in accessible text.,https://shadowmap.org/pricing,"$10–40k/year for a limited display module, or 10–20% of attributable display-upgrade receipts; reciprocal API licensing may fit better.",10000,40000,,,Annual display-module contract; unit price not proposed,They themselves offer a solar API and have an established engine. Treat as a potential complementary supplier/co-seller rather than assume they want to buy a replacement.,C where Google content retained; other data bills unknown,Strong visual overlap but weak buy-versus-build case; analysis could be harmed by styling. More plausible partner than early customer.,"Current graphics runtime, proprietary analysis economics, Google-content rights and desire for an external display layer.",UNVERIFIED analyst price/requirement/ranking hypothesis; no purchase intent established,2026-10-07
13,Felt,"MapLibre rendering, Tippecanoe/PMTiles-related tooling and proprietary Felt Style Language documented; not proven Mapbox GL JS billing.",Its 2023 engineering article describes migration to MapLibre and translating Felt styles. Current about page names MapLibre and Tippecanoe. Exact current package versions unverified.,https://felt.com/blog/maplibre-rendering-engine | https://felt.com/about | https://www.felt.com/open-source,"Data-led cartographic/vector/raster mapping with configurable thematic layers, labels and shared analytics. The value is reliable exploration of geographic data, not lifelike houses. Style B could be an optional spatial story view, but may make dense GIS content harder to interpret.",https://felt.com/ | https://www.felt.com/compare/mapbox,Published material only; no direct screenshot/runtime inspection,"Customer-requested optional 3D storytelling connector, not replacement of GIS renderer.",Authenticated SDK/embed extension retaining query/picking and existing layer grammar.,Web plus compatibility with its field/mobile workflows; iOS-only offer insufficient.,"Vector/raster layers, projections, FSL semantics, query/SQL/API connections, data permissions and exports.","Global customer GIS extents, own datasets and regional compliance requirements.",99.95,"Tenant access controls, residency/security, large-layer performance, analytics parity and enterprise support.","Commercial plans quote-based, annual starting team structure described as ten seats/unlimited viewers; Personal free is noncommercial.",https://www.felt.com/pricing,$25–100k annual optional enterprise connector; alternative $100–500 per upgraded customer tenant/year.,25000,100000,100,500,USD/upgraded customer tenant/year,No verified retail dollar price or 3D module demand. An engineering-heavy company on an open renderer needs a specific customer requirement before these ranges are actionable.,A only for retained Mapbox data services; open renderer license itself is not a GL JS bill,"Least compelling engine buyer: mature rendering team, different visual priorities and heavy GIS integration. Could distribute an extension if customers explicitly require it.","3D product roadmap, paying tenants, partner SDK appetite, actual infrastructure costs and demand.",UNVERIFIED analyst price/requirement/ranking hypothesis; no purchase intent established,2026-10-07
