segment,provider,relationship,published_capabilities,limits_or_differentiation,source_url,verification_status,checked_on
Cross-segment,Mapme,Near: no-code interactive place maps,"Map layers, 3D buildings, imports, embeds and roles",Prepared Style B live-weather scene not established,https://mapme.com/pricing/,verified vendor capability,2026-10-07
Cross-segment,Felt,Near: collaborative no-code GIS,"Layers, collaboration, embeds and live data connections",Commercial annual contract; Personal cannot be used for business,https://www.felt.com/pricing,verified vendor capability,2026-10-07
Cross-segment,ArcGIS Scene Viewer / Experience Builder,Direct horizontal geographic 3D authoring,"3D base/custom layers, sharing, daylight/weather controls and no-code app templates",Weather controls are visual settings; automatic live feed not established,https://doc.arcgis.com/en/arcgis-online/get-started/view-scenes.htm,verified documentation,2026-10-07
Cross-segment,Shadowmap,Direct real-place 3D/sun editor,"Edit buildings/trees, place objects, choose date/time; Studio embeds; weather/UV information",Strong overlap; currency not verified; usability and forecast integration not independently tested,https://shadowmap.org/pricing,verified vendor capability; price partlyverified,2026-10-07
Cross-segment,Twinmotion,Near: 3D visualizer,"Asset library, time/weather visualization and Cloud presentations",Usually requires a model; paid Cloud; no turnkey real-place start verified,https://www2.twinmotion.com/license,verified licence; workflow overlap inference,2026-10-07
Cross-segment,Shapespark,Near: browser 3D scene presentation,"Windows/cloud editor, hosted embedded scenes and team branding",Authored models; real-place generation/live weather not established,https://www.shapespark.com/pricing,verified vendor capability,2026-10-07
Race/endurance organizers,Terranaut Racing Maps,Direct: no-code 3D course map,"Route upload, POIs, flyover, iframe and sponsor placements",$599/year/event; direct competition rather than a new category,https://www.racemap.studio/pricing,verified vendor capability,2026-10-07
Race/endurance organizers,Hereday,Near: course/operations maps,"Weather, elevation, volunteer and spectator views",Low-cost $49/event substitute for many jobs,https://hereday.io/,verified vendor capability,2026-10-07
Race/endurance organizers,Plotaroute,Near: route builder,"GPX/KML, print tools and collections",Free and $27/year options create a low price floor,https://www.plotaroute.com/mobile/subscribe,verified price,2026-10-07
Race/endurance organizers,RaceJoy,Near: GPS race tracking,"Tracking, alerts, interactive course and timer distribution",Tracking budgets cannot be treated as creator-map willingness to pay,https://www.racejoy.net/pricing,verified vendor capability,2026-10-07
Race/endurance organizers,Racemap,Near: GPS event tracking,"Event maps, devices and API",Usage pricing; different operational product,https://go.racemap.com/pricing,verified vendor capability,2026-10-07
Weddings/venues/events,Cvent Event Diagramming,Direct: event-place layout,"To-scale plans, collaboration and enterprise 3D",Incumbent workflows extend beyond outdoor visitor views,https://www.cvent.com/en/event-marketing-management/cvent-event-design-software/pricing,verified,2026-10-07
Weddings/venues/events,EventDiagram,Direct: no-code layout and 3D,"Dimensioned objects, site plans, links and approvals",3D at $18/month creates price pressure,https://eventdiagram.com/pricing/,verified,2026-10-07
Weddings/venues/events,Planning Pod,Near: venue operations and layouts,"Floor plans, BEOs, contracts and venue workflow",Suite price is not diagramming-only price,https://planningpod.com/,verified vendor range/capability,2026-10-07
Weddings/venues/events,Aisle Planner,Near: wedding workflow,"Client portal, timelines and layouts/seating",Broader workflow creates switching friction,https://aisleplanner.com/pricing/,verified,2026-10-07
Weddings/venues/events,Prismm / Allseated,Historical direct competitor; Cvent migration,Spatial event design acquired by Cvent in 2025,"New event creation cutover August 26, 2026; existing edits through June 2027",https://community.cvent.com/solution-evolution/cvent-event-diagramming-resources,verified currenttransition,2026-10-07
Construction/site logistics,cmBuilder,Direct: no-code 3D/4D site planning,"Address context, drawings/BIM, massing, object kit, timelines and live links",Strong central overlap; professional operational requirements,https://support.cmbuilder.io/hc/en-us/articles/38388655826715-0-2-Create-Your-First-Site-Plan,verified,2026-10-07
Construction/site logistics,Bluebeam,Near: PDF logistics planning,"2D markup, measurement and collaboration",Entrenched site-plan workflow,https://www.bluebeam.com/workflows/site-logistics/,verified,2026-10-07
Construction/site logistics,SketchUp,Near: general 3D modeling,"Models, premade objects and viewing",More manual model creation,https://sketchup.trimble.com/en/plans-and-pricing,verified,2026-10-07
Construction/site logistics,Autodesk Forma Site Design / Build,Near: site analysis and construction workflow,"Site context, massing, environmental analysis and Build coordination",Construction Cloud branding now Forma; Site Design price partly verified,https://construction.autodesk.com/pricing/,verified branding; price partlyverified,2026-10-07
Construction/site logistics,DroneDeploy,Near: reality capture,Drone actual-site capture and design overlays,Capture cost separate; conceptual parts not primary workflow,https://dronedeploy.com/pricing,verified,2026-10-07
Construction/site logistics,HammerTech,Near: logistics coordination,Delivery and crane scheduling,Price unverified,https://www.hammertech.com/en-us/platform/construction-logistics,verified vendor page;priceunverified,2026-10-07
Farms/agritourism,DevSutes,Near: farm visitor GPS map,"Satellite, supplied image or illustrated property maps; games",$220–660/year sector price anchor,https://devsutes.com/agritourism/pricing/,verified,2026-10-07
Farms/agritourism,Farmbrite,Near: farm operations mapping,"Fields, enclosures, buildings, GIS, notes/tasks and offline scouting",Operational farming rather than visitor 3D,https://www.farmbrite.com/farm-mapping,verified,2026-10-07
Farms/agritourism,Maize Quest Maze Tracker,Near: maze GPS game,GPS maze game for Maize Quest clients,$599 amount; billing period unverified,https://mazecatalog.com/products/game-maze-tracker.php,partly verified price,2026-10-07
Farms/agritourism,FindYourWayz,Near: venue GPS/maze platform,"Overlays, checkpoints, QR and leaderboards",Custom quote,https://findyourwayz.com/platform,verified vendor capability,2026-10-07
Campuses/stadiums/tourism,Concept3D,Direct: interactive place CMS/3D overlay,"Map CMS, wayfinding, overlays and enterprise feeds/authentication",Quote-led institutional incumbent,https://concept3d.com/interactive-virtual-experiences/pricing/,verified,2026-10-07
Campuses/stadiums/tourism,CampusTours,Near: place-map and tour CMS,"Mobile/GPS maps, overlays, panoramas and tours",Numeric price unverified,https://campustours.com/anytour,verified vendor capability,2026-10-07
Campuses/stadiums/tourism,OnePlan,Direct: no-code event site planning,"To-scale object kit, overlays, sharing, exports and roles",oneplan.io; do not confuse oneplan.ai,https://www.oneplan.io/pricing/,verified,2026-10-07
Campuses/stadiums/tourism,VenueTwin,Direct: venue digital twin,Venue planning and sales twin,Public price and self-serve availability unverified,https://www.venuetwin.com/,verified vendor positioning,2026-10-07
Campuses/stadiums/tourism,SeatSun,Near: stadium sun/shade,Game-time shaded sections,Vendor claim; accuracy and prices unverified,https://seatsun.com/,vendor claim only,2026-10-07
Real estate/proptech,Zillow 3D Home,Near: free residential tour,"Panoramas, floor plans, hosting and unbranded MLS links",Native tour placement differs from third-party links,https://www.zillow.com/3d-home/faq/,verified,2026-10-07
Real estate/proptech,Matterport,Near: captured spatial tour,"Reality capture, hosted spaces and scoped permissions",Camera/capture/add-ons separate; not a parts editor,https://matterport.com/plans?destination=user,verified,2026-10-07
Real estate/proptech,CloudPano,Near: no-code panorama tour,"Hotspots, embed, branding/privacy and MLS clones",Official pricing variants conflict,https://help.cloudpano.com/en/articles/5757713-what-is-the-cost-for-cloudpano,verified capability;priceconflict,2026-10-07
Real estate/proptech,3DVista,Near: no-code tour authoring,Photo/CAD tours and self-hosting option,Prepared real-place generation not established,https://www.3dvista.com/en/products/virtualtour,verified,2026-10-07
Real estate/proptech,Planner 5D,Near: no-code 3D designed spaces,"Asset kit, plans, renders and walkthroughs",Designed spaces rather than prepared real neighbourhood,https://planner5d.com/pricing,verified,2026-10-07
Real estate/proptech,ShadeMap,Near: geographic shadow editor,"Draw building, set height and view global shadows",Approximate default geometry; premium price unverified,https://shademap.app/help/,verified limitations,2026-10-07
Real estate/proptech,Giraffe,Direct: geographic development massing,"Map-based constraints/massing, CAD/PDF and daylight",Feasibility analysis focus; paid price unverified,https://www.giraffe.build/real-estate-feasibility-software/,verified vendor positioning,2026-10-07
Real estate/proptech,Kuula,Near: panorama tour builder,"Private/password/unlisted tours, branding and embed",Current plan prices unverified,https://kuula.co/page/pricing,verified vendor features;priceunverified,2026-10-07
Cross-segment,Google Earth / Google My Maps,Near: map/3D presentation,KML/layers and context viewing,Review specific service rights; no extracting Google content into WorldEngine,https://www.google.com/help/terms_maps/,verified terms;scopecomparisoninference,2026-10-07
