segment,provider,plan,amount,currency,billing_unit,scope_and_qualification,verification_status,source_url,checked_on
Race/endurance organizers,Plotaroute,Premium,27,USD,year,One creator subscription; free option also exists,verified,https://www.plotaroute.com/mobile/subscribe,2026-10-07
Race/endurance organizers,Hereday,Pro,49,USD,event,One edition; another edition requires repurchase,verified,https://hereday.io/,2026-10-07
Race/endurance organizers,Terranaut Racing Maps,Event,599,USD,event/year,"30,000 views/month; multiple distances in one event",verified,https://www.racemap.studio/pricing,2026-10-07
Race/endurance organizers,RaceJoy,"Up to 1,000 participants",750,USD,event,"GPS tracking via certified timers; ≤50 miles, two days and three courses",verified,https://www.racejoy.net/pricing,2026-10-07
Race/endurance organizers,RaceJoy,"Up to 3,000 participants",1500,USD,event,GPS tracking; materially different scope from a creator map,verified,https://www.racejoy.net/pricing,2026-10-07
Race/endurance organizers,RaceJoy,"Up to 10,000 participants",2500,USD,event,GPS tracking; materially different scope from a creator map,verified,https://www.racejoy.net/pricing,2026-10-07
Race/endurance organizers,RaceJoy,"Up to 20,000 participants",5000,USD,event,GPS tracking; materially different scope from a creator map,verified,https://www.racejoy.net/pricing,2026-10-07
Race/endurance organizers,RaceJoy,"Above 20,000 participants",7500,USD,event,GPS tracking; negotiated discounts possible,verified,https://www.racejoy.net/pricing,2026-10-07
Race/endurance organizers,Racemap,Base map,25,EUR,7dayevent,"Plus VAT; €10/10 devices after 10; €10/1,000 loads after 1,000; €50 setup",verified,https://go.racemap.com/pricing,2026-10-07
Race/endurance organizers,RunSignup,Registration,,USD,transaction,Typical transactions below $250: 6% + $1/cart; no upfront organizer platform fee; usually participant paid,verified,https://info.runsignup.com/2025/07/21/how-much-does-runsignup-cost/,2026-10-07
Weddings/venues/events,Cvent Event Diagramming,Standard,49,USD,month,12-month commitment; annual payment $480,verified,https://www.cvent.com/en/event-marketing-management/cvent-event-design-software/pricing,2026-10-07
Weddings/venues/events,Cvent Event Diagramming,Pro,150,USD,month,"12-month commitment; annual payment $1,500",verified,https://www.cvent.com/en/event-marketing-management/cvent-event-design-software/pricing,2026-10-07
Weddings/venues/events,Cvent Event Diagramming,Premium,320,USD,month,"12-month commitment; annual payment $3,500",verified,https://www.cvent.com/en/event-marketing-management/cvent-event-design-software/pricing,2026-10-07
Weddings/venues/events,EventDiagram,Solo,9,USD,month,Monthly cancellation,verified,https://eventdiagram.com/pricing/,2026-10-07
Weddings/venues/events,EventDiagram,Pro,18,USD,month,Three editors; 3D included,verified,https://eventdiagram.com/pricing/,2026-10-07
Weddings/venues/events,EventDiagram,Venue Starter,49,USD,property/month,Monthly cancellation,verified,https://eventdiagram.com/pricing/,2026-10-07
Weddings/venues/events,EventDiagram,Venue,149,USD,property/month,Venue/property subscription,verified,https://eventdiagram.com/pricing/,2026-10-07
Weddings/venues/events,Planning Pod,Typical single location,,USD,month,Published typical range $199–319/month; full venue operations suite; volume-based quote,vendor published range,https://planningpod.com/,2026-10-07
Weddings/venues/events,Aisle Planner,Up to 15 projects,69.99,USD,month,Layouts/seating included; $49.99 sales-only plan excludes project management,verified,https://aisleplanner.com/pricing/,2026-10-07
Construction/site logistics,cmBuilder,Standard,416,USD,month,Annual billing; five active projects; unlimited users,verified,https://www.cmbuilder.io/,2026-10-07
Construction/site logistics,cmBuilder,Premium,816,USD,month,Five active projects; five extra active projects $250/month,verified,https://www.cmbuilder.io/,2026-10-07
Construction/site logistics,Bluebeam,Basics,260,USD,user/year,PDF,verified,https://www.bluebeam.com/pricing/,2026-10-07
Construction/site logistics,Bluebeam,Core,330,USD,user/year,PDF,verified,https://www.bluebeam.com/pricing/,2026-10-07
Construction/site logistics,Bluebeam,Complete,440,USD,user/year,PDF,verified,https://www.bluebeam.com/pricing/,2026-10-07
Construction/site logistics,SketchUp,Go,129,USD,user/year,"$10.75/month equivalent, billed annually",verified,https://sketchup.trimble.com/en/plans-and-pricing,2026-10-07
Construction/site logistics,SketchUp,Pro,399,USD,user/year,"$33.25/month equivalent, billed annually",verified,https://sketchup.trimble.com/en/plans-and-pricing,2026-10-07
Construction/site logistics,DroneDeploy,Individual Flight & Analysis,4188,USD,year,Individual capture plan; unified construction plans quote-only; not enterprise-equivalent,verified,https://dronedeploy.com/pricing,2026-10-07
Construction/site logistics,Autodesk Forma Site Design,Annual,700,USD,year,Overview shows $700/year or $85/month; purchase page unresolved; reconfirm,partly verified,https://www.autodesk.com/products/forma-site-design/overview?tab=subscription&term=1-YEAR,2026-10-07
Construction/site logistics,Autodesk Forma Build,Essentials,800,USD,user/year,Monthly billing $100/user; broader construction workflow,verified,https://www.autodesk.com/products/forma-build/buy,2026-10-07
Cross-segment,Mapme,Starter,30,USD,month,"$360 annual payment; monthly billing $50; 10,000 monthly views soft limit; one published map",verified,https://mapme.com/pricing/,2026-10-07
Cross-segment,Mapme,Professional,55,USD,month,$660 annual payment; monthly billing $90,verified,https://mapme.com/pricing/,2026-10-07
Cross-segment,Mapme,Expert,110,USD,month,"$1,320 annual payment; monthly billing $180; three users",verified,https://mapme.com/pricing/,2026-10-07
Cross-segment,Felt,Commercial,,USD,annualcontract,Annual commercial quote; 10 seats; unlimited viewers; Personal plan forbids business use,quote only,https://www.felt.com/pricing,2026-10-07
Cross-segment,Twinmotion,Seat with Cloud,445,USD,seat/year,Free eligibility below $1 million annual revenue; Cloud requires a paid seat,verified,https://www2.twinmotion.com/license,2026-10-07
Cross-segment,Shapespark,Starter,228,USD,year,$19/month annual equivalent; three hosted slots; authored scenes rather than prepared real places,verified,https://www.shapespark.com/pricing,2026-10-07
Cross-segment,Shapespark,Standard,588,USD,year,$49/month annual equivalent; 25 hosted slots,verified,https://www.shapespark.com/pricing,2026-10-07
Cross-segment,Shadowmap,Studio,600,UNVERIFIED,year,60/month or 600/year; one project; extra projects from 25/month; currency not verified,partly verified,https://shadowmap.org/pricing,2026-10-07
Farms/agritourism,DevSutes,Satellite,220,USD,year,Mobile GPS farm map,verified,https://devsutes.com/agritourism/pricing/,2026-10-07
Farms/agritourism,DevSutes,Customer-provided image,330,USD,year,Mobile GPS farm map,verified,https://devsutes.com/agritourism/pricing/,2026-10-07
Farms/agritourism,DevSutes,Customgraphic,660,USD,year,Custom property graphic; games add-on $400/year,verified,https://devsutes.com/agritourism/pricing/,2026-10-07
Farms/agritourism,Maize Quest Maze Tracker,Client add-on,599,USD,UNVERIFIEDterm,Restricted to Maize Quest clients; billing period unverified,partly verified,https://mazecatalog.com/products/game-maze-tracker.php,2026-10-07
Farms/agritourism,Farmbrite Grower,Essentials,29,USD,month,Annual payment $290; farm operations rather than visitor maps,verified,https://www.farmbrite.com/pricing,2026-10-07
Farms/agritourism,Farmbrite Grower,Performance,39,USD,month,Annual payment $390,verified,https://www.farmbrite.com/pricing,2026-10-07
Farms/agritourism,Farmbrite Grower,Premium,59,USD,month,Annual payment $590,verified,https://www.farmbrite.com/pricing,2026-10-07
Farms/agritourism,FindYourWayz,Venue,,USD,quote,GPS/QR maze platform; custom quote,quote only,https://findyourwayz.com/platform,2026-10-07
Farms/agritourism,The MAiZE,Level1,2900,USD,UNVERIFIEDterm,"Service bundle, not software-only; Level 2 $5,400 and Level 3 $7,400; term unverified",partly verified,https://themaize.com/collections/levels,2026-10-07
Campuses/stadiums/tourism,Concept3D,InteractiveMap,,USD,quote,All map plans quote-only; Professional includes 3D overlay,quote only,https://concept3d.com/interactive-virtual-experiences/pricing/,2026-10-07
Campuses/stadiums/tourism,CampusTours,AnyMap/AnyTour,,USD,quote,No public numeric price verified,unverified price,https://campustours.com/,2026-10-07
Campuses/stadiums/tourism,OnePlan,Pro,99,USD,month,Annual payment $984 ($82/month equivalent); free one event/25 objects,verified,https://www.oneplan.io/pricing/,2026-10-07
Campuses/stadiums/tourism,OnePlan,Team,90,USD,seat/month,Annual payment $900/seat ($75/month equivalent); oneplan.ai is unrelated,verified,https://www.oneplan.io/pricing/,2026-10-07
Campuses/stadiums/tourism,VenueTwin,Venue,,USD,quote,No public numeric price verified,unverified price,https://www.venuetwin.com/,2026-10-07
Real estate/proptech,Zillow 3D Home,Creation/publication/hosting,0,USD,ongoing,Capture equipment/labor separate; unbranded MLS links supported,verified,https://www.zillow.com/3d-home/faq/,2026-10-07
Real estate/proptech,Matterport,Starter starting,12,USD,month,Annual-billed starting price; monthly alternative $14; active-space quantity affects price,verified,https://matterport.com/plans?destination=user,2026-10-07
Real estate/proptech,Matterport,Professional starting,58,USD,month,Annual-billed starting price; monthly alternative $69; 20–150 spaces range is not all included at entry price,verified,https://matterport.com/plans?destination=user,2026-10-07
Real estate/proptech,Matterport,Business starting,296,USD,month,Annual-billed starting price; monthly alternative $355; 100–300 spaces range depends on tier,verified,https://matterport.com/plans?destination=user,2026-10-07
Real estate/proptech,CloudPano,Pro,27,USD,month,Help page price; marketing page advertises from $19/month annually; checkout reconfirmation needed,conflicting official pages,https://help.cloudpano.com/en/articles/5757713-what-is-the-cost-for-cloudpano,2026-10-07
Real estate/proptech,CloudPano,Pro Plus,33,USD,month,Annual billing; 360 tour authoring rather than prepared neighbourhood 3D,verified help price,https://help.cloudpano.com/en/articles/5757713-what-is-the-cost-for-cloudpano,2026-10-07
Real estate/proptech,3DVista,Virtual Tour Pro,499,USD,one-time,Optional hosting from €99/year; capture labor separate; introductory hosting duration conflicts,verified,https://www.3dvista.com/en/store,2026-10-07
Real estate/proptech,Planner 5D,Professional,49.99,USD,month,Annual Professional $399.99; Premium $19.99/month or $59.99/year; free plan $0,verified,https://planner5d.com/pricing,2026-10-07
Real estate/proptech,ShadeMap,Premium data,,USD,quote/km2,Premium data priced per km²; amount unverified; default geometry approximate,unverified price,https://shademap.app/help/,2026-10-07
Real estate/proptech,Giraffe,Organization,,USD,quote,Free exploration advertised; paid organizational amount unverified,unverified price,https://www.giraffe.build/real-estate-feasibility-software/,2026-10-07
Real estate/proptech,Kuula,Commercialtour,,USD,unverified,About page says starting $20/month; current plan ladder unverified,unverified price,https://kuula.co/page/pricing,2026-10-07
Race/endurance organizers,WorldEngine proposed,Event publish,149,USD,event/90days,"One edition for 90 days; multiple courses; 3 editors; 30,000 viewer loads; price, scope and usage caps are unvalidated; assisted setup separate",HYPOTHESIS: unvalidated,Authored recommendation,2026-10-07
Race/endurance organizers,WorldEngine proposed,Small series,499,USD,year,"Four event editions/year; 3 editors; 120,000 aggregate viewer loads/year; price, scope and usage caps are unvalidated; assisted setup separate",HYPOTHESIS: unvalidated,Authored recommendation,2026-10-07
Race/endurance organizers,WorldEngine proposed,Organizer business,99,USD,month,"Three active events; 5 editors; 30,000 viewer loads/month; price, scope and usage caps are unvalidated; assisted setup separate",HYPOTHESIS: unvalidated,Authored recommendation,2026-10-07
Weddings/venues/events,WorldEngine proposed,Planner event,49,USD,event/90days,"One outdoor venue/event for 90 days; rain-plan variants; 10,000 viewer loads; price, scope and usage caps are unvalidated; assisted setup separate",HYPOTHESIS: unvalidated,Authored recommendation,2026-10-07
Weddings/venues/events,WorldEngine proposed,Venue,79,USD,site/month,"One site; 3 editors; reusable layouts; 10,000 viewer loads/month; price, scope and usage caps are unvalidated; assisted setup separate",HYPOTHESIS: unvalidated,Authored recommendation,2026-10-07
Weddings/venues/events,WorldEngine proposed,Business,199,USD,month,"Five sites; 10 editors; 50,000 viewer loads/month; price, scope and usage caps are unvalidated; assisted setup separate",HYPOTHESIS: unvalidated,Authored recommendation,2026-10-07
Farms/agritourism,WorldEngine proposed,Season,249,USD,site/120days,"One seasonal site for 120 days; 30,000 viewer loads; price, scope and usage caps are unvalidated; assisted setup separate",HYPOTHESIS: unvalidated,Authored recommendation,2026-10-07
Farms/agritourism,WorldEngine proposed,Year-round,39,USD,site/month,"One site; $390 annual option; 10,000 viewer loads/month; price, scope and usage caps are unvalidated; assisted setup separate",HYPOTHESIS: unvalidated,Authored recommendation,2026-10-07
Farms/agritourism,WorldEngine proposed,Business,149,USD,month,"Five sites; roles; 50,000 viewer loads/month; price, scope and usage caps are unvalidated; assisted setup separate",HYPOTHESIS: unvalidated,Authored recommendation,2026-10-07
Real estate/proptech,WorldEngine proposed,Listing companion,39,USD,listing/90days,"One exterior listing for 90 days; unbranded link; 3,000 viewer loads; price, scope and usage caps are unvalidated; assisted setup separate",HYPOTHESIS: unvalidated,Authored recommendation,2026-10-07
Real estate/proptech,WorldEngine proposed,Community,49,USD,site/month,"One community site/embed; 10,000 viewer loads/month; price, scope and usage caps are unvalidated; assisted setup separate",HYPOTHESIS: unvalidated,Authored recommendation,2026-10-07
Real estate/proptech,WorldEngine proposed,Business,299,USD,month,"Ten active sites; 5 editors; 100,000 viewer loads/month; price, scope and usage caps are unvalidated; assisted setup separate",HYPOTHESIS: unvalidated,Authored recommendation,2026-10-07
Campuses/stadiums/tourism,WorldEngine proposed,Event pilot,249,USD,event/90days,"One 90-day arrival-view pilot; 30,000 loads; no indoor/seat modeling; price, scope and usage caps are unvalidated; assisted setup separate",HYPOTHESIS: unvalidated,Authored recommendation,2026-10-07
Campuses/stadiums/tourism,WorldEngine proposed,Outdoor visitor site,99,USD,site/month,"One site; 3 editors; $990 annual option; 20,000 loads/month; price, scope and usage caps are unvalidated; assisted setup separate",HYPOTHESIS: unvalidated,Authored recommendation,2026-10-07
Campuses/stadiums/tourism,WorldEngine proposed,Institution business,299,USD,month,"Three sites; $2,990 annual option; 60,000 loads/month; price, scope and usage caps are unvalidated; assisted setup separate",HYPOTHESIS: unvalidated,Authored recommendation,2026-10-07
Construction/site logistics,WorldEngine proposed,Communication pilot,299,USD,site/90days,"One communication site for 90 days; 1 editor; 10,000 loads; price, scope and usage caps are unvalidated; assisted setup separate",HYPOTHESIS: unvalidated,Authored recommendation,2026-10-07
Construction/site logistics,WorldEngine proposed,Maintained site,99,USD,site/month,"One maintained site; 3 editors; 10,000 loads/month; price, scope and usage caps are unvalidated; assisted setup separate",HYPOTHESIS: unvalidated,Authored recommendation,2026-10-07
Construction/site logistics,WorldEngine proposed,Business,399,USD,month,"Five sites; 10 editors; 50,000 loads/month; communication only; price, scope and usage caps are unvalidated; assisted setup separate",HYPOTHESIS: unvalidated,Authored recommendation,2026-10-07
