frame_ms,gpu_ms,post_ms
1.413,,
32.332,,
37.302,,
16.736,,
18.635,,
16.594,,
16.301,,
16.715,,
16.694,,
16.671,,
16.686,,
16.671,,
16.710,,
16.674,,
16.726,,
16.709,,
17.749,,
15.962,,
16.335,,1.651
16.583,,1.738
16.898,,1.696
16.520,,1.696
16.985,,1.575
16.513,,1.685
16.547,,1.721
16.812,,1.776
16.686,,1.707
16.554,,1.859
16.726,,1.785
16.770,,1.821
16.503,,1.638
16.862,,1.713
16.566,,1.713
16.779,,1.780
16.502,,1.788
16.884,,1.814
16.561,,1.703
16.778,,1.799
16.673,,1.837
16.711,,1.855
16.667,,1.694
16.673,,1.733
16.555,,1.864
16.753,,1.847
16.450,,1.783
16.894,,1.704
16.803,,1.704
16.625,,1.633
16.589,,1.721
16.730,,1.783
16.617,,1.748
16.761,,1.808
16.947,,1.808
16.545,,1.744
16.352,,1.745
16.912,,1.680
16.682,,1.712
16.650,,1.545
16.518,,1.877
16.648,,1.625
16.648,,1.796
16.760,,1.519
16.857,,1.667
16.504,,1.701
16.676,,1.539
16.754,,1.694
16.783,,1.685
16.495,,1.604
16.737,,1.625
16.741,,1.672
16.718,,1.695
16.564,,1.654
16.813,,1.683
16.531,,1.596
16.790,,1.657
16.600,,1.658
16.745,,1.668
16.443,,1.675
17.001,,1.668
16.614,,1.668
16.549,,1.681
16.559,,1.712
16.968,,1.627
16.367,,1.724
16.845,,1.637
16.596,,1.573
16.935,,1.723
16.554,,1.723
16.663,,1.520
16.600,,1.723
16.727,,1.611
16.583,,1.611
16.817,,1.629
16.621,,1.629
16.856,,1.657
16.473,,1.663
16.735,,1.672
16.660,,1.575
16.689,,1.594
16.784,,1.618
16.793,,1.678
16.345,,1.530
17.043,,1.652
16.529,,1.772
16.682,,1.647
16.708,,1.701
16.747,,1.638
16.563,,1.606
16.682,,1.681
16.739,,1.704
16.545,,1.601
16.720,,1.669
16.561,,1.653
16.727,,1.573
16.877,,1.600
16.519,,1.706
16.803,,1.656
16.477,,1.648
16.942,,1.679
16.576,,1.679
16.723,,1.698
16.664,,1.723
16.551,,1.672
16.790,,1.694
16.767,,1.687
16.564,,1.698
16.730,,1.673
16.624,,1.653
16.747,,1.629
16.649,,1.682
16.607,,1.581
16.766,,1.612
16.557,,1.640
16.847,,1.656
16.461,,1.656
16.781,,1.663
16.632,,1.663
16.666,,1.580
16.691,,1.715
16.887,,1.684
16.562,,1.544
16.586,,1.560
16.920,,1.523
16.468,,1.786
16.747,,1.627
16.731,,1.608
16.516,,1.678
16.685,,1.551
16.914,,1.719
16.501,,1.584
16.852,,1.658
16.590,,1.588
16.704,,1.589
16.533,,1.695
16.723,,1.653
16.694,,1.653
16.729,,1.653
16.556,,1.686
16.693,,1.582
16.622,,1.507
16.937,,1.692
16.454,,1.692
16.846,,1.536
16.624,,1.666
16.626,,1.590
16.615,,1.695
16.720,,1.529
16.814,,1.563
16.627,,1.661
16.606,,1.717
16.745,,1.648
16.697,,1.586
16.581,,1.606
16.840,,1.604
16.503,,1.614
16.946,,1.684
16.386,,1.684
16.804,,1.677
16.720,,1.740
16.535,,1.707
16.880,,1.634
16.659,,1.622
16.521,,1.688
16.773,,1.667
16.582,,1.608
16.932,,1.642
16.598,,1.699
16.612,,1.635
16.615,,1.650
16.666,,1.567
16.673,,1.549
16.661,,1.617
16.698,,1.575
16.857,,1.697
16.496,,1.653
16.828,,1.627
16.659,,1.656
16.714,,1.585
16.524,,1.631
16.628,,1.701
17.178,,1.654
16.124,,1.698
16.954,,1.625
16.497,,1.625
16.885,,1.597
16.479,,1.715
16.901,,1.641
16.417,,1.659
16.909,,1.508
16.643,,1.694
16.568,,1.595
16.639,,1.684
16.835,,1.702
16.467,,1.702
16.870,,1.660
16.390,,1.660
17.030,,1.551
16.570,,1.695
16.764,,1.638
16.700,,1.744
16.472,,1.680
16.686,,1.642
16.798,,1.538
16.626,,1.670
16.599,,1.612
16.898,,1.696
16.518,,1.691
16.784,,1.631
16.686,,1.654
16.543,,1.735
16.743,,1.612
16.609,,1.621
16.965,,1.610
16.411,,1.684
16.822,,1.660
16.705,,1.660
16.491,,1.563
16.681,,1.593
16.701,,1.533
16.715,,1.650
16.765,,1.603
16.680,,1.610
16.651,,1.710
16.655,,1.608
16.545,,1.622
16.816,,1.629
16.604,,1.629
16.632,,1.629
16.931,,1.589
16.471,,1.773
16.710,,1.567
16.838,,1.718
16.570,,1.750
16.730,,1.690
16.543,,1.616
16.740,,1.541
16.585,,1.680
16.668,,1.546
16.986,,1.656
16.400,,1.674
16.711,,1.571
16.753,,1.574
16.675,,1.673
16.739,,1.629
16.555,,1.631
16.842,,1.565
16.425,,1.535
16.818,,1.589
16.742,,1.578
16.533,,1.642
16.665,,1.671
16.866,,1.560
16.506,,1.741
16.791,,1.629
16.707,,1.629
16.621,,1.560
16.635,,1.508
16.732,,1.663
16.610,,1.633
16.829,,1.705
16.619,,1.705
16.636,,1.535
16.832,,1.677
16.598,,1.677
16.558,,1.615
16.900,,1.604
16.467,,1.703
16.658,,1.588
16.861,,1.571
16.581,,1.723
16.883,,1.650
16.487,,1.636
16.922,,1.831
16.381,,1.808
16.744,,1.665
16.595,,1.674
16.686,,1.509
16.899,,1.707
16.651,,1.707
16.536,,1.627
16.837,,1.701
16.497,,1.656
16.854,,1.683
16.500,,1.664
16.864,,1.659
16.447,,1.676
16.753,,1.517
16.572,,1.568
16.815,,1.627
16.753,,1.701
16.556,,1.597
16.769,,1.539
16.586,,1.675
16.934,,1.709
16.407,,1.741
16.879,,1.619
16.663,,1.581
16.745,,1.660
16.508,,1.664
16.666,,1.692
16.723,,1.577
16.588,,1.549
16.803,,1.646
16.609,,1.680
16.747,,1.680
16.556,,1.684
16.818,,1.576
16.543,,1.557
16.797,,1.637
16.844,,1.637
16.512,,1.687
16.700,,1.583
16.668,,1.711
16.500,,1.702
16.768,,1.612
16.805,,1.612
16.659,,1.613
16.541,,1.653
16.729,,1.519
16.782,,1.578
16.622,,1.711
16.665,,1.710
16.805,,1.667
16.559,,1.620
16.600,,1.609
16.864,,1.569
16.695,,1.709
16.604,,1.628
16.630,,1.654
16.979,,1.731
16.310,,1.704
16.883,,1.623
16.456,,1.784
16.777,,1.580
16.650,,1.626
16.868,,1.596
16.518,,1.687
16.584,,1.601
16.710,,1.578
16.647,,1.594
16.724,,1.689
16.688,,1.689
16.649,,1.650
16.768,,1.620
16.745,,1.596
16.501,,1.638
16.721,,1.513
16.829,,1.626
16.694,,1.603
16.513,,1.702
16.917,,1.657
16.563,,1.739
16.685,,1.581
16.581,,1.642
16.882,,1.672
16.588,,1.658
16.740,,1.584
16.412,,1.514
16.805,,1.644
16.584,,1.540
16.783,,1.686
16.611,,1.657
16.840,,1.539
16.587,,1.710
16.690,,1.596
16.568,,1.593
16.640,,1.670
16.944,,1.646
16.491,,1.577
16.707,,1.681
16.821,,1.603
16.520,,1.646
16.940,,1.678
16.390,,1.678
16.846,,1.513
16.643,,1.627
16.756,,1.518
16.469,,1.632
16.778,,1.635
16.463,,1.562
16.848,,1.513
16.788,,1.508
16.602,,1.722
16.594,,1.604
16.732,,1.676
16.593,,1.572
16.887,,1.548
16.694,,1.581
16.607,,1.633
16.713,,1.568
16.707,,1.727
16.572,,1.614
16.655,,1.554
16.652,,1.596
16.816,,1.502
16.652,,1.584
16.771,,1.553
16.484,,1.626
16.964,,1.621
16.388,,1.731
16.893,,1.538
16.486,,1.590
16.814,,1.668
16.527,,1.687
16.826,,1.667
16.609,,1.559
16.520,,1.589
16.836,,1.618
16.822,,1.557
16.430,,1.746
16.909,,1.497
16.489,,1.693
16.728,,1.516
16.651,,1.578
16.849,,1.507
16.450,,1.578
16.932,,1.548
16.614,,1.661
16.701,,1.586
16.553,,1.716
16.894,,1.634
16.574,,1.687
16.672,,1.613
16.553,,1.661
16.942,,1.711
16.420,,1.711
16.709,,1.518
17.025,,1.704
16.304,,1.704
16.791,,1.529
16.663,,1.531
16.624,,1.625
16.745,,1.634
16.703,,1.605
16.514,,1.630
16.858,,1.644
16.652,,1.644
16.661,,1.620
16.576,,1.619
16.707,,1.570
16.649,,1.601
16.913,,1.584
16.650,,1.697
16.527,,1.520
16.777,,1.582
16.704,,1.591
16.490,,1.623
16.686,,1.525
16.927,,1.732
16.496,,1.673
16.954,,1.659
16.567,,1.786
16.413,,1.632
16.889,,1.632
16.541,,1.650
16.720,,1.508
16.619,,1.642
16.711,,1.497
16.853,,1.585
16.658,,1.669
16.455,,1.679
16.737,,1.596
16.879,,1.547
16.638,,1.708
16.512,,1.692
17.054,,1.618
16.374,,1.781
16.795,,1.584
16.578,,1.528
16.617,,1.591
16.728,,1.662
16.629,,1.638
16.871,,1.624
16.498,,1.621
16.831,,1.555
16.689,,1.633
16.531,,1.566
16.790,,1.611
16.568,,1.661
16.639,,1.582
16.841,,1.652
16.535,,1.664
16.660,,1.527
16.732,,1.631
16.635,,1.686
16.951,,1.604
16.391,,1.680
16.866,,1.559
16.701,,1.730
16.474,,1.590
16.738,,1.580
16.623,,1.652
16.866,,1.666
16.423,,1.602
16.854,,1.655
16.705,,1.655
16.747,,1.714
16.669,,1.710
16.516,,1.613
16.810,,1.588
16.494,,1.679
16.880,,1.571
16.443,,1.704
16.944,,1.706
16.476,,1.706
16.883,,1.516
16.580,,1.664
16.696,,1.606
16.771,,1.666
16.781,,1.613
16.434,,1.676
16.856,,1.576
16.617,,1.716
16.542,,1.635
16.821,,1.568
16.552,,1.591
16.831,,1.530
16.515,,1.623
16.717,,1.660
16.599,,1.652
16.871,,1.646
16.584,,1.522
16.664,,1.630
16.640,,1.578
16.682,,1.606
16.680,,1.614
16.770,,1.545
16.716,,1.668
16.528,,1.674
17.006,,1.680
16.574,,1.635
16.411,,1.635
16.761,,1.543
16.585,,1.476
16.967,,1.663
16.449,,1.680
16.785,,1.514
16.667,,1.622
16.761,,1.628
16.508,,1.578
16.911,,1.566
16.347,,1.709
16.933,,1.609
16.693,,1.609
16.654,,1.625
16.662,,1.658
16.865,,1.496
16.306,,1.548
16.883,,1.632
16.665,,1.742
16.595,,1.561
16.677,,1.648
16.822,,1.597
16.535,,1.636
16.784,,1.661
16.538,,1.706
16.753,,1.678
16.769,,1.552
16.716,,1.563
16.631,,1.591
16.662,,1.669
16.724,,1.643
16.539,,1.494
16.822,,1.607
16.526,,1.665
16.780,,1.609
16.569,,1.581
16.833,,1.542
16.626,,1.658
16.682,,1.554
16.773,,1.614
16.710,,1.616
16.618,,1.625
16.594,,1.577
16.774,,1.591
16.597,,1.646
16.624,,1.612
16.655,,1.682
16.699,,1.558
16.903,,1.550
16.494,,1.550
16.872,,1.545
16.653,,1.535
16.673,,1.497
16.687,,1.537
16.602,,1.548
16.691,,1.703
16.599,,1.583
16.792,,1.590
16.508,,1.621
16.717,,1.634
16.644,,1.661
16.786,,1.627
16.531,,1.650
16.874,,1.646
16.466,,1.645
16.885,,1.665
16.564,,1.586
16.791,,1.614
16.653,,1.644
16.673,,1.604
16.568,,1.656
16.839,,1.596
16.533,,1.589
16.824,,1.588
16.523,,1.601
16.854,,1.659
16.554,,1.647
16.831,,1.638
16.478,,1.695
16.679,,1.657
16.730,,1.688
16.599,,1.647
16.871,,1.541
16.509,,1.679
16.794,,1.677
16.731,,1.634
16.468,,1.575
16.746,,1.715
16.708,,1.613
16.788,,1.641
16.620,,1.675
16.737,,1.669
16.533,,1.602
16.844,,1.665
16.658,,1.646
16.564,,1.677
16.895,,1.682
16.511,,1.663
16.623,,1.679
16.854,,1.774
16.519,,1.782
16.624,,1.707
16.870,,1.628
16.686,,1.630
16.455,,1.590
16.890,,1.702
16.651,,1.616
16.540,,1.652
16.816,,1.678
16.695,,1.585
16.538,,1.731
16.667,,1.682
16.690,,1.626
16.681,,1.634
16.864,,1.520
16.619,,1.663
16.651,,1.686
16.608,,1.596
16.747,,1.624
16.683,,1.563
16.691,,1.654
16.614,,1.633
16.875,,1.649
16.407,,1.655
16.624,,1.688
16.742,,1.648
16.779,,1.628
16.603,,1.620
16.722,,1.660
16.604,,1.662
16.855,,1.690
16.722,,1.588
16.626,,1.615
16.619,,1.688
16.746,,1.671
16.623,,1.574
16.586,,1.640
16.876,,1.486
16.386,,1.663
17.045,,1.622
16.478,,1.673
16.698,,1.657
16.711,,1.640
16.576,,1.639
16.647,,1.675
16.776,,1.617
16.671,,1.622
16.665,,1.702
16.720,,1.652
16.675,,1.641
16.695,,1.665
16.792,,1.727
16.523,,1.664
16.805,,1.717
16.597,,1.670
16.620,,1.673
16.743,,1.841
16.677,,1.631
16.679,,1.749
16.768,,1.648
16.567,,1.641
16.747,,1.650
16.561,,1.662
16.846,,1.618
16.628,,1.689
16.609,,1.687
16.583,,1.627
16.820,,1.668
16.450,,1.655
17.006,,1.643
16.547,,1.654
16.569,,1.661
16.762,,1.621
16.770,,1.640
16.698,,1.630
16.528,,1.624
16.705,,1.662
16.976,,1.699
16.497,,1.651
16.570,,1.647
16.864,,1.623
16.508,,1.619
16.813,,1.660
16.586,,1.555
16.771,,1.635
16.574,,1.625
16.789,,1.662
16.536,,1.572
16.848,,1.695
16.527,,1.660
16.803,,1.597
16.715,,1.616
16.524,,1.590
16.696,,1.632
16.775,,1.641
16.700,,1.627
16.582,,1.704
16.699,,1.600
16.841,,1.695
16.443,,1.592
16.849,,1.683
16.691,,1.621
16.507,,1.692
16.694,,1.668
16.869,,1.591
16.478,,1.656
16.843,,1.687
16.537,,1.615
16.801,,1.646
16.642,,1.586
16.636,,1.638
16.788,,1.615
16.499,,1.641
16.812,,1.686
16.518,,1.670
16.838,,1.669
16.714,,1.712
16.572,,1.734
16.794,,1.696
16.528,,1.614
16.866,,1.799
16.684,,1.687
16.485,,1.640
16.780,,1.620
16.577,,1.639
16.839,,1.683
16.668,,1.606
16.659,,1.625
16.681,,1.647
16.715,,1.669
16.460,,1.658
16.852,,1.623
16.705,,1.600
16.555,,1.630
16.776,,1.736
16.702,,1.657
16.710,,1.634
16.582,,1.613
16.622,,1.507
16.764,,1.623
16.744,,1.664
16.661,,1.632
16.529,,1.628
16.855,,1.642
16.502,,1.614
16.703,,1.601
16.781,,1.630
16.638,,1.679
16.724,,1.499
16.663,,1.648
16.665,,1.701
16.779,,1.645
16.639,,1.703
16.516,,1.612
16.701,,1.634
16.791,,1.657
16.614,,1.509
16.669,,1.569
16.718,,1.666
16.870,,1.631
16.502,,1.666
16.789,,1.604
16.459,,1.607
16.729,,1.685
16.827,,1.608
16.653,,1.623
16.641,,1.641
16.530,,1.621
16.706,,1.618
16.675,,1.595
16.829,,1.654
16.549,,1.704
16.832,,1.602
16.546,,1.655
16.601,,1.684
16.885,,1.653
16.528,,1.708
16.780,,1.701
16.632,,1.663
16.734,,1.670
16.612,,1.667
16.714,,1.629
16.693,,1.620
16.741,,1.687
16.677,,1.675
16.675,,1.487
16.581,,1.636
16.693,,1.626
16.633,,1.609
16.678,,1.676
16.632,,1.645
16.736,,1.626
16.655,,1.649
16.834,,1.565
16.701,,1.698
16.601,,1.638
16.607,,1.654
16.873,,1.628
16.506,,1.655
16.754,,1.586
16.701,,1.629
16.539,,1.635
16.923,,1.601
16.571,,1.635
16.564,,1.665
16.843,,1.550
16.631,,1.647
16.654,,1.609
16.558,,1.568
16.927,,1.624
16.633,,1.717
16.641,,1.636
16.516,,1.628
16.806,,1.676
16.588,,1.624
16.770,,1.632
16.747,,1.624
16.541,,1.633
16.841,,1.597
16.659,,1.646
16.786,,1.651
16.501,,1.600
16.779,,1.589
16.529,,1.609
16.777,,1.627
16.542,,1.652
16.715,,1.645
16.686,,1.640
16.808,,1.608
16.511,,1.651
16.872,,1.649
16.548,,1.609
16.687,,1.640
16.600,,1.613
16.662,,1.631
16.925,,1.699
16.673,,1.646
16.536,,1.668
16.775,,1.710
16.651,,1.744
16.494,,1.632
16.741,,1.577
16.718,,1.609
16.634,,1.624
16.675,,1.616
16.666,,1.636
16.688,,1.660
16.566,,1.634
16.775,,1.627
16.738,,1.599
16.579,,1.619
16.829,,1.662
16.573,,1.657
16.835,,1.698
16.560,,1.625
16.741,,1.626
16.616,,1.639
16.717,,1.633
16.757,,1.622
16.582,,1.614
16.815,,1.628
16.510,,1.587
16.799,,1.661
16.656,,1.620
16.639,,1.604
16.816,,1.660
16.570,,1.684
16.700,,1.635
16.733,,1.587
16.542,,1.628
16.638,,1.604
16.790,,1.630
16.742,,1.623
16.575,,1.610
16.812,,1.661
16.613,,1.618
16.593,,1.662
16.821,,1.617
16.574,,1.618
16.733,,1.660
16.562,,1.516
16.955,,1.689
16.408,,1.670
16.717,,1.660
16.722,,1.647
16.651,,1.518
16.770,,1.603
16.557,,1.610
16.665,,1.568
16.788,,1.585
16.745,,1.647
16.622,,1.665
16.704,,1.573
16.530,,1.630
16.778,,1.673
16.796,,1.781
16.688,,1.645
16.727,,1.755
16.492,,1.701
16.658,,1.714
16.771,,1.637
16.523,,1.606
16.696,,1.583
16.770,,1.632
16.596,,1.650
16.663,,1.599
16.791,,1.683
16.643,,1.529
16.768,,1.643
16.475,,1.619
16.828,,1.643
16.749,,1.587
16.543,,1.587
16.689,,1.655
16.647,,1.637
16.672,,1.660
16.659,,1.669
16.836,,1.575
16.526,,1.608
16.813,,1.659
16.712,,1.658
16.543,,1.653
16.787,,1.657
16.594,,1.645
16.798,,1.687
16.626,,1.635
16.600,,1.658
16.808,,1.675
16.633,,1.659
16.699,,1.639
16.678,,1.624
16.668,,1.625
16.739,,1.664
16.610,,1.623
16.564,,1.651
16.792,,1.642
16.668,,1.679
16.614,,1.663
16.715,,1.661
16.603,,1.688
16.714,,1.657
16.700,,1.629
16.912,,1.599
16.440,,1.638
16.842,,1.636
16.397,,1.631
16.926,,1.627
16.636,,1.633
16.601,,1.642
16.690,,1.588
16.643,,1.607
16.675,,1.566
16.738,,1.677
16.634,,1.613
16.813,,1.639
16.611,,1.734
16.814,,1.711
16.510,,1.707
16.850,,1.628
16.566,,1.723
16.563,,1.635
16.898,,1.708
16.595,,1.643
16.649,,1.652
16.612,,1.598
16.848,,1.692
16.602,,1.587
16.566,,1.656
16.827,,1.682
16.552,,1.665
16.840,,1.610
16.451,,1.690
16.725,,1.592
16.833,,1.676
16.488,,1.589
16.950,,1.685
16.498,,1.584
16.567,,1.586
16.832,,1.591
16.850,,1.662
16.407,,1.636
16.733,,1.584
16.675,,1.604
16.784,,1.600
16.564,,1.682
16.833,,1.618
16.635,,1.661
16.622,,1.666
16.564,,1.651
16.833,,1.667
16.547,,1.626
16.878,,1.656
16.530,,1.626
16.833,,1.596
16.441,,1.597
16.938,,1.666
16.568,,1.624
16.609,,1.650
16.794,,1.644
16.661,,1.591
16.548,,1.652
16.890,,1.675
16.525,,1.651
16.814,,1.603
16.703,,1.694
16.525,,1.621
16.751,,1.646
16.743,,1.546
16.633,,1.625
16.729,,1.655
16.522,,1.618
16.881,,1.670
16.442,,1.638
16.878,,1.688
16.616,,1.635
16.656,,1.730
16.650,,1.706
16.644,,1.712
16.804,,1.651
16.697,,1.655
16.529,,1.614
16.837,,1.636
16.625,,1.702
16.679,,1.635
16.722,,1.656
16.636,,1.621
16.644,,1.607
16.703,,1.645
16.612,,1.584
16.842,,1.605
16.540,,1.635
16.721,,1.642
16.673,,1.605
16.691,,1.658
16.738,,1.594
16.525,,1.653
16.818,,1.642
16.622,,1.615
16.740,,1.649
16.720,,1.677
16.573,,1.629
16.753,,1.678
16.563,,1.642
16.802,,1.574
16.689,,1.656
16.524,,1.581
16.678,,1.662
16.750,,1.679
16.583,,1.590
16.865,,1.715
16.662,,1.681
16.610,,1.619
16.591,,1.619
16.654,,1.541
16.888,,1.648
16.586,,1.620
16.719,,1.677
16.807,,1.604
16.447,,1.615
16.818,,1.641
16.637,,1.627
16.600,,1.676
16.619,,1.605
16.714,,1.586
16.943,,1.630
16.406,,1.646
16.704,,1.645
16.661,,1.608
16.816,,1.690
16.585,,1.599
16.794,,1.616
16.562,,1.586
16.770,,1.576
16.616,,1.678
16.672,,1.723
16.738,,1.695
16.570,,1.730
16.926,,1.664
16.536,,1.634
16.711,,1.578
16.604,,1.672
16.760,,1.620
16.555,,1.690
16.822,,1.643
16.543,,1.639
16.835,,1.696
16.678,,1.612
16.530,,1.644
16.650,,1.618
16.749,,1.615
16.641,,1.617
16.805,,1.605
16.633,,1.672
16.635,,1.630
16.629,,1.653
16.855,,1.559
16.614,,1.635
16.685,,1.615
16.537,,1.629
16.679,,1.631
16.749,,1.624
16.621,,1.636
16.850,,1.628
16.550,,1.629
16.828,,1.612
16.606,,1.692
16.586,,1.653
16.728,,1.643
16.821,,1.673
16.608,,1.606
16.732,,1.618
16.618,,1.596
16.712,,1.658
16.550,,1.595
16.825,,1.664
16.733,,1.609
16.607,,1.646
16.677,,1.635
16.571,,1.634
16.761,,1.653
16.674,,1.617
16.614,,1.659
16.663,,1.680
16.820,,1.610
16.595,,1.588
16.801,,1.607
16.525,,1.624
16.758,,1.641
16.618,,1.646
16.704,,1.604
16.590,,1.629
16.675,,1.656
16.711,,1.504
16.848,,1.661
16.677,,1.697
16.588,,1.667
16.757,,1.771
16.777,,1.751
16.440,,1.752
16.658,,1.680
16.748,,1.665
16.708,,1.700
16.519,,1.632
16.822,,1.659
16.734,,1.582
16.599,,1.632
16.792,,1.586
16.657,,1.591
16.604,,1.642
16.826,,1.631
16.553,,1.612
16.642,,1.664
16.654,,1.666
16.840,,1.669
16.447,,1.606
16.878,,1.652
16.567,,1.599
16.807,,1.598
16.518,,1.596
16.834,,1.646
16.690,,1.709
16.522,,1.655
16.791,,1.643
16.580,,1.643
16.707,,1.596
16.671,,1.595
16.622,,1.666
16.791,,1.638
16.650,,1.647
16.626,,1.694
16.790,,1.621
16.567,,1.656
16.628,,1.676
16.748,,1.632
16.848,,1.626
16.435,,1.659
16.939,,1.745
16.671,,1.702
16.635,,1.671
16.686,,1.589
16.693,,1.617
16.747,,1.619
16.487,,1.633
16.679,,1.703
16.846,,1.595
16.551,,1.588
16.721,,1.611
16.679,,1.665
16.652,,1.627
16.725,,1.656
16.660,,1.631
16.574,,1.634
16.706,,1.508
16.808,,1.628
16.690,,1.659
16.563,,1.700
16.643,,1.679
16.876,,1.786
16.531,,1.649
16.784,,1.664
16.527,,1.600
16.843,,1.592
16.640,,1.566
16.658,,1.601
16.682,,1.648
16.597,,1.682
16.736,,1.638
16.740,,1.618
16.661,,1.622
16.704,,1.640
16.553,,1.601
16.786,,1.668
16.526,,1.640
16.737,,1.629
16.707,,1.590
16.779,,1.636
16.508,,1.615
16.829,,1.613
16.540,,1.598
16.789,,1.658
16.540,,1.674
16.842,,1.639
16.607,,1.637
16.651,,1.615
16.781,,1.669
16.581,,1.653
16.616,,1.679
16.787,,1.670
16.562,,1.619
16.771,,1.641
16.709,,1.650
16.680,,1.621
16.553,,1.611
16.819,,1.644
16.593,,1.627
16.829,,1.655
16.667,,1.596
16.641,,1.620
16.529,,1.733
16.831,,1.614
16.681,,1.582
16.706,,1.634
16.533,,1.630
16.622,,1.666
16.866,,1.701
16.662,,1.612
16.631,,1.633
16.840,,1.685
16.624,,1.640
16.662,,1.654
16.828,,1.627
16.508,,1.683
16.610,,1.660
16.638,,1.633
16.722,,1.700
16.785,,1.626
16.704,,1.771
16.557,,1.707
16.729,,1.750
16.735,,1.582
16.571,,1.643
16.647,,1.640
16.704,,1.620
16.813,,1.667
16.534,,1.607
16.841,,1.688
16.513,,1.625
16.646,,1.675
16.784,,1.660
16.544,,1.659
16.831,,1.689
16.657,,1.635
16.572,,1.619
16.839,,1.624
16.719,,1.620
16.608,,1.612
16.691,,1.637
16.669,,1.648
16.552,,1.651
16.784,,1.671
16.715,,1.659
16.549,,1.610
16.753,,1.639
16.747,,1.688
16.506,,1.646
16.823,,1.658
16.667,,1.623
16.544,,1.607
16.842,,1.538
16.588,,1.670
16.693,,1.664
16.797,,1.649
16.489,,1.622
16.868,,1.681
16.564,,1.692
16.760,,1.586
16.605,,1.650
16.638,,1.682
16.771,,1.676
16.664,,1.643
16.668,,1.667
16.609,,1.609
16.745,,1.690
16.818,,1.627
16.521,,1.634
16.747,,1.643
16.547,,1.676
16.636,,1.635
16.875,,1.581
16.505,,1.597
16.759,,1.650
16.535,,1.703
16.940,,1.615
16.530,,1.771
16.934,,1.676
16.661,,1.576
16.582,,1.761
16.579,,1.696
16.808,,1.650
16.516,,1.607
16.556,,1.659
17.041,,1.778
16.628,,1.629
16.541,,1.618
16.754,,1.668
16.579,,1.678
16.760,,1.645
16.653,,1.615
16.670,,1.599
16.622,,1.583
16.766,,1.631
16.748,,1.625
16.686,,1.613
16.508,,1.607
16.795,,1.689
16.582,,1.640
16.787,,1.606
16.601,,1.628
16.779,,1.636
16.606,,1.657
16.780,,1.650
16.536,,1.605
16.790,,1.611
16.730,,1.619
16.550,,1.639
16.798,,1.632
16.485,,1.592
16.860,,1.660
16.606,,1.684
16.731,,1.652
16.617,,1.632
16.634,,1.633
16.635,,1.642
16.839,,1.664
16.585,,1.653
16.647,,1.582
16.657,,1.668
16.838,,1.748
16.519,,1.588
16.833,,1.642
16.601,,1.621
16.586,,1.618
16.824,,1.591
16.597,,1.600
16.767,,1.609
16.522,,1.619
16.831,,1.596
16.485,,1.562
16.884,,1.719
16.483,,1.732
16.695,,1.703
16.762,,1.673
16.631,,1.637
16.895,,1.718
16.499,,1.664
16.750,,1.763
16.784,,1.731
16.489,,1.689
16.691,,1.639
16.835,,1.618
16.619,,1.676
16.622,,1.666
16.826,,1.628
16.549,,1.620
16.641,,1.641
16.855,,1.677
16.612,,1.637
16.614,,1.606
16.623,,1.719
16.766,,1.617
16.722,,1.608
16.684,,1.670
16.712,,1.625
16.611,,1.609
16.594,,1.640
16.759,,1.692
16.679,,1.632
16.656,,1.632
16.804,,1.629
16.446,,1.698
16.869,,1.659
16.515,,1.644
16.791,,1.624
16.507,,1.689
16.839,,1.595
16.530,,1.610
16.728,,1.604
16.834,,1.625
16.543,,1.645
16.772,,1.663
16.704,,1.673
16.544,,1.645
16.722,,1.647
16.745,,1.669
16.521,,1.633
16.880,,1.645
16.506,,1.640
16.945,,1.611
16.451,,1.651
16.776,,1.661
16.703,,1.652
16.556,,1.645
16.767,,1.635
16.747,,1.627
16.686,,1.621
16.535,,1.608
16.767,,1.650
16.648,,1.569
16.781,,1.630
16.576,,1.618
16.684,,1.624
16.742,,1.583
16.545,,1.632
16.796,,1.677
16.609,,1.681
16.820,,1.751
16.572,,1.683
16.522,,1.782
16.966,,1.567
16.533,,1.657
16.765,,1.711
16.534,,1.620
16.800,,1.658
16.710,,1.643
16.742,,1.670
16.442,,1.717
16.863,,1.653
16.528,,1.680
16.656,,1.617
16.784,,1.720
16.585,,1.566
16.689,,1.625
16.684,,1.645
16.817,,1.673
16.539,,1.596
16.741,,1.670
16.588,,1.643
16.713,,1.612
16.802,,1.670
16.579,,1.600
16.760,,1.646
16.599,,1.645
16.622,,1.641
16.777,,1.657
16.626,,1.590
16.678,,1.663
16.771,,1.637
16.732,,1.627
16.651,,1.640
16.551,,1.617
16.859,,1.609
16.510,,1.635
16.912,,1.662
16.499,,1.570
16.755,,1.632
16.524,,1.638
16.871,,1.622
16.525,,1.603
16.810,,1.567
16.629,,1.617
16.710,,1.634
16.558,,1.646
16.820,,1.626
16.529,,1.600
16.780,,1.618
16.774,,1.649
16.554,,1.605
16.605,,1.660
16.789,,1.630
16.580,,1.634
16.696,,1.638
16.879,,1.680
16.656,,1.632
16.744,,1.737
16.458,,1.644
16.869,,1.816
16.562,,1.678
16.703,,1.740
16.526,,1.627
16.906,,1.664
16.583,,1.636
16.793,,1.635
16.498,,1.570
16.686,,1.613
16.656,,1.692
16.818,,1.650
16.625,,1.581
16.586,,1.633
16.833,,1.635
16.505,,1.608
16.827,,1.733
16.738,,1.622
16.586,,1.629
16.604,,1.662
16.806,,1.616
16.532,,1.647
16.830,,1.640
16.536,,1.621
16.787,,1.662
16.609,,1.654
16.632,,1.549
16.699,,1.639
16.686,,1.652
16.783,,1.633
16.747,,1.617
16.699,,1.645
16.473,,1.605
16.868,,1.648
16.490,,1.630
16.662,,1.632
16.796,,1.574
16.738,,1.608
16.527,,1.662
16.738,,1.625
16.642,,1.637
16.729,,1.637
16.767,,1.677
16.560,,1.638
16.736,,1.643
16.601,,1.670
16.858,,1.623
16.493,,1.633
16.780,,1.656
16.681,,1.647
16.523,,1.606
16.879,,1.764
16.657,,1.640
16.564,,1.646
16.683,,1.655
16.872,,1.641
16.553,,1.616
16.795,,1.623
16.729,,1.684
16.522,,1.684
16.679,,1.705
16.696,,1.750
16.609,,1.700
16.804,,1.611
16.472,,1.616
16.752,,1.636
16.656,,1.635
16.807,,1.617
16.544,,1.612
16.706,,1.653
16.648,,1.615
16.759,,1.700
16.745,,1.640
16.680,,1.591
16.573,,1.610
16.729,,1.641
16.694,,1.627
16.478,,1.740
16.954,,1.551
16.605,,1.625
16.734,,1.641
16.471,,1.678
16.878,,1.641
16.719,,1.620
16.631,,1.610
16.736,,1.647
16.584,,1.587
16.668,,1.615
16.731,,1.657
16.701,,1.654
16.646,,1.617
16.619,,1.627
16.812,,1.646
16.619,,1.626
16.737,,1.653
16.636,,1.614
16.684,,1.636
16.537,,1.673
16.719,,1.628
16.712,,1.634
16.756,,1.601
16.609,,1.637
16.754,,1.634
16.540,,1.590
16.835,,1.643
16.542,,1.628
16.775,,1.668
16.668,,1.663
16.742,,1.613
16.734,,1.617
16.432,,1.617
16.709,,1.510
16.669,,1.559
16.673,,1.571
16.658,,1.657
16.714,,1.618
16.779,,1.602
16.672,,1.658
16.833,,1.716
16.756,,1.627
16.568,,1.872
16.644,,1.665
16.528,,1.737
16.589,,1.536
16.828,,1.692
16.701,,1.644
16.686,,1.630
16.677,,1.606
16.704,,1.644
16.686,,1.676
16.624,,1.614
16.792,,1.619
16.544,,1.603
16.807,,1.646
16.718,,1.635
16.542,,1.656
16.720,,1.646
16.652,,1.632
16.781,,1.682
16.531,,1.635
16.603,,1.687
16.889,,1.688
16.589,,1.636
16.666,,1.677
16.804,,1.646
16.548,,1.648
16.618,,1.643
16.855,,1.620
16.635,,1.639
16.543,,1.676
16.917,,1.642
16.506,,1.739
16.704,,1.757
16.763,,1.601
16.537,,1.617
16.798,,1.635
16.515,,1.592
16.854,,1.709
16.646,,1.649
16.718,,1.632
16.617,,1.606
16.644,,1.641
16.646,,1.642
16.780,,1.665
16.603,,1.698
16.674,,1.688
16.761,,1.743
16.604,,1.638
16.797,,1.626
16.663,,1.668
16.563,,1.670
16.652,,1.666
16.692,,1.638
16.820,,1.611
16.565,,1.616
16.856,,1.683
16.539,,1.614
16.588,,1.630
16.893,,1.712
16.542,,1.828
16.772,,1.734
16.796,,1.760
16.507,,1.770
16.442,,1.635
16.952,,1.684
16.616,,1.660
16.825,,1.592
16.538,,1.593
16.649,,1.644
16.714,,1.601
16.621,,1.622
16.864,,1.609
16.512,,1.585
16.779,,1.646
16.531,,1.624
16.898,,1.637
16.647,,1.662
16.693,,1.663
16.633,,1.732
16.663,,1.657
16.531,,1.672
16.915,,1.685
16.646,,1.660
16.667,,1.655
16.635,,1.642
16.608,,1.659
16.674,,1.647
16.749,,1.596
16.680,,1.614
16.739,,1.635
16.739,,1.662
16.556,,1.627
16.747,,1.639
16.543,,1.622
16.680,,1.635
16.684,,1.611
16.788,,1.660
16.660,,1.632
16.623,,1.650
16.832,,1.587
16.513,,1.628
16.815,,1.641
16.509,,1.623
16.822,,1.634
16.528,,1.623
16.856,,1.617
16.533,,1.637
16.642,,1.675
16.825,,1.607
16.519,,1.676
16.835,,1.621
16.695,,1.673
16.605,,1.600
16.673,,1.682
16.815,,1.669
16.604,,1.598
16.630,,1.580
16.765,,1.675
16.749,,1.670
16.667,,1.805
16.511,,1.746
17.053,,1.692
16.287,,1.721
16.664,,1.622
16.772,,1.592
16.599,,1.629
16.808,,1.647
16.629,,1.625
16.699,,1.568
16.647,,1.625
16.575,,1.668
16.861,,1.630
16.652,,1.607
16.626,,1.649
16.780,,1.633
16.611,,1.645
16.554,,1.620
16.802,,1.599
16.583,,1.674
16.688,,1.701
16.691,,1.624
16.795,,1.635
16.702,,1.679
16.673,,1.614
16.545,,1.609
16.716,,1.608
16.707,,1.637
16.654,,1.573
16.679,,1.562
16.598,,1.605
16.793,,1.650
16.588,,1.703
16.848,,1.653
16.571,,1.596
16.800,,1.600
16.523,,1.634
16.827,,1.673
16.520,,1.708
16.791,,1.650
16.538,,1.706
16.834,,1.626
16.614,,1.640
16.605,,1.620
16.821,,1.657
16.542,,1.619
16.852,,1.699
16.532,,1.609
16.793,,1.660
16.716,,1.608
16.683,,1.618
16.538,,1.591
16.779,,1.666
16.746,,1.648
16.572,,1.621
16.596,,1.655
16.848,,1.665
16.485,,1.603
17.015,,1.706
16.416,,1.686
16.850,,1.742
16.550,,1.710
16.572,,1.757
16.948,,1.667
16.430,,1.668
16.841,,1.636
16.651,,1.651
16.682,,1.640
16.497,,1.643
16.797,,1.674
16.693,,1.598
16.617,,1.630
16.780,,1.639
16.660,,1.587
16.721,,1.615
16.655,,1.594
16.632,,1.629
16.617,,1.627
16.731,,1.686
16.574,,1.644
16.726,,1.620
16.818,,1.628
16.647,,1.639
16.698,,1.612
16.703,,1.578
16.670,,1.631
16.585,,1.634
16.787,,1.686
16.538,,1.662
16.659,,1.663
16.865,,1.667
16.542,,1.619
16.809,,1.707
16.593,,1.695
16.635,,1.614
16.811,,1.594
16.552,,1.647
16.766,,1.648
16.714,,1.604
16.516,,1.623
16.690,,1.634
16.637,,1.688
16.762,,1.634
16.700,,1.658
16.633,,1.601
16.616,,1.689
16.901,,1.695
16.646,,1.632
16.490,,1.642
16.873,,1.655
16.596,,1.622
16.818,,1.605
16.606,,1.639
16.540,,1.640
16.818,,1.624
16.535,,1.645
16.845,,1.674
16.616,,1.645
16.620,,1.711
16.892,,1.677
16.541,,1.676
16.564,,1.714
16.812,,1.758
16.640,,1.636
16.733,,1.604
16.667,,1.644
16.596,,1.582
16.804,,1.618
16.545,,1.625
16.689,,1.593
16.603,,1.641
16.688,,1.671
16.908,,1.646
16.607,,1.713
16.579,,1.601
16.778,,1.637
16.559,,1.620
16.701,,1.597
16.805,,1.651
16.559,,1.606
16.832,,1.625
16.529,,1.604
16.666,,1.613
16.797,,1.645
16.630,,1.645
16.648,,1.590
16.740,,1.599
16.603,,1.631
16.690,,1.548
16.722,,1.607
16.602,,1.594
16.751,,1.602
16.790,,1.656
16.623,,1.566
16.771,,1.630
16.590,,1.602
16.712,,1.725
16.701,,1.630
16.613,,1.634
16.673,,1.629
16.702,,1.678
16.690,,1.599
16.651,,1.627
16.569,,1.648
16.760,,1.622
16.731,,1.678
16.632,,1.611
16.789,,1.618
16.489,,1.600
16.826,,1.605
16.664,,1.657
16.649,,1.596
16.593,,1.605
16.706,,1.664
16.620,,1.689
16.910,,1.608
16.567,,1.608
16.687,,1.635
16.580,,1.695
16.900,,1.716
16.537,,1.701
16.798,,1.714
16.656,,1.709
16.583,,1.599
16.618,,1.663
16.812,,1.660
16.494,,1.693
16.767,,1.610
16.724,,1.669
16.717,,1.620
16.555,,1.561
16.874,,1.642
16.562,,1.607
16.625,,1.661
16.669,,1.635
16.778,,1.666
16.662,,1.598
16.717,,1.699
16.764,,1.641
16.523,,1.653
16.613,,1.654
16.554,,1.651
16.780,,1.611
16.723,,1.618
16.831,,1.716
16.449,,1.624
16.801,,1.596
16.547,,1.664
16.892,,1.658
16.508,,1.589
16.699,,1.658
16.692,,1.699
16.800,,1.617
16.643,,1.621
16.666,,1.638
16.693,,1.646
16.819,,1.660
16.529,,1.726
16.607,,1.694
16.746,,1.650
16.538,,1.639
16.915,,1.647
16.539,,1.660
16.751,,1.643
16.745,,1.639
16.594,,1.617
16.722,,1.608
16.692,,1.626
16.583,,1.589
16.759,,1.670
16.568,,1.572
16.835,,1.611
16.704,,1.645
16.646,,1.598
16.667,,1.730
16.540,,1.595
16.868,,1.670
16.609,,1.676
16.578,,1.688
16.814,,1.753
16.631,,1.712
16.666,,1.692
16.619,,1.714
16.755,,1.700
16.588,,1.598
16.817,,1.603
16.841,,1.591
16.471,,1.634
16.799,,1.642
16.490,,1.643
16.748,,1.658
16.607,,1.629
16.853,,1.633
16.520,,1.613
16.831,,1.625
16.508,,1.638
16.700,,1.641
16.741,,1.611
16.679,,1.604
16.696,,1.570
16.546,,1.589
16.823,,1.620
16.598,,1.590
16.695,,1.634
16.700,,1.652
16.673,,1.700
16.746,,1.679
16.540,,1.629
16.703,,1.652
16.665,,1.637
16.824,,1.646
16.701,,1.601
16.675,,1.645
16.542,,1.617
16.689,,1.597
16.807,,1.691
16.542,,1.639
16.640,,1.656
16.875,,1.606
16.572,,1.675
16.594,,1.642
16.833,,1.606
16.586,,1.648
16.730,,1.615
16.584,,1.683
16.645,,1.634
16.862,,1.637
16.711,,1.652
16.509,,1.664
16.842,,1.654
16.544,,1.608
16.826,,1.633
16.612,,1.625
16.725,,1.652
16.632,,1.610
16.510,,1.603
16.950,,1.707
16.538,,1.668
16.619,,1.679
16.960,,1.643
16.495,,1.733
16.786,,1.674
16.590,,1.660
16.731,,1.700
16.620,,1.687
16.649,,1.649
16.630,,1.625
16.771,,1.640
16.608,,1.619
16.486,,1.620
16.998,,1.617
16.636,,1.510
16.676,,1.696
16.626,,1.623
16.637,,1.651
16.813,,1.593
16.553,,1.602
16.810,,1.662
16.541,,1.593
16.824,,1.655
16.548,,1.619
16.788,,1.656
16.691,,1.659
16.648,,1.636
16.550,,1.714
16.819,,1.655
16.640,,1.609
16.581,,1.627
16.873,,1.641
16.568,,1.606
16.743,,1.692
16.508,,1.654
16.905,,1.695
16.661,,1.633
16.571,,1.678
16.771,,1.675
16.636,,1.661
16.565,,1.638
16.740,,1.612
16.684,,1.605
16.659,,1.663
16.755,,1.640
16.717,,1.674
16.631,,1.669
16.539,,1.631
16.753,,1.578
16.796,,1.635
16.619,,1.621
16.577,,1.577
16.793,,1.644
16.686,,1.587
16.638,,1.671
16.583,,1.593
16.767,,1.639
16.541,,1.656
16.837,,1.596
16.562,,1.602
16.744,,1.731
16.860,,1.713
16.659,,1.731
16.556,,1.780
16.614,,1.667
16.877,,1.714
16.511,,1.736
16.789,,1.629
16.581,,1.622
16.570,,1.685
16.858,,1.658
16.633,,1.588
16.596,,1.659
16.811,,1.664
16.502,,1.632
16.948,,1.668
16.633,,1.646
16.686,,1.629
16.556,,1.643
16.803,,1.714
16.625,,1.635
16.632,,1.581
16.763,,1.591
16.494,,1.653
16.864,,1.623
16.531,,1.615
16.831,,1.646
16.533,,1.631
16.805,,1.554
16.605,,1.646
16.784,,1.600
16.551,,1.670
16.760,,1.624
16.844,,1.708
16.407,,1.641
16.714,,1.630
16.722,,1.628
16.599,,1.640
16.848,,1.597
16.676,,1.675
16.654,,1.667
16.608,,1.656
16.771,,1.633
16.575,,1.602
16.702,,1.681
16.603,,1.675
16.862,,1.622
16.499,,1.631
16.867,,1.625
16.619,,1.514
16.626,,1.670
16.663,,1.706
16.671,,1.556
16.840,,1.667
16.644,,1.647
16.585,,1.584
16.723,,1.698
16.672,,1.588
16.549,,1.626
16.581,,1.641
16.823,,1.704
16.852,,1.716
16.563,,1.690
16.752,,1.755
16.605,,1.661
16.764,,1.606
16.413,,1.606
16.755,,1.549
16.696,,1.496
16.879,,1.507
16.651,,1.616
16.627,,1.567
16.730,,1.637
16.634,,1.621
16.690,,1.616
16.681,,1.608
16.658,,1.656
16.624,,1.658
16.580,,1.629
16.803,,1.656
16.590,,1.629
16.867,,1.596
16.552,,1.593
16.756,,1.585
16.488,,1.668
16.780,,1.684
16.636,,1.676
16.753,,1.616
16.794,,1.590
16.561,,1.632
16.531,,1.613
16.762,,1.619
16.744,,1.627
16.825,,1.614
16.685,,1.574
16.532,,1.469
16.813,,1.502
16.679,,1.483
16.595,,1.508
20.800,,1.508
16.567,,1.531
16.649,,1.482
12.732,,1.515
16.600,,1.505
16.595,,1.616
16.691,,1.669
16.878,,1.727
16.462,,1.681
16.718,,1.638
16.841,,1.703
16.583,,1.703
16.836,,1.671
16.513,,1.676
16.631,,1.636
16.658,,1.639
16.841,,1.725
16.596,,1.646
16.732,,1.589
16.536,,1.686
16.796,,1.735
16.824,,1.735
16.642,,1.712
16.721,,1.775
16.681,,1.806
16.454,,1.581
16.764,,1.674
16.548,,1.711
16.915,,1.668
16.582,,1.668
16.653,,1.662
16.646,,1.602
16.815,,1.613
16.621,,1.701
16.637,,1.571
16.761,,1.526
16.597,,1.700
16.603,,1.695
16.907,,1.671
16.344,,1.671
16.897,,1.596
16.531,,1.660
16.895,,1.666
16.476,,1.680
16.851,,1.655
16.544,,1.603
16.822,,1.634
16.689,,1.676
16.517,,1.777
16.777,,1.673
16.724,,1.616
16.620,,1.707
16.692,,1.564
16.516,,1.621
16.897,,1.536
16.545,,1.699
16.676,,1.601
16.785,,1.601
16.547,,1.640
16.825,,1.649
16.595,,1.710
16.619,,1.646
16.676,,1.636
16.836,,1.643
16.665,,1.655
16.690,,1.578
16.549,,1.511
16.658,,1.589
16.677,,1.629
16.855,,1.633
16.673,,1.692
16.632,,1.609
16.575,,1.675
16.662,,1.606
16.724,,1.657
16.772,,1.668
16.697,,1.692
16.532,,1.665
16.807,,1.615
16.538,,1.667
16.736,,1.688
16.729,,1.639
16.784,,1.723
16.596,,1.714
16.864,,1.644
16.433,,1.687
16.786,,1.623
16.535,,1.712
16.888,,1.657
16.487,,1.644
16.835,,1.649
16.498,,1.650
16.866,,1.640
16.457,,1.685
16.907,,1.676
16.623,,1.677
16.586,,1.627
16.794,,1.698
16.486,,1.638
16.897,,1.637
16.676,,1.702
16.508,,1.708
16.701,,1.653
16.685,,1.684
16.675,,1.616
16.784,,1.603
16.660,,1.702
16.541,,1.716
16.892,,1.686
16.394,,1.657
16.821,,1.554
16.614,,1.724
16.707,,1.640
16.740,,1.548
16.837,,1.641
16.526,,1.611
16.782,,1.615
16.610,,1.692
16.766,,1.598
16.455,,1.666
16.985,,1.623
16.610,,1.688
16.541,,1.602
16.794,,1.658
16.501,,1.682
16.718,,1.652
16.808,,1.565
16.599,,1.583
16.690,,1.628
16.663,,1.649
16.614,,1.603
16.824,,1.626
16.533,,1.657
16.868,,1.628
16.497,,1.635
16.708,,1.544
16.663,,1.664
16.841,,1.634
16.667,,1.637
16.473,,1.642
16.951,,1.844
16.745,,1.583
16.486,,1.718
16.917,,1.729
16.563,,1.762
16.558,,1.623
16.647,,1.649
16.779,,1.693
16.496,,1.716
16.718,,1.652
16.591,,1.652
16.918,,1.669
16.679,,1.651
16.666,,1.672
16.560,,1.642
16.779,,1.675
16.638,,1.686
16.889,,1.675
16.539,,1.675
16.682,,1.648
16.521,,1.653
16.848,,1.512
16.563,,1.680
16.773,,1.734
16.650,,1.639
16.572,,1.619
16.918,,1.639
16.425,,1.628
16.860,,1.650
16.498,,1.650
16.800,,1.648
16.572,,1.608
16.710,,1.578
16.739,,1.617
16.737,,1.653
16.762,,1.686
16.544,,1.596
16.595,,1.661
16.694,,1.615
16.677,,1.603
16.673,,1.668
16.903,,1.746
16.417,,1.711
16.706,,1.652
16.848,,1.661
16.502,,1.705
16.802,,1.655
16.682,,1.706
16.780,,1.665
16.476,,1.703
16.804,,1.646
16.647,,1.646
16.754,,1.626
16.608,,1.607
16.728,,1.627
16.532,,1.704
16.701,,1.639
16.800,,1.657
16.634,,1.676
16.663,,1.485
16.683,,1.724
16.852,,1.682
16.469,,1.694
16.633,,1.745
16.705,,1.775
16.784,,1.624
16.666,,1.652
16.733,,1.621
16.524,,1.689
16.833,,1.600
16.596,,1.653
16.614,,1.632
16.789,,1.566
16.715,,1.667
16.525,,1.624
16.666,,1.646
17.017,,1.709
16.389,,1.709
16.872,,1.622
16.525,,1.712
16.658,,1.644
16.628,,1.529
16.787,,1.637
16.697,,1.659
16.580,,1.719
16.635,,1.605
16.782,,1.699
16.699,,1.706
16.655,,1.637
16.636,,1.618
16.852,,1.605
16.463,,1.542
16.850,,1.689
16.655,,1.691
16.611,,1.718
16.577,,1.601
16.866,,1.718
16.604,,1.606
16.635,,1.552
16.818,,1.595
16.489,,1.662
16.676,,1.680
16.720,,1.691
16.675,,1.598
16.648,,1.584
16.963,,1.497
16.424,,1.709
16.662,,1.634
16.749,,1.563
16.713,,1.672
16.736,,1.692
16.556,,1.704
16.663,,1.658
16.638,,1.623
16.886,,1.634
16.626,,1.750
16.682,,1.619
16.635,,1.599
16.564,,1.612
16.804,,1.668
16.607,,1.793
16.673,,1.713
16.875,,1.609
16.507,,1.725
16.820,,1.736
16.616,,1.718
16.499,,1.670
16.888,,1.687
16.593,,1.827
16.645,,1.630
16.783,,1.761
16.567,,1.678
16.670,,1.576
16.788,,1.736
16.584,,1.711
16.799,,1.674
16.682,,1.626
16.740,,1.517
16.760,,1.716
16.423,,1.716
16.935,,1.534
16.333,,1.667
16.783,,1.631
16.696,,1.652
16.567,,1.664
16.919,,1.671
16.485,,1.693
16.861,,1.595
16.661,,1.593
16.547,,1.717
16.947,,1.696
16.569,,1.696
16.511,,1.630
16.848,,1.646
16.531,,1.646
16.652,,1.498
16.742,,1.622
16.781,,1.606
16.678,,1.702
16.556,,1.629
16.850,,1.683
16.603,,1.702
16.696,,1.703
16.522,,1.688
16.776,,1.616
16.742,,1.628
16.546,,1.706
16.681,,1.638
16.643,,1.525
16.698,,1.643
16.694,,1.516
16.694,,1.663
16.665,,1.593
16.691,,1.624
16.754,,1.724
16.593,,1.578
16.805,,1.643
16.548,,1.666
16.896,,1.688
16.535,,1.815
16.722,,1.655
16.654,,1.723
16.622,,1.731
16.837,,1.734
16.554,,1.688
16.787,,1.672
16.510,,1.647
16.886,,1.608
16.592,,1.707
16.564,,1.669
16.731,,1.590
16.596,,1.675
16.710,,1.557
16.840,,1.651
16.573,,1.685
16.663,,1.561
16.647,,1.625
16.680,,1.701
16.711,,1.487
16.728,,1.655
16.611,,1.521
16.647,,1.587
16.788,,1.530
16.614,,1.697
16.812,,1.662
16.484,,1.697
16.759,,1.654
16.894,,1.615
16.569,,1.731
16.537,,1.728
16.816,,1.558
16.562,,1.659
16.661,,1.618
16.880,,1.586
16.687,,1.705
16.375,,1.542
16.952,,1.652
16.658,,1.669
16.779,,1.602
16.447,,1.687
16.759,,1.668
16.696,,1.601
16.583,,1.631
16.703,,1.654
16.721,,1.618
16.611,,1.696
16.835,,1.710
16.568,,1.663
16.640,,1.637
16.805,,1.709
16.680,,1.662
16.557,,1.662
16.861,,1.613
16.451,,1.732
16.771,,1.604
16.614,,1.661
16.716,,1.665
16.641,,1.677
16.850,,1.744
16.555,,1.734
16.722,,1.625
16.592,,1.731
16.940,,1.587
16.554,,1.605
16.736,,1.712
16.399,,1.693
16.925,,1.604
16.485,,1.589
16.898,,1.573
16.550,,1.683
16.832,,1.732
16.593,,1.727
16.673,,1.674
16.644,,1.567
16.678,,1.655
16.605,,1.620
16.700,,1.549
16.782,,1.603
16.745,,1.686
16.587,,1.619
16.636,,1.673
16.634,,1.562
16.841,,1.607
16.611,,1.660
16.737,,1.644
16.546,,1.566
16.858,,1.636
16.631,,1.636
16.579,,1.609
16.856,,1.603
16.512,,1.710
16.676,,1.619
16.562,,1.709
16.838,,1.686
16.605,,1.741
16.726,,1.650
16.799,,1.681
16.681,,1.617
16.485,,1.703
16.816,,1.518
16.763,,1.689
16.540,,1.637
16.750,,1.624
16.672,,1.723
16.555,,1.704
16.784,,1.671
16.630,,1.597
16.634,,1.680
16.685,,1.621
16.838,,1.683
16.629,,1.623
16.558,,1.596
16.657,,1.591
16.849,,1.621
16.568,,1.619
16.810,,1.586
16.512,,1.619
16.796,,1.666
16.710,,1.701
16.547,,1.745
16.631,,1.523
17.095,,1.595
16.394,,1.725
16.765,,1.661
16.637,,1.661
16.714,,1.627
16.604,,1.663
16.607,,1.641
16.668,,1.603
16.888,,1.685
16.534,,1.697
16.713,,1.608
16.585,,1.515
16.805,,1.693
16.518,,1.670
16.864,,1.648
16.685,,1.757
16.664,,1.664
16.582,,1.560
16.600,,1.646
16.814,,1.576
16.825,,1.700
16.383,,1.742
16.907,,1.635
16.570,,1.635
16.674,,1.612
16.777,,1.617
16.481,,1.716
16.889,,1.652
16.584,,1.701
16.811,,1.697
16.484,,1.694
16.813,,1.629
16.670,,1.711
16.593,,1.559
16.816,,1.609
16.436,,1.707
16.862,,1.700
16.757,,1.808
16.485,,1.733
16.935,,1.620
16.311,,1.638
16.840,,1.644
16.620,,1.602
16.724,,1.589
16.812,,1.691
16.520,,1.610
16.660,,1.655
16.867,,1.548
16.614,,1.641
16.744,,1.687
16.667,,1.641
16.502,,1.722
16.876,,1.674
16.396,,1.707
16.966,,1.634
16.485,,1.672
16.687,,1.590
16.707,,1.661
16.653,,1.661
16.966,,1.687
16.403,,1.605
16.917,,1.629
16.465,,1.798
16.912,,1.772
16.441,,1.591
16.809,,1.620
16.585,,1.694
16.646,,1.654
16.807,,1.657
16.685,,1.710
16.679,,1.779
16.707,,1.646
16.490,,1.710
16.696,,1.618
16.657,,1.683
16.900,,1.523
16.479,,1.689
16.868,,1.720
16.513,,1.720
16.670,,1.508
16.699,,1.666
16.750,,1.639
16.785,,1.556
16.602,,1.713
16.582,,1.687
16.658,,1.725
16.601,,1.638
16.995,,1.702
16.566,,1.704
16.699,,1.674
16.723,,1.722
16.492,,1.643
16.643,,1.635
16.811,,1.752
16.591,,1.554
16.663,,1.597
16.790,,1.664
16.738,,1.667
16.681,,1.691
16.526,,1.711
16.762,,1.649
16.530,,1.678
16.839,,1.564
16.596,,1.679
16.664,,1.625
16.750,,1.652
16.613,,1.690
16.726,,1.665
16.816,,1.660
16.511,,1.642
16.920,,1.649
16.364,,1.641
16.810,,1.593
16.741,,1.684
16.541,,1.594
16.699,,1.557
16.837,,1.649
16.565,,1.809
16.663,,1.654
16.740,,1.664
16.664,,1.690
16.655,,1.637
16.602,,1.621
16.858,,1.620
16.620,,1.682
16.755,,1.602
16.458,,1.629
16.741,,1.626
16.941,,1.708
16.440,,1.733
16.818,,1.689
16.471,,1.653
16.848,,1.639
16.588,,1.669
16.907,,1.662
16.433,,1.662
16.649,,1.625
16.835,,1.687
16.555,,1.677
16.701,,1.623
16.789,,1.640
16.590,,1.618
16.885,,1.618
16.393,,1.622
16.706,,1.663
16.840,,1.619
16.524,,1.606
16.845,,1.634
16.508,,1.730
16.841,,1.650
16.578,,1.664
16.769,,1.595
16.495,,1.657
16.865,,1.654
16.515,,1.688
16.717,,1.627
16.600,,1.625
16.748,,1.498
16.809,,1.625
16.630,,1.631
16.680,,1.655
16.612,,1.619
16.627,,1.685
16.935,,1.622
16.677,,1.656
16.698,,1.523
16.655,,1.570
16.667,,1.590
16.508,,1.490
16.677,,1.624
16.632,,1.674
16.854,,1.654
16.664,,1.632
16.491,,1.630
16.718,,1.686
16.821,,1.690
16.650,,1.681
16.728,,1.717
16.590,,1.635
16.851,,1.822
16.578,,1.921
16.638,,1.763
16.606,,1.610
16.696,,1.614
16.651,,1.646
16.752,,1.661
16.792,,1.653
16.480,,1.610
16.915,,1.620
16.572,,1.561
16.758,,1.689
16.498,,1.674
16.831,,1.634
16.531,,1.582
16.823,,1.656
16.516,,1.614
16.716,,1.640
16.808,,1.604
16.512,,1.609
16.806,,1.680
16.680,,1.697
16.700,,1.618
16.518,,1.614
16.960,,1.636
16.495,,1.672
16.842,,1.698
16.485,,1.614
16.757,,1.664
16.719,,1.579
16.537,,1.614
16.659,,1.641
16.840,,1.639
16.658,,1.653
16.589,,1.666
16.781,,1.663
16.654,,1.599
16.700,,1.655
16.687,,1.634
16.534,,1.657
16.879,,1.687
16.694,,1.631
16.424,,1.572
16.907,,1.696
16.526,,1.608
16.695,,1.607
16.642,,1.642
16.753,,1.689
16.610,,1.663
16.811,,1.684
16.689,,1.627
16.569,,1.638
16.801,,1.581
16.524,,1.637
16.837,,1.636
16.679,,1.635
16.503,,1.649
16.663,,1.664
16.947,,1.726
16.412,,1.734
16.724,,1.767
16.733,,1.807
16.632,,1.741
16.696,,1.653
16.779,,1.672
16.669,,1.606
16.645,,1.654
16.540,,1.650
16.877,,1.702
16.525,,1.600
16.681,,1.650
16.681,,1.641
16.684,,1.636
16.784,,1.617
16.730,,1.621
16.546,,1.614
16.666,,1.601
16.762,,1.591
16.536,,1.637
16.871,,1.603
16.748,,1.612
16.632,,1.628
16.554,,1.601
16.648,,1.667
16.796,,1.718
16.839,,1.624
16.479,,1.634
16.712,,1.658
16.641,,1.620
16.612,,1.650
16.690,,1.628
16.731,,1.621
16.615,,1.598
16.859,,1.676
16.507,,1.629
16.823,,1.648
16.719,,1.665
16.543,,1.652
16.672,,1.622
16.640,,1.662
16.849,,1.640
16.661,,1.619
16.582,,1.659
16.755,,1.633
16.678,,1.609
16.565,,1.647
16.642,,1.618
16.862,,1.671
16.512,,1.588
16.684,,1.644
16.848,,1.679
16.588,,1.749
16.645,,1.638
16.665,,1.639
16.770,,1.610
16.590,,1.582
16.776,,1.685
16.559,,1.605
16.729,,1.672
16.701,,1.724
16.650,,1.721
16.799,,1.809
16.592,,1.597
16.668,,1.665
16.639,,1.638
16.811,,1.630
16.581,,1.640
16.773,,1.633
16.527,,1.662
16.844,,1.579
16.542,,1.674
16.699,,1.633
16.815,,1.814
16.515,,1.690
16.681,,1.680
16.721,,1.721
16.790,,1.631
16.626,,1.667
16.578,,1.674
16.862,,1.725
16.442,,1.594
16.682,,1.639
16.779,,1.629
16.641,,1.629
16.803,,1.687
16.544,,1.641
17.034,,1.707
16.285,,1.726
16.894,,1.698
16.617,,1.642
16.704,,1.656
16.623,,1.630
16.649,,1.614
16.646,,1.652
16.556,,1.652
16.973,,1.667
16.568,,1.647
16.782,,1.669
16.526,,1.650
16.676,,1.668
16.798,,1.572
16.584,,1.629
16.785,,1.700
16.618,,1.694
16.714,,1.625
16.680,,1.632
16.585,,1.616
16.798,,1.604
16.580,,1.606
16.805,,1.630
16.649,,1.648
16.581,,1.709
16.712,,1.637
16.603,,1.612
16.795,,1.629
16.573,,1.626
16.846,,1.653
16.546,,1.722
16.882,,1.686
16.496,,1.692
16.827,,1.729
16.462,,1.778
16.715,,1.667
16.704,,1.698
16.732,,1.588
16.759,,1.742
16.528,,1.619
16.787,,1.626
16.653,,1.654
16.711,,1.624
16.478,,1.640
16.868,,1.626
16.653,,1.652
16.642,,1.614
16.628,,1.631
16.676,,1.608
16.693,,1.632
16.852,,1.646
16.490,,1.617
16.816,,1.651
16.632,,1.631
16.751,,1.638
16.572,,1.731
16.672,,1.590
16.719,,1.617
16.639,,1.610
16.776,,1.683
16.702,,1.630
16.553,,1.701
16.735,,1.599
16.845,,1.678
16.563,,1.569
16.677,,1.637
16.680,,1.600
16.716,,1.661
16.467,,1.603
16.847,,1.628
16.576,,1.680
16.655,,1.640
16.752,,1.619
16.723,,1.695
16.719,,1.628
16.477,,1.629
16.769,,1.614
16.759,,1.644
16.571,,1.599
16.839,,1.687
16.541,,1.627
16.770,,1.617
16.678,,1.616
16.546,,1.681
16.728,,1.629
16.806,,1.619
16.540,,1.650
16.687,,1.620
16.673,,1.668
16.699,,1.638
16.871,,1.708
16.515,,1.629
16.784,,1.749
16.760,,1.717
16.507,,1.711
16.616,,1.595
16.740,,1.633
16.660,,1.502
16.766,,1.631
16.547,,1.587
16.710,,1.632
16.746,,1.679
16.648,,1.629
16.762,,1.648
16.426,,1.601
16.956,,1.652
16.510,,1.671
16.636,,1.664
16.864,,1.676
16.575,,1.603
16.738,,1.626
16.630,,1.632
16.650,,1.585
16.692,,1.637
16.756,,1.669
16.715,,1.669
16.572,,1.642
16.749,,1.627
16.635,,1.650
16.764,,1.612
16.516,,1.628
16.871,,1.638
16.685,,1.669
16.631,,1.668
16.554,,1.651
16.855,,1.696
16.435,,1.632
16.962,,1.636
16.526,,1.620
16.643,,1.636
16.818,,1.635
16.640,,1.643
16.628,,1.613
16.705,,1.640
16.675,,1.653
16.587,,1.603
16.713,,1.625
16.814,,1.606
16.653,,1.601
16.587,,1.649
16.810,,1.665
16.570,,1.631
16.674,,1.619
16.696,,1.667
16.609,,1.626
16.668,,1.619
16.699,,1.617
16.812,,1.640
16.528,,1.654
16.700,,1.615
16.663,,1.706
16.899,,1.657
16.531,,1.801
16.617,,1.679
16.705,,1.723
16.677,,1.639
16.639,,1.611
16.822,,1.671
16.503,,1.634
16.766,,1.682
16.681,,1.593
16.619,,1.626
16.724,,1.634
16.811,,1.628
16.679,,1.631
16.545,,1.617
16.667,,1.644
16.687,,1.679
16.823,,1.683
16.533,,1.695
16.740,,1.615
16.585,,1.641
16.647,,1.626
16.725,,1.655
16.705,,1.602
16.687,,1.669
16.693,,1.622
16.792,,1.669
16.513,,1.624
17.235,,1.638
16.273,,1.634
16.561,,1.653
16.723,,1.610
16.648,,1.636
16.684,,1.639
16.861,,1.638
16.472,,1.488
16.824,,1.656
16.529,,1.602
16.863,,1.633
16.680,,1.584
16.620,,1.661
16.708,,1.622
16.527,,1.602
16.777,,1.689
16.598,,1.641
16.818,,1.589
16.637,,1.645
16.640,,1.647
16.578,,1.612
16.823,,1.593
16.760,,1.621
16.481,,1.663
16.797,,1.665
16.631,,1.630
16.720,,1.679
16.582,,1.592
16.811,,1.656
16.534,,1.587
16.660,,1.656
16.821,,1.680
16.724,,1.690
16.710,,1.788
16.722,,1.770
16.511,,1.784
16.818,,1.646
16.562,,1.603
16.643,,1.672
16.780,,1.618
16.572,,1.633
16.675,,1.620
16.853,,1.648
16.498,,1.580
16.658,,1.605
16.809,,1.616
16.698,,1.648
16.585,,1.675
16.718,,1.620
16.713,,1.669
16.546,,1.607
16.673,,1.633
16.813,,1.698
16.566,,1.635
16.694,,1.601
16.677,,1.601
16.834,,1.660
16.612,,1.603
16.531,,1.609
16.766,,1.627
16.733,,1.647
16.686,,1.648
16.608,,1.599
16.763,,1.668
16.755,,1.637
16.603,,1.608
16.521,,1.665
16.933,,1.600
16.482,,1.665
16.696,,1.588
16.721,,1.702
16.731,,1.631
16.593,,1.627
16.688,,1.629
16.760,,1.768
16.585,,1.628
16.831,,1.635
16.476,,1.580
16.693,,1.635
16.776,,1.678
16.620,,1.627
16.586,,1.669
16.879,,1.633
16.647,,1.654
16.622,,1.628
16.686,,1.622
16.664,,1.605
16.805,,1.600
16.546,,1.635
16.732,,1.666
16.742,,1.657
16.771,,1.781
16.585,,1.729
16.616,,1.739
16.650,,1.668
16.637,,1.638
16.870,,1.707
16.460,,1.573
16.750,,1.608
16.866,,1.647
16.651,,1.599
16.493,,1.633
16.856,,1.670
16.524,,1.586
16.669,,1.591
16.841,,1.630
16.579,,1.606
16.771,,1.612
16.521,,1.631
16.742,,1.632
16.653,,1.618
16.784,,1.684
16.572,,1.587
16.586,,1.619
16.972,,1.620
16.448,,1.611
16.891,,1.657
16.585,,1.642
16.674,,1.668
16.750,,1.603
16.519,,1.618
16.766,,1.611
16.709,,1.635
16.541,,1.616
16.835,,1.597
16.577,,1.597
16.674,,1.533
16.677,,1.511
16.778,,1.523
16.745,,1.637
16.527,,1.613
16.655,,1.643
16.790,,1.636
16.649,,1.665
16.752,,1.734
16.497,,1.615
16.693,,1.580
16.843,,1.670
16.614,,1.557
16.703,,1.611
16.633,,1.642
16.628,,1.657
16.784,,1.593
16.539,,1.657
16.875,,1.637
16.637,,1.624
16.636,,1.680
16.585,,1.565
16.763,,1.635
16.583,,1.623
16.925,,1.750
16.470,,1.690
16.734,,1.783
16.800,,1.693
16.523,,1.706
16.763,,1.623
16.559,,1.625
16.801,,1.658
16.696,,1.650
16.707,,1.626
16.506,,1.619
16.698,,1.621
16.666,,1.651
16.817,,1.591
16.697,,1.611
16.612,,1.611
16.726,,1.651
16.516,,1.647
16.874,,1.669
16.612,,1.633
16.609,,1.652
16.850,,1.625
16.507,,1.628
16.727,,1.661
16.777,,1.612
16.529,,1.611
16.664,,1.654
16.812,,1.647
16.687,,1.608
16.490,,1.627
16.769,,1.664
16.699,,1.573
16.622,,1.659
16.826,,1.647
16.680,,1.605
16.561,,1.656
16.858,,1.685
16.656,,1.640
16.597,,1.651
16.599,,1.688
16.622,,1.631
16.852,,1.589
16.563,,1.649
16.735,,1.585
16.631,,1.604
16.750,,1.579
16.582,,1.655
16.771,,1.646
16.731,,1.669
16.515,,1.606
16.874,,1.618
16.669,,1.609
16.522,,1.591
16.760,,1.608
16.774,,1.598
16.603,,1.702
16.601,,1.680
16.804,,1.642
16.557,,1.679
16.631,,1.637
16.750,,1.757
16.694,,1.639
16.735,,1.677
16.662,,1.714
16.627,,1.719
16.614,,1.676
16.810,,1.645
16.636,,1.673
16.783,,1.597
16.633,,1.625
16.614,,1.608
16.601,,1.648
16.858,,1.637
16.509,,1.568
16.833,,1.698
16.599,,1.632
16.728,,1.671
16.511,,1.616
16.888,,1.690
16.627,,1.599
16.760,,1.582
16.570,,1.589
16.734,,1.624
16.559,,1.565
16.772,,1.590
16.739,,1.606
16.768,,1.564
16.615,,1.544
16.651,,1.493
16.759,,1.513
16.695,,1.495
16.618,,1.535
16.754,,1.469
16.615,,1.455
16.655,,1.493
20.722,,1.482
16.706,,1.528
16.545,,1.616
20.933,,1.503
16.633,,1.477
16.630,,1.502
20.868,,1.500
16.693,,1.466
21.008,,1.504
20.723,,1.492
16.643,,1.528
20.826,,1.508
16.676,,1.492
21.026,,1.471
35.741,,1.482
16.730,,1.482
18.537,,1.605
16.449,,1.452
20.922,,1.496
20.791,,1.525
16.631,,1.502
20.960,,1.510
35.775,,1.569
16.738,,1.569
18.570,,1.601
16.581,,1.458
20.648,,1.487
20.936,,1.528
16.547,,1.518
20.934,,1.497
35.844,,1.474
16.746,,1.474
18.512,,1.591
16.570,,1.511
20.814,,1.497
20.811,,1.509
16.631,,1.479
20.859,,1.507
35.930,,1.463
16.680,,1.463
18.508,,1.531
16.639,,1.723
16.491,,1.594
16.885,,1.651
16.634,,1.737
16.816,,1.669
16.393,,1.669
16.689,,1.684
16.704,,1.641
16.801,,1.641
16.496,,1.640
16.753,,1.629
16.915,,1.685
16.475,,1.685
16.646,,1.725
16.610,,1.633
16.786,,1.696
16.718,,1.747
16.636,,1.591
16.806,,1.669
16.480,,1.669
16.720,,1.608
16.667,,1.667
16.691,,1.667
16.745,,1.562
16.594,,1.562
16.824,,1.706
16.691,,1.736
16.561,,1.674
16.695,,1.674
16.654,,1.627
16.617,,1.745
16.779,,1.614
16.625,,1.614
16.822,,1.693
16.590,,1.761
16.980,,1.659
16.602,,1.786
16.429,,1.726
16.797,,1.726
16.509,,1.746
16.830,,1.692
16.837,,1.692
16.459,,1.664
16.816,,1.627
16.468,,1.662
16.772,,1.672
16.740,,1.672
16.621,,1.659
16.682,,1.623
16.590,,1.584
16.839,,1.584
16.479,,1.679
16.739,,1.593
16.644,,1.593
16.711,,1.742
16.855,,1.679
16.682,,1.707
16.666,,1.747
16.559,,1.645
16.781,,1.638
16.510,,1.670
16.685,,1.633
16.870,,1.702
16.557,,1.702
16.762,,1.662
16.494,,1.644
16.991,,1.662
16.425,,1.662
16.798,,1.656
16.624,,1.656
16.677,,1.530
16.769,,1.530
16.501,,1.732
16.822,,1.689
16.648,,1.595
16.828,,1.627
16.421,,1.640
16.855,,1.721
16.459,,1.759
16.798,,1.658
16.688,,1.699
16.532,,1.699
16.732,,1.642
17.000,,1.642
16.374,,1.724
16.964,,1.718
16.377,,1.719
16.918,,1.640
16.601,,1.640
16.717,,1.600
16.563,,1.705
16.768,,1.630
16.585,,1.635
16.787,,1.694
16.645,,1.694
16.826,,1.651
16.524,,1.651
16.680,,1.646
16.630,,1.646
16.760,,1.652
16.570,,1.744
16.970,,1.763
16.563,,1.694
16.615,,1.691
16.506,,1.691
16.715,,1.652
16.789,,1.647
16.539,,1.694
16.818,,1.681
16.702,,1.568
16.796,,1.568
16.442,,1.628
16.673,,1.632
16.584,,1.753
16.922,,1.593
16.650,,1.593
16.566,,1.713
16.747,,1.672
16.667,,1.672
16.712,,1.585
16.563,,1.585
16.856,,1.658
16.516,,1.658
16.706,,1.628
16.666,,1.714
16.696,,1.739
16.690,,1.687
16.703,,1.547
16.635,,1.547
