# renderer=realitykit triangles=278817 drawCalls=108 meshBytes=33418916 build=0.42s light=golden→noon 0.00, sun 6.0° az 253.3°  screen=1179x2556 lowPowerMode=false battery=unplugged level=0.9
seconds,fps,frame_ms_avg,frame_ms_max,pct_over_16_9,gpu_ms_avg,memory_mb,thermal,battery,scale,fps_cap
1,55.6,16.69,31.85,25.00,0.00,341,nominal,0.90,2.00,60
2,59.9,16.68,17.64,11.67,0.00,320,nominal,0.90,2.00,60
3,60.0,16.68,17.03,10.00,0.00,298,nominal,0.90,2.00,60
4,59.9,16.68,17.12,20.00,0.00,298,nominal,0.90,2.00,60
5,60.0,16.68,17.11,15.00,0.00,298,nominal,0.90,2.00,60
6,60.0,16.68,17.10,15.00,0.00,298,nominal,0.90,2.00,60
7,60.0,16.68,17.08,11.67,0.00,298,nominal,0.90,2.00,60
8,60.0,16.68,17.05,8.33,0.00,298,nominal,0.90,2.00,60
9,60.0,16.68,17.19,18.33,0.00,298,nominal,0.90,2.00,60
10,59.9,16.68,17.08,18.33,0.00,300,nominal,0.90,2.00,60
11,59.9,16.68,17.01,15.00,0.00,298,nominal,0.90,2.00,60
12,60.0,16.68,17.00,5.00,0.00,301,nominal,0.90,2.00,60
13,60.0,16.68,17.01,3.33,0.00,301,nominal,0.90,2.00,60
14,59.9,16.68,16.93,3.33,0.00,301,nominal,0.90,2.00,60
15,60.0,16.68,16.93,3.33,0.00,301,nominal,0.90,2.00,60
16,59.9,16.68,16.89,0.00,0.00,301,nominal,0.90,2.00,60
17,59.9,16.68,16.95,4.92,0.00,301,nominal,0.90,2.00,60
18,60.0,16.68,16.99,10.00,0.00,302,nominal,0.90,2.00,60
19,60.0,16.68,16.94,3.33,0.00,302,nominal,0.90,2.00,60
20,59.9,16.68,17.13,3.33,0.00,301,nominal,0.90,2.00,60
21,60.0,16.68,16.99,5.00,0.00,301,nominal,0.90,2.00,60
22,60.0,16.68,16.88,0.00,0.00,301,nominal,0.90,2.00,60
23,60.0,16.68,16.99,3.33,0.00,302,nominal,0.90,2.00,60
24,59.9,16.68,16.97,3.33,0.00,301,nominal,0.90,2.00,60
25,59.9,16.68,16.96,5.00,0.00,301,nominal,0.90,2.00,60
26,60.0,16.68,16.92,1.67,0.00,301,nominal,0.90,2.00,60
27,59.9,16.68,17.01,5.00,0.00,302,nominal,0.90,2.00,60
28,59.9,16.68,16.95,5.00,0.00,302,nominal,0.90,2.00,60
29,60.0,16.68,16.95,1.67,0.00,302,nominal,0.90,2.00,60
30,60.0,16.68,16.94,5.00,0.00,302,nominal,0.90,2.00,60
31,60.0,16.68,16.96,3.33,0.00,302,nominal,0.90,2.00,60
32,60.0,16.68,16.93,1.67,0.00,300,nominal,0.90,2.00,60
33,60.0,16.68,17.12,5.00,0.00,300,nominal,0.90,2.00,60
34,60.0,16.68,16.91,1.67,0.00,300,nominal,0.90,2.00,60
35,60.0,16.68,16.87,0.00,0.00,300,nominal,0.90,2.00,60
36,59.9,16.68,16.97,3.33,0.00,300,nominal,0.90,2.00,60
37,60.0,16.68,17.12,8.33,0.00,301,nominal,0.90,2.00,60
38,60.0,16.68,17.01,5.00,0.00,301,nominal,0.90,2.00,60
39,59.9,16.68,17.01,5.00,0.00,301,nominal,0.90,2.00,60
40,60.0,16.68,16.98,8.33,0.00,301,nominal,0.90,2.00,60
41,59.9,16.68,16.86,0.00,0.00,301,nominal,0.90,2.00,60
42,59.9,16.68,17.03,3.33,0.00,301,nominal,0.90,2.00,60
43,60.0,16.68,16.95,5.00,0.00,301,nominal,0.90,2.00,60
44,60.0,16.68,16.97,1.67,0.00,301,nominal,0.90,2.00,60
45,59.9,16.68,17.02,3.33,0.00,301,nominal,0.90,2.00,60
46,60.0,16.68,16.93,3.33,0.00,301,nominal,0.90,2.00,60
47,59.9,16.68,16.95,5.00,0.00,301,nominal,0.90,2.00,60
48,60.0,16.68,16.97,1.67,0.00,301,nominal,0.90,2.00,60
49,59.9,16.68,16.94,8.33,0.00,301,nominal,0.90,2.00,60
50,60.0,16.68,17.00,8.33,0.00,301,nominal,0.90,2.00,60
51,60.0,16.68,16.97,6.56,0.00,301,nominal,0.90,2.00,60
52,60.0,16.68,16.93,3.33,0.00,301,nominal,0.90,2.00,60
53,60.0,16.68,16.99,8.33,0.00,301,nominal,0.90,2.00,60
54,60.0,16.68,16.88,0.00,0.00,301,nominal,0.90,2.00,60
55,60.0,16.68,16.94,6.67,0.00,301,nominal,0.90,2.00,60
56,59.9,16.68,16.98,3.33,0.00,301,nominal,0.90,2.00,60
57,60.0,16.68,16.95,6.67,0.00,301,nominal,0.90,2.00,60
58,59.9,16.68,16.98,9.84,0.00,301,nominal,0.90,2.00,60
59,60.0,16.68,17.02,8.33,0.00,301,nominal,0.90,2.00,60
60,60.0,16.68,16.95,5.00,0.00,301,nominal,0.90,2.00,60
