"idea_id","origin","idea","categories","concept","target_buyer","pricing_hypothesis_usd","engine_strength_1_5","market_size_1_5","build_ease_1_5","willingness_to_pay_1_5","solo_founder_fit_1_5","equal_weight_total_25","founder_weighted_score_100","rank","top_10","primary_overlap_group","overlap_idea_ids","exclusive_vs_license_recommendation","smallest_mvp","main_dependency_or_risk","score_rationale"
"N01","New","Sponsored neighborhood quests","B2B; Consumer; Sports","Run brand-funded missions through recognizable neighborhood landmarks with digital rewards.","Sports brands; local activation agencies","Test $2,500 single-area campaign; $10,000 multi-area package",5,4,4,5,5,23,92,1,"Yes","Partner activations","N06; N31; N32; N47","Exclusive consumer quest network; sell time/place/category campaign rights","Five curated stops, digital check-ins and a branded reward page","Content approvals and proof of participation; no automatic claims of footfall","Uses the whole local world and existing brand-selling strengths."
"E04","Existing idea","Running race preview","Sports; B2B","Let entrants rehearse a published race course and recognize turns and landmarks.","Race directors; race series; race sponsors","Test $1,500 per race pilot; $5,000-$15,000 per series/year",5,4,4,4,5,22,89,2,"Yes","Race products","E05; N04; N07; N51","Own hosted product; sell event use licenses; retain general product rights","Organizer GPX, start/finish annotations and a fly-through","Organizer-supplied route accuracy; elevation only where validated","Excellent sports distribution fit and a bounded course-specific build."
"N05","New","Youth sports field arrival guides","Sports; B2B; Accessibility","Give visiting families a verified visual path from parking or transit to the correct field and meeting point.","Tournament directors; youth sports leagues; sports complexes","Test $750 tournament pilot or $1,500-$5,000 annual complex license",5,4,4,4,5,22,89,3,"Yes","Venue arrivals","E10; E18","Own reusable arrival product; license each verified venue edition","One complex with organizer-confirmed gates, fields and accessible approaches","Field/entrance verification and updates; host owns event-specific facts","Excellent sports sales fit and a narrowly scoped recurring buyer problem."
"E18","Existing idea","Game-day venue experiences","Sports; B2B","Build a venue-area fan experience with arrivals, activities and sponsor scenes.","Teams; stadiums; sponsor agencies","Test $3,000 limited activation; $10,000-$30,000 season license",5,4,3,5,5,22,87,4,"Yes","Venue arrivals","E10; N05","Own fan product; license team/season experiences nonexclusively","One venue, approved sponsor content and a short fan journey","Team IP permission, procurement and game-day support","Very strong founder fit and buyer value; larger custom deployments take effort."
"N03","New","Coach and run-club route briefings","Sports; B2B","Prepare a club session with an annotated 3D route, meeting spots and workout sections.","Running coaches; run clubs; sports retailers","Test $39/month coach plan or $299/year club plan",5,3,4,4,5,21,86,5,"Yes","Route preparation","E03","Own coach workspace; license branded club editions","GPX import, coach annotations and shareable briefing","Coach willingness to pay versus ordinary map links","Repeated small-buyer workflow with little live operational burden."
"E10","Existing idea","Event location previews","B2B; Events","Show arrivals, approaches and meeting spots around an event venue.","Event organizers; venues; ticketing partners","Test $750/event or $149/month per venue",5,4,4,4,4,21,85,6,"Yes","Venue arrivals","E18; N05","License branded embeds; keep common authoring platform","Organizer-marked entrances, transport stops and one arrival route","Venue verification; inaccessible entrances cannot be inferred from doors","Useful narrow buyer workflow with reusable local scenes."
"N02","New","Charity walk fundraising worlds","B2B; Health","Turn a charity's approved walking route into a shared progress world for a fundraising challenge.","Charities; corporate sponsors; fundraising agencies","Test $1,500 pilot or $5,000 annual challenge series; donations handled externally",4,4,4,4,5,21,84,7,"Yes","Walking routines","E01; N15; N20; N21; N22; N33","Own challenge product; license event editions","One route, team progress and external donation link","Fundraising platform integration and accessible route verification","Strong sponsor fit and bounded build; buyer budgets need validation."
"N47","New","Real-place brand video studio","Licensing; Media; B2B","Let agencies render approved local scenes with branded assets, camera paths and seasons.","Creative agencies; sports marketers; local advertisers","Test $250 render pack or $399/month capped agency plan",5,4,3,4,5,21,84,8,"Yes","Partner activations","N01; N06; N31; N32","License rendered output/workspace; retain scene templates and engine","One short clip with sponsor assets and predefined cameras","Offscreen rendering/export workflow and brand/content rights","Strong brand background fit with a reusable paid deliverable."
"E01","Existing app","DogWell","Consumer; Health","Turn walks in the owner's real neighborhood into a repeatable dog-care routine.","Dog owners; pet brands","Free starter; test $4.99/month or $29.99/year; optional sponsor packs",5,4,4,3,4,20,82,9,"Yes","Walking routines","N02; N15; N20; N21; N22; N33","Exclusive app; license engine outside pet-walking category","One neighborhood loop, weather context and completion journal","Retention and paid conversion; dog-specific needs require owner input","Distinct local world; broad owner audience but consumer subscription friction."
"N37","New","Outdoor photo and film scouting","B2B; Creative","Compare camera viewpoints and sky/season timing at a real location before a shoot.","Photographers; production scouts; creative agencies","Test $19/month individual or $99/month team plan",5,3,4,4,4,20,82,10,"Yes","Light planning","E14","License professional workspace and exports","Save camera angles and sun-time storyboards","Exact occlusion and current site appearance unknown; validate on location","Strong visual utility with a bounded non-live workflow."
"E02","Existing app","Neighborhood Jobs","Games","Play paper route, pizza and snowplow jobs on the player's actual street.","Families; casual players; local sponsors","Test $4.99 base game plus $2.99 job packs; funded sponsor editions",5,4,3,3,5,20,81,11,"No","Local-world games","E08; E09; N08; N09; N10; N12; N52; N53; N55","Exclusive app and characters; license generic world SDK","One job, one neighborhood and a short progression loop","Game feel, content cadence and parental expectations","Strong local novelty and sponsor fit; game polish requires sustained effort."
"N51","New","Personal place finish-line trophies","Consumer; Sports; Unusual","Create a digital or print-ready keepsake of a finish line or meaningful training street with a user's approved result.","Athletes; race merchandise partners","Test $9.99 digital keepsake or $29 printed-art order",5,3,3,4,5,20,81,12,"No","Race products","E04; E05; N04; N07","Own keepsake design product; license race merchandise editions","One approved result and scene rendered as a still image","Print fulfillment/exports and athlete/result permissions; no 3D fabrication assumption","Strong sports gifting fit; merchandising logistics limit initial ease."
"N06","New","Weather-aware sports kit showcase","B2B; Commerce","Let a brand stage approved outfit and equipment combinations in local weather and season scenes.","Outdoor apparel brands; retailers","Test $2,000 campaign setup plus $199/month embed",4,4,3,4,5,20,79,13,"No","Partner activations","N01; N31; N32; N47","License brand-specific scenes; retain shopping presentation tools","Approved product art on an avatar in one local scene","Product catalog assets and rights; no inferred performance claims","Visual sponsor opportunity; commerce assets add production overhead."
"E13","Existing idea","Real estate neighbourhood previews","B2B; Property","Attach a navigable streets-and-parks neighborhood view to a listing.","Brokerages; portals; property managers","Test $49/listing or $249/month brokerage plan",5,5,3,4,3,20,79,14,"No","Property context","N38; N45; N46; N59","License embeds to property firms; keep general engine IP","Address scene with manually verified amenities and approaches","Listing feeds, neighborhood data maintenance and broker acquisition","Large plausible buyer pool; sales channel less aligned with founder background."
"E05","Existing idea","Live race tracking","Sports; B2B","Show consenting racers and race progress in the real course world.","Race directors; timing firms; spectators","Test $3,000/event plus tracking-provider pass-through costs",5,4,2,4,5,20,79,15,"No","Race products","E04; N04; N07; N51","License integrations to timing firms; retain presentation product","Replay supplied timing checkpoints before attempting live GPS","Participant consent, timing contracts, location gaps and event-day support","High fit but live operations make this harder for one founder."
"E12","Existing idea","Indoor cycling on real streets","Health; Sports","Ride a stylized version of a chosen real route on a stationary bike.","Indoor cyclists; fitness equipment brands","Test $9.99/month; OEM licensing by active device",5,4,2,4,5,20,79,16,"No","Virtual exercise","","Own consumer experience; license OEM editions with limited fields","Manual effort control on one route before equipment integration","Sensor integration, grade resistance, workouts and content depth","Excellent sports alignment; integrations and established workflows add scope."
"E07","Existing idea","Live weather for your block","Consumer","Put local forecast and weather conditions into a familiar street scene.","Households; weather publishers","Test $2.99/month premium; publisher embeds $199/month",5,5,4,2,3,19,78,17,"No","Weather products","E11; E17; N39; N41","License weather presentation; retain flagship visual identity","One address scene with forecast time control","Weather spatial resolution; block-level specificity must be labeled","Engine fit is high but free-weather substitution limits payment."
"N04","New","Race spectator crew planner","Sports; Consumer","Rehearse where a runner's supporters should stand and how to move between viewing points.","Race organizers; spectator groups","Test $3.99 per crew/event or organizer-funded $500 add-on",5,3,3,3,5,19,78,18,"No","Race products","E04; E05; N07; N51","Bundle into owned race product; license organizer use","Three organizer-verified viewpoints and manual travel itinerary","Road closures and arrival times need organizer confirmation","Distinct supporter job; complements race preview instead of a separate launch."
"N21","New","Desk-break neighborhood loops","Health; Enterprise","Offer workers short outdoor break loops around a chosen workplace with seasonal context.","Employers; coworking operators; benefit providers","Test $1/employee/month with $100 monthly minimum",4,4,4,3,4,19,77,19,"No","Walking routines","E01; N02; N15; N20; N22; N33","License employer editions; share one walking-routine platform","Three manually reviewed loops and opt-in reminders","Employer purchase interest and sustained engagement","Simple recurring workflow with a potential partner-funded buyer."
"E03","Existing idea","Hiking preview","Consumer; Outdoors","Walk through a hike in 3D before choosing or packing for it.","Hikers; outdoor retailers","Test $19.99/year or $2.99 regional pack; retailer underwriting",5,4,3,3,4,19,77,20,"No","Route preparation","N03","License to specialist outdoors partners; retain selected consumer demos","Import one route and show terrain and weather context","Reliable terrain, trail access and closure data are not established","Distinct terrain experience; missing trail conditions weaken solo launch."
"E11","Existing idea","Weather news licensing","Licensing; Media","Give publishers recognizable real-place weather visuals for stories.","Local newsrooms; weather media","Test $299/month per newsroom with capped renders",5,3,3,4,4,19,77,21,"No","Weather products","E07; E17; N39; N41","License rendered output and embeds; retain templates/IP","Export one approved weather clip at a supplied address","Editorial reliability, output workflow and source-display rights","Clear paid output but newsroom sales and time-sensitive support remain."
"E14","Existing idea","Sun/shade planner","Consumer; B2B","Explore when a patio, street or outdoor spot may receive sun or shade.","Homeowners; outdoor venues; photographers","Test $9.99 one-time consumer tool or $99/month venue plan",5,4,3,3,4,19,77,22,"No","Light planning","N37","License specialist tools; retain general sunlight interface","Time slider at a place with validated buildings/trees","Accurate occluder heights and tree geometry are not assured","Strong sky strength; precise shade needs more than stylized open geometry."
"N07","New","Personal route ghost replay","Consumer; Sports","Replay a saved run as a moving ghost through the real route and revisit memorable sections.","Runners; cycling clubs","Test $19.99/year add-on or bundled with race preview",5,4,3,3,4,19,77,23,"No","Race products","E04; E05; N04; N51","Retain owned athlete profile and replay experience","Import one consented activity file and replay it locally","Activity import rights, privacy and timestamp/elevation quality","Strong visual replay; competes with existing route/fitness attention."
"N09","New","Neighborhood detective stories","Games; Consumer","Solve fictional mysteries whose clues are placed in the model of the player's own district.","Families; puzzle players","Test $4.99 story pack; $19.99 four-pack",5,4,3,3,4,19,77,24,"No","Local-world games","E02; E08; E09; N08; N10; N12; N52; N53; N55","Exclusive stories and franchise; license world primitives only","One authored case with virtual-only clues","Procedural clue placement and authored narrative quality","Distinct play loop with no multiplayer requirement."
"N56","New","Outdoor sign sightline mockups","B2B; Brands","Mock up proposed signs or murals in real street context for a client review.","Sign companies; outdoor advertising agencies; retail brands","Test $99 project pack or $199/month team license",5,3,3,4,4,19,77,25,"No","Professional place tools","E20; N11; N40; N57","License workspace and client-review output","Place client-supplied sign art on manually verified surfaces","Facade accuracy and sightlines; mockup does not prove visibility or permits","Brand and location context help sell a bounded professional output."
"E19","Existing idea","Tourism","Consumer; B2B","Let visitors explore real places before and during a trip.","Destination organizations; visitors; tour operators","Test $3.99 local guide or $2,000 destination pilot",5,5,3,3,3,19,76,26,"No","Place exploration","N14; N25; N50; N58","License destination editions; retain core touring tools","One curated district and a compact approved story trail","Editorial content and distribution; do not infer opening/access status","Broad category but needs a focused niche and local content."
"E09","Existing idea","Mini games in open areas","Games; Sports","Play small soccer and biking games in recognizable parks and open spaces.","Casual players; sports sponsors","Test $2.99 game packs; sponsored park tournaments",5,4,2,3,5,19,76,27,"No","Local-world games","E02; E08; N08; N09; N10; N12; N52; N53; N55","Exclusive game collection; sell campaign use rights","One digital soccer challenge in one validated open area","Physics, geometry quality and meaningful progression","Sports-brand fit is strong but several sports multiply production."
"E15","Existing idea","Stargazing from your yard","Consumer; Education","Preview the sky above the user's address and plan an observing session.","Families; hobby stargazers","Test $9.99/year or $2.99 astronomy packs",5,3,4,3,3,18,75,28,"No","Sky learning","N27","Retain family app option; license teaching modules","Correct stars and satellites with a date/time slider","Local light pollution and horizon obstruction require added data","Already-supported sky is distinctive; consumer audience is narrower."
"N14","New","Family memory treasure maps","Consumer; Unusual","Make a private story trail through places that matter to a family, with photos and clues.","Families; gift buyers","Test $9.99 keepsake map; $19.99 family archive/year",5,3,4,3,3,18,75,29,"No","Place exploration","E19; N25; N50; N58","Own private storytelling product; license gifting partnerships","Manual five-place trail with private media","Photo permission and durable private sharing/storage","Personal place meaning supplies value with a small feature set."
"N23","New","A window to any neighborhood","Consumer; Unusual","Keep a calming live-weather-and-sky view of a meaningful place on a phone or desktop.","Remote workers; people living away from home","Test $2.99/month or $14.99/year",5,4,4,2,3,18,75,30,"No","Ambient place products","N24; N49; N60","Exclusive consumer ambiance app; license display editions","One saved viewpoint with weather, season and day/night","Always-on battery/render cost and subscriber retention","Engine looks strong immediately; willingness to pay likely limited."
"N27","New","Local orbital mechanics lessons","Education; Licensing","Teach satellite passes, apparent motion and observation geometry from a real address.","Science museums; astronomy educators; schools","Test $149/year educator license or $1,000 exhibit pilot",5,3,4,3,3,18,75,31,"No","Sky learning","E15","License education module; share with stargazing core","Three sky-time exercises with explanatory overlays","Teacher content review and satellite-data update provenance","Existing stars/satellites minimize added engine work."
"N16","New","Mobility confidence trip rehearsal","Accessibility; Health","Rehearse an unfamiliar short trip with a caregiver and annotate checkpoints before going out.","Mobility charities; care teams; families","Test $9.99 trip pack or $99/month organization workspace",5,3,3,4,3,18,73,32,"No","Accessible arrivals","N17; N18; N19; N30","License to trusted specialist partners","Manual route, familiar landmarks and caregiver notes","Verified surfaces/steps and supportive testing; not navigation assurance","Clear confidence benefit; specialist distribution/support needed."
"N26","New","Doorstep earth-science classroom","Education","Teach seasons, shadows and weather through a student's own modeled neighborhood.","Teachers; after-school programs; museum educators","Test $149/classroom/year; school pilot $750",5,4,3,3,3,18,73,33,"No","Place learning","N28; N29","License curriculum editions; retain lesson authoring IP","Three teacher-reviewed activities using time/weather controls","Curriculum quality, classroom access and student privacy","Strong contextual learning but classroom sales/content require work."
"N28","New","Real-street scale and geometry missions","Education; Games","Teach distances, area and spatial reasoning with problems on local roads and parks.","Teachers; families; learning platforms","Test $4.99 family pack or $99/classroom/year",5,4,3,3,3,18,73,34,"No","Place learning","N26; N29","License curriculum modules; retain family game option","Five geometry tasks on verified map features","Age-appropriate content and measurement uncertainty labels","Scale is a distinctive teaching resource; curriculum production takes effort."
"N31","New","Neighborhood pollinator observation quests","Education; Consumer","Collect real user observations of birds and pollinators into an educational neighborhood trail.","Families; nature centers; garden brands","Test $4.99 seasonal pack or $1,500 sponsored program",4,4,3,3,4,18,72,35,"No","Partner activations","N01; N06; N32; N47","Own family quest format; license nature-center programs","Manual observations and curated habitat tasks","Species identification and observation moderation; no inferred sightings","Outdoor brands align with founder; new content/data needed."
"N45","New","Employer relocation orientation","Enterprise; HR","Give relocating staff a curated workplace-area orientation with commute and daily-life landmarks.","Employers; relocation agencies; universities","Test $1,000 destination pilot or $99/month employer plan",5,4,3,4,2,18,72,36,"No","Property context","E13; N38; N46; N59","License employer editions; retain general touring core","One curated campus/workplace approach and local services guide","Verified amenities, HR distribution and editorial updates","Practical buyer task but overlaps property tours and less-aligned sales."
"N08","New","Asynchronous neighborhood conquest","Games; Health","Claim digital street segments through optional walks and defend territory in a turn-based local game.","Casual walkers; friend groups","Test $4.99/month season pass or $2.99 local seasons",5,4,2,3,4,18,72,37,"No","Local-world games","E02; E08; E09; N09; N10; N12; N52; N53; N55","Exclusive game rules, identity and community","Digital-only territory moves before optional location check-ins","Location cheating, permissions and content/social moderation","Local scale creates game value; operations complicate solo delivery."
"N52","New","Neighborhood rhythm game","Games; Music","Turn a real street's turns and landmarks into a music-timed digital game course.","Rhythm-game players; music promotion agencies","Test $4.99 base game plus licensed music packs",5,4,2,3,4,18,72,38,"No","Local-world games","E02; E08; E09; N08; N09; N10; N12; N53; N55","Exclusive game; license promotional editions","One royalty-cleared track and a virtual street course","Music rights, rhythm tuning and usable procedural level generation","Distinct play mechanics but needs game/content production."
"N10","New","Kite and balloon weather sandbox","Games; Education","Fly digital kites and balloons over real parks under selected weather conditions.","Families; science educators; toy brands","Test $4.99 app plus $1,500 sponsored learning pack",5,3,3,2,4,17,71,39,"No","Local-world games","E02; E08; E09; N08; N09; N12; N52; N53; N55","Retain game; license classroom/brand editions","One simplified kite and weather control","New flight physics; weather visualization is not physical validation","Unusual sky-and-place combination; payment potential modest."
"E17","Existing idea","Severe weather on your street","Consumer; Licensing","Place official severe-weather information in a recognizable street context.","Weather publishers; insurers; households","Test $499/month publisher embed; consumer premium bundle",5,5,2,3,3,18,71,40,"No","Weather products","E07; E11; N39; N41","License contextual display; retain selected consumer surfaces","Official alert boundaries and street context, not fabricated damage","Alert licensing/latency; risk models and event support beyond engine","Big audience but urgency and street-level inference raise product burden."
"N11","New","Real-city drone practice simulator","Games; Enterprise","Practice virtual camera moves and obstacle awareness in a chosen real-place scene.","Drone hobbyists; training organizations; camera brands","Test $19.99 practice app or $99/month training workspace",5,4,2,4,3,18,71,41,"No","Professional place tools","E20; N40; N56; N57","License simulator workspace; keep engine/IP","One virtual aircraft, camera path and annotated training course","Flight physics and ground detail; not certified airspace or flight training","Good spatial differentiation but specialist simulation adds work."
"N17","New","Verified wheelchair entrance guides","Accessibility; B2B","Show an audited route from a drop-off point to an accessible entrance.","Venues; access auditors; disability organizations","Test $500 verified venue guide plus $49/month hosting",5,4,2,4,3,18,71,42,"No","Accessible arrivals","N16; N18; N19; N30","License verified guides; keep neutral authoring platform","One partner-audited entrance with date/source labels","Physical audits, slope/surface/door widths and change maintenance","Strong buyer task; access data cannot be derived reliably from maps."
"N41","New","Insurance preparedness scenario walks","B2B; Education","Walk customers through insurer-approved household preparedness tasks in a local scene.","Insurers; brokers; preparedness organizations","Test $5,000 sponsored pilot then per-program license",5,4,2,4,3,18,71,43,"No","Weather products","E07; E11; E17; N39","License insurer content/edition; retain generic scenarios","One approved storm-preparation checklist in a familiar place","Expert content; no address-level damage/loss probabilities without models","Potential sponsor value but review and procurement add work."
"N44","New","Delivery-driver neighborhood training","Enterprise; Simulation","Train new staff with virtual navigation and handoff scenarios on their actual service area.","Delivery franchises; courier training teams","Test $1,000 single-area module or $199/month training plan",5,4,2,4,3,18,71,44,"No","Field operations","N34; N35; N36; N42; N43","License training modules; retain generic scenario engine","Five manually authored virtual delivery tasks","Accurate entrances and training content; no dispatch required for MVP","Reuses Neighborhood Jobs mechanics commercially, with extra verification."
"E16","Existing idea","Live transit 3D","Consumer; Licensing","Watch buses and trains moving through the familiar city model.","Transit enthusiasts; agencies; mobility apps","Test $2.99/month enthusiast tier; embeds $199/month",5,4,3,2,3,17,70,45,"No","Mobility displays","N13; N54","License visual layer to mobility partners","One licensed feed matched to routes and timestamped vehicles","Agency-specific rights, feed quality and missing predictions","Beautiful engine showcase; standalone consumer payment is weak."
"N13","New","Transit dispatcher puzzle","Games; Education","Solve fictional routing and timing puzzles on recognizable local train and bus networks.","Puzzle players; transit museums","Test $4.99 game plus city puzzle packs",5,3,3,3,3,17,70,46,"No","Mobility displays","E16; N54","Exclusive puzzle game; license educational editions","Static local routes and simulated vehicles","Puzzle design; live feeds optional and separately licensed","Makes transport geometry playable without live operational dependence."
"N19","New","Sensory-friendly arrival rehearsal","Accessibility; Health","Preview an arrival with a repeatable sequence, predictable landmarks and personal sensory notes.","Families; therapists; venues","Test $9.99 guide or $99/month partner workspace",5,3,3,3,3,17,70,47,"No","Accessible arrivals","N16; N17; N18; N30","License partner-curated guides; retain personalization tool","One repeatable arrival sequence with manual notes","Sensory facts and user testing; no therapeutic efficacy claim","Visual familiarity is plausible, but benefit and payment need testing."
"N25","New","Memorial story walks","Consumer; B2B; Unusual","Create a family-controlled digital walk through places in a loved one's life.","Families; memorial-service partners","Test $49 keepsake walk plus optional $10/year hosting",5,3,3,3,3,17,70,48,"No","Place exploration","E19; N14; N50; N58","Retain family content rights; license memorial partner workflow","Private five-place story with photos and narration","Sensitive content permissions and long-lived hosting expectations","Meaningful gifting use; distribution and service expectations constrain ease."
"N53","New","Street-block tabletop strategy","Games","Use familiar local blocks as the board for an offline tactical territory puzzle.","Strategy players; families","Test $6.99 premium game",5,3,3,3,3,17,70,49,"No","Local-world games","E02; E08; E09; N08; N09; N10; N12; N52; N55","Exclusive game rules and franchise","One digital board with simple fictional units and offline turns","Balance and procedural board quality; avoid claiming physical access","Local geometry changes the board without outdoor location operations."
"N34","New","Parcel handoff route briefings","Enterprise; Logistics","Give drivers a recipient-approved visual approach to a hard-to-find handoff point.","Delivery operators; property managers","Test $99/site/month or negotiated fleet license",5,5,2,4,2,18,70,50,"No","Field operations","N35; N36; N42; N43; N44","License workflow to logistics partners","Manual recipient-approved entrance note at one site","Private access facts, dispatch integration and operational support","Potentially broad buyer pool; enterprise delivery burden hurts solo fit."
"N12","New","Backyard adventure course designer","Consumer; Games","Sketch a digital obstacle or family adventure course on a manually marked outdoor area.","Families; activity brands","Test $4.99 plan pack or sponsor-funded family edition",4,3,3,3,4,17,69,51,"No","Local-world games","E02; E08; E09; N08; N09; N10; N52; N53; N55","Retain family design app; license branded packs","User-drawn boundaries and simple course pieces","Private-space geometry and physical setup must be entered/checked by user","Useful place-based play but cannot infer backyard obstacles."
"N32","New","Cleanup team mission board","Civic; B2B","Coordinate volunteer litter-cleanup segments and show before/after progress in the local model.","Cleanup nonprofits; municipalities; sponsors","Test $500 campaign or $99/month organization plan",4,3,3,3,4,17,69,52,"No","Partner activations","N01; N06; N31; N47","License organization dashboards; retain volunteer product","Verified segments, volunteer assignments and uploaded photos","Volunteer moderation and task permission; no automatic litter detection","Good partner story but budgets and reporting expectations uncertain."
"N20","New","Gentle walking recovery journal","Health; Consumer","Help users plan a manageable personal loop and record how they felt afterward.","Adults returning to activity; wellness partners","Test $3.99/month; organization pilot $149/month",4,4,3,3,3,17,68,53,"No","Walking routines","E01; N02; N15; N21; N22; N33","License wellness editions; retain journal option","User-selected distance and subjective check-in","No clinical protocols or diagnosis; local access/terrain verified manually","Broad wellness opportunity but differentiation beyond DogWell is uncertain."
"N22","New","Retirement community walk clubs","Health; B2B","Let activity coordinators publish familiar group walks and share a visual club calendar.","Retirement communities; senior activity programs","Test $99/month per site plus $250 onboarding",4,3,3,4,3,17,68,54,"No","Walking routines","E01; N02; N15; N20; N21; N33","License site editions through operator partners","Coordinator-selected verified routes and group calendar","Staff-led route checks and site onboarding; no medical claims","Named buyer and recurring use; care-sector distribution less familiar."
"N39","New","Garden weather task calendar","Consumer; Commerce","Attach user-entered plants and outdoor areas to seasonal care tasks and forecast context.","Gardeners; nurseries; garden brands","Test $19.99/year; nursery-sponsored $1,500 local program",4,4,3,3,3,17,68,55,"No","Weather products","E07; E11; E17; N41","License nursery editions; retain consumer garden journal","Manual plant list with curated seasonal reminders","Horticultural guidance, plant data and microclimates need additions","Weather-plus-place is useful but competes with broader garden tools."
"N59","New","Local service portfolio previews","B2B; Commerce","Let local tradespeople show consented completed work and service areas as a spatial portfolio.","Landscapers; exterior contractors; local service franchises","Test $29/month business profile or $299/year",4,4,3,3,3,17,68,56,"No","Property context","E13; N38; N45; N46","License business embeds; retain portfolio platform","Approved before/after images pinned to generalized locations","Client privacy, image permission and small-business distribution","Recurring marketing buyer; place context alone may not drive payment."
"N30","New","Child pedestrian practice world","Education; Accessibility","Practice simulated crossings and recognizing familiar landmarks before a family trip.","Families; schools; road-safety charities","Test sponsor-funded school pack; family $4.99",5,4,2,3,3,17,68,57,"No","Accessible arrivals","N16; N17; N18; N19","License educational edition; keep shared simulation tools","Virtual-only crossing scenarios reviewed by educators","Traffic signals, sightlines and safety pedagogy need verified inputs","Local familiarity is strong; simulation fidelity cannot be assumed."
"N36","New","Snow-service crew rehearsal","Enterprise; Local services","Rehearse real snow-clearing assignments and marked staging areas before dispatch.","Snow-service contractors; property operators","Test $149/month seasonal crew plan plus $500 site setup",5,3,2,4,3,17,68,58,"No","Field operations","N34; N35; N42; N43; N44","License contractor workspace; keep game content separate","Manual property boundaries, assignment paths and simple notes","Equipment clearances, site data and weather-dependent operations","Distinct from the snowplow game; real operations need verified geometry."
"N49","New","Live-world lockscreen and companion views","Licensing; Consumer","Package small address-specific sky/weather/place views for other apps and device surfaces.","Launcher/widget developers; lifestyle apps; device makers","Test $199/month partner plan plus capped scene usage",5,4,2,3,3,17,68,59,"No","Ambient place products","N23; N24; N60","License constrained visual component; retain full ambiance app","One static/periodic view before any continuous rendering","OS/widget restrictions, battery and update budget; not 60fps on widget surfaces","Distinct licensing surface but platform constraints need checking."
"N55","New","Your-town model railway designer","Consumer; B2B; Unusual","Turn local railway geometry into a virtual layout that hobbyists can edit and run as a toy model.","Model railway hobbyists; hobby retailers","Test $19.99 design app plus $4.99 local layout packs",5,3,2,4,3,17,68,60,"No","Local-world games","E02; E08; E09; N08; N09; N10; N12; N52; N53","Own hobby design app; license retailer catalog integrations","Simplified track editing and one virtual train","Track constraints and physical layout standards need new tooling","Distinct hobby purchase but specialized editor work is substantial."
"N57","New","Street furniture product configurator","B2B; Commerce","Place supplier-provided benches, bike racks and shelters in a local scene for product discussions.","Street furniture makers; campus and venue buyers","Test $1,500 catalog pilot plus $199/month supplier embed",5,3,2,4,3,17,68,61,"No","Professional place tools","E20; N11; N40; N56","License supplier edition; retain placement/editor IP","Three approved product models and manual site placement","Product assets, clearances and surveyed site information","Useful catalog sales tool but assets and engineering-adjacent workflow add scope."
"N60","New","Your street as a weather instrument","Consumer; Creative; Unusual","Compose ambient music and visual art from the sky, weather and movement of a saved place.","Creative hobbyists; sound-art venues; ambient app partners","Test $4.99 creator pack or $99/month venue edition",5,3,3,2,3,16,67,62,"No","Ambient place products","N23; N24; N49","Own creative app; license venue installations and generated output","One procedural sound palette driven by weather/time variables","Sound design, export rights and any live-feed audio derivation permissions","An unusual expressive use of the engine with uncertain payment."
"N35","New","Home-care visit entrance briefings","Enterprise; Health","Show staff a client-approved approach and exterior entrance notes before a first visit.","Home-care agencies; visiting-service operators","Test $149/month per small agency plus onboarding",5,4,2,4,2,17,67,63,"No","Field operations","N34; N36; N42; N43; N44","License secure agency workspace; no sharing client records","One consented exterior brief with role-limited access","Sensitive client information, access control and agency-system integration","Repeated need but security/integration outside current founder strengths."
"N42","New","Utility streetwork customer notices","Enterprise; Utilities","Show residents which verified entrances and road sections a planned work project affects.","Utilities; civil contractors; communication agencies","Test $1,000/project or $299/month agency license",5,4,2,4,2,17,67,64,"No","Field operations","N34; N35; N36; N43; N44","License communication embeds; keep authoring IP","Import one contractor-approved closure/access plan","Exact works, schedule and access facts must come from operator","High explanatory value; enterprise updates and project data are substantial."
"E06","Existing idea","Agent API/MCP for addresses","Licensing; Enterprise","Return world scenes and geographic context for an address to agent workflows.","Agent developers; property and travel platforms","Test $99/month developer plan plus metered scene/API usage",4,4,2,4,3,17,66,65,"No","Platform APIs","N48","License API access; keep renderer and general engine IP","One address-to-scene tool with a narrow documented schema","Web rendering, data provenance, usage rights and API operations","Broad potential but developer acquisition and service maintenance add work."
"N48","New","Real-place game world SDK","Licensing; Games","Let studios build their own digital games on WorldEngine's real-place geometry and presentation.","Independent game studios; platform developers","Test $99/month developer tier; negotiated minimum and usage royalties",5,4,1,4,3,17,66,66,"No","Platform APIs","E06","License bounded runtime/SDK; retain owned franchises and engine IP","One documented scene loader and one playable partner sample","SDK stability, support, provenance and third-party feed rights","High engine differentiation but developer platform work is large."
"N29","New","Civics street-budget classroom","Education; Civic","Let students allocate a fictional budget to local street and park improvements.","Civics teachers; youth programs","Test $149/classroom/year or sponsored civic lesson pack",4,3,3,3,3,16,65,67,"No","Place learning","N26; N28","License teaching edition; keep scenario framework","One fictional budget and replaceable street assets","Costs are illustrative; not an engineering or municipal estimate","Good civic learning task with moderate buyer reach."
"N24","New","Long-distance shared place rooms","Consumer; Unusual","Meet privately in a stylized favorite street or park with shared sky and memories.","Couples; friends; geographically split families","Test $19.99/year per private room",5,3,2,3,3,16,65,68,"No","Ambient place products","N23; N49; N60","Exclusive social experience; keep personal content private","Asynchronous notes in one shared place before live chat","Realtime sync and private content storage; moderation if public","Emotional place angle but adds a new social-system burden."
"N50","New","Neighborhood time-capsule comparisons","Consumer; Education; Unusual","Compare intentionally captured scene versions and family memories as a neighborhood changes.","Families; local historians; museums","Test $19.99/year archive or $1,000 museum pilot",5,3,2,3,3,16,65,69,"No","Place exploration","E19; N14; N25; N58","Retain personal archive; license heritage displays","Two explicitly dated snapshots and user notes","Historical geometry is not already provided; capture and provenance needed","Unusual place memory product with substantial archive requirements."
"N54","New","Aircraft spotting logbook","Consumer; Education","Log observed aircraft and replay verified permitted tracks above a chosen neighborhood.","Aviation hobbyists; aviation museums","Test $19.99/year or $1,000 museum demonstration license",5,3,2,3,3,16,65,70,"No","Mobility displays","E16; N13","License museum editions; retain hobbyist logbook option","Manual sightings and imported licensed historical tracks","Aircraft feed commercial/display rights and incomplete positions","Uses the sky/plane layer; data rights and hobby audience lower ease."
"E20","Existing idea","City planning visuals","Enterprise; Civic","Visualize proposed changes to real streets and open spaces.","Planning teams; consultancies; local governments","Test $5,000 scoped pilot; annual licenses after workflow validation",5,4,1,5,2,17,65,71,"No","Professional place tools","N11; N40; N56; N57","License professional workspace; no city-wide engine exclusivity","Import one consultant-supplied proposal layer","Survey accuracy, GIS import, procurement and bespoke support","High project value but poor initial solo sales/build fit."
"N58","New","Private neighborhood notice corners","Consumer; Community","Pin time-limited group notices to recognizable local corners in a private neighborhood world.","Resident associations; apartment communities","Test $49/month community edition",4,4,2,3,3,16,63,72,"No","Place exploration","E19; N14; N25; N50","License managed community editions; retain shared tools","Private invitation-only group with moderator-authored notices","Content moderation, trust and privacy; no open public feed for MVP","Creates a different local communication task but adds social support."
"E08","Existing idea","Tag/hide-and-seek multiplayer","Games","Play a digital pursuit game in a shared model of your real neighborhood.","Friend groups; casual players","Test $4.99 premium plus cosmetic packs",5,4,1,3,3,16,63,73,"No","Local-world games","E02; E09; N08; N09; N10; N12; N52; N53; N55","Exclusive game rules/community; license general world technology","Single-player bot pursuit before networked rooms","Networking, cheating, moderation and mapping private areas","Compelling game space; multiplayer operations sharply reduce solo ease."
"N38","New","Solar proposal scene explainer","B2B; Energy","Place installer-supplied solar layouts on a neighborhood scene to explain a customer's proposal.","Solar installers; energy-sales agencies","Test $299/month installer license or $25 proposal render",4,4,2,4,2,16,62,74,"No","Property context","E13; N45; N46; N59","License to installers; keep calculation system outside engine","Import a verified installer layout and display it","Roof geometry, engineering and yield models not supplied by engine","Paid buyer exists in hypothesis, but specialist inputs and sales are substantial."
"N46","New","Retail site catchment presentations","Enterprise; Property","Turn buyer-supplied catchment and site information into a spatial presentation.","Retail property advisors; franchise development teams","Test $500 presentation or $299/month team license",4,4,2,4,2,16,62,75,"No","Property context","E13; N38; N45; N59","License professional output/workspace","One site with supplied catchment overlays","Footfall, demographics and economic analysis require other sources","Visual engine adds explanation rather than site-selection evidence."
"N40","New","Neighborhood heat outreach planner","Enterprise; Civic","Visualize externally verified heat-risk information and organize outreach at local gathering places.","Public-health groups; climate nonprofits; cities","Test $3,000 scoped partner pilot",5,4,1,4,2,16,62,76,"No","Professional place tools","E20; N11; N56; N57","License verified partner layers and visualization","Import one supplied heat layer and mark outreach stops","Street-temperature/health-risk data and expert review not part of engine","Strong visual explanation; high data and institutional-sale burden."
"N15","New","Quiet soundwalk composer","Health; Accessibility","Build a reflective walking route using user-reviewed noise and sensory notes.","Walkers; wellness organizations","Test $19.99/year or $99/month organization plan",4,3,2,3,3,15,60,77,"No","Walking routines","E01; N02; N20; N21; N22; N33","License curated wellness routes; retain composer","User-reviewed route and guided audio with quietness unknown labels","Noise and sensory data are not in engine; cannot infer quiet from geometry","Interesting wellbeing task but new evidence collection is the bottleneck."
"N33","New","Lost-pet search coordination","Consumer; Civic","Help a trusted group divide search areas, record sightings and avoid duplicated effort.","Pet owners; shelters; rescue groups","Test shelter-funded $49/month tool; free urgent consumer use",4,4,2,2,3,15,60,78,"No","Walking routines","E01; N02; N15; N20; N21; N22","License to shelters; protect personal/sighting data","Private search sectors and manually reported sightings","Location privacy, false reports and urgent support; no pet tracking sensor","Useful pet adjacency, but crisis use and low direct payment limit rank."
"N18","New","Audio and haptic neighborhood rehearsal","Accessibility; Consumer","Provide a guided audio/haptic representation of a route for pre-trip familiarization.","Low-vision users; orientation specialists","Test organization-funded $99/month pilot; free learner access",4,3,2,3,2,14,56,79,"No","Accessible arrivals","N16; N17; N19; N30","License through specialist partners","A nonvisual landmark tour designed with target users","Accessibility research and verified route cues; not real-time safety guidance","Useful inclusion angle but unfamiliar specialist product requirements."
"N43","New","Vegetation inspection route preparation","Enterprise; Utilities","Preview inspection routes and attach supplied asset/tree tasks to the street world.","Utilities; arborist firms; facilities contractors","Test $199/month crew workspace plus setup",4,3,1,4,2,14,54,80,"No","Field operations","N34; N35; N36; N42; N44","License specialist workspace","Import supplied inspection points and assignment notes","Tree/utility asset datasets, GIS integration and ground verification","Mapping alone is insufficient; operational specialization reduces ease."
