metro,tree_spacing_m_proposal,tree_density_observed,parkway_width_m_proposal,sidewalk,curb,wires,alleys,fences_walls,driveways,lawn_xeriscape_gravel,dry_lawn_hex_proposal,soil_rock_hex_proposal,terrain,downtown_materials,downtown_hex_proposal,skyline,impact_rank,omit_details,evidence_urls,unresolved,region,msa_rank_2025,cbsa_code,msa_population_2025,population_source_url,controls_status,source_scope,checked_date
Chicago,10–15,Unverified;actual inventoried points/canopy override,1.5–2.5,"Proposed concrete sidewalk #BEBBB2, width 1.5–1.8 m; actual surface/geometry overrides",Proposed concrete vertical curb 0.12–0.18 m; ordinance total lot-line-to-curb width is not planted parkway,Unverified distribution;only mapped utility runs,Mapped rear access in alley blocks; suburban front/side access where mapped; frequency unverified,Proposed low metal front fence0.8–1.2m conditional;rear wood/chainlink unverified prevalence,Proposed alley block rear apron versus suburban front/side drive2.5–3.2m;actual geometry controls,"Proposed temperate grass/tree strips,not measured landcover",#9D9E68;weather/phenology controlled rather than fixed dry season,#806A50;proposed;only expose where landcover evidence,Use actualDEM/lakes/river geometry;metro slope distribution unverified;do not flatten bluffs,Glass/steel example documented by Chicago Architecture Center; skyline material proportions unverified,#6F878B; #B5B3A9; #343A3B,Proposed: varied tall masses from actual height/footprint geometry; no logos,Proposed: roof/massing 1; narrow frontage/brick/alley 2; canopy 3; porch/base 4; fences 5,PROPOSED omit details below1pixel:brickjoints/shinglelaps/muntins/balusters;preserve silhouette/porch slabs,https://codelibrary.amlegal.com/codes/chicago/latest/chicago_il/0-0-0-2650968 | https://www.architecture.org/city-tours/inland-steel-building | https://www.architecture.org/online-resources/buildings-of-chicago/chicago-bungalow,"Metro tree/lot/setback distributions, wires/fences, ground colours unverified. 14 ft (4.27 m) ordinance dimension is total lot-line-to-curb width for stated street class, not parkway. Green Alley PDF returned403; unused, no bypass.",Midwest,3,16980,9434123,https://www2.census.gov/programs-surveys/popest/datasets/2020-2025/metro/totals/cbsa-est2025-alldata.csv,"All weights, numeric default dimensions, roof pitches, spacing and hex values are proposals unless explicitly marked sourced; observed geometry overrides",City/district examples and standards establish local forms only; full-MSA distributions unverified,2026-10-07
Denver,"10–15 on established blocks; Golden Triangle35ft=10.67m is scoped design reference, not measured density",unverified: no representative linear street-tree density,"1.5–2.5 older blocks;8ft=2.44m local/collector design reference, not observed width",Concrete; surviving Lyons sandstone in historic areas. Hex proposals concrete#C9C5B9/sandstone#B88B70,Vertical concrete proposal; prevalence unverified,Mapped power lines only; no unverified universal overhead grid,Preserve mapped historic circulation; service=alley geometry first,Historic retaining walls/fences; low stone walls only on DEM-supported slopes; rear wood fence proposal,Mapped access first; historic rear-alley/suburban front-drive presets conditional,"Mixed usable lawn, climate-adapted beds and low-water yards; proportions unverified, not uniform gravel",#B0A16A stressed/dormant;#7F9159 irrigated (proposals),#A58A69 soil;#B7ADA0 rock (proposals),"Rolling South Platte/gulches; DEM drives terrain; western distant mountain views, not mountains inside every tile","Golden Triangle guidance: masonry bases, architectural metals/concrete/stone/stucco; skyline material shares unverified",#738B91 glass;#8F9694 metal;#A18D77 masonry,Proposed compact tower cluster/western mountain backdrop; actual geometry overrides; no logos,1 terrain/backdrop;2 heights;3 hip-box versus low gable/ranch roofs;4 yellow/red brick blocks;5 tree lawns/porches/garages;6 sandstone patches,"Subpixel brick bonds, stained glass, balusters, brackets, utility insulators",https://denvergov.org/files/assets/public/v/1/community-planning-and-development/documents/planning/projects/southwest-area-plan/southwest_area_plan_draft_1_public_review.pdf | https://www.denvergov.org/content/dam/denvergov/Portals/646/documents/Zoning/other_regulations/Design-standards-guidelines/Golden_Triangle_B-8-G_Design_Guidelines.pdf | https://www.denvergov.org/files/assets/public/v/1/community-planning-and-development/documents/planning/plans/near_northwest_area_plan.pdf | https://www.denvergov.org/files/assets/public/v/3/community-planning-and-development/documents/landmark-preservation/design-review-and-guidelines/denver_landmark_guidelines-landscape.pdf | https://www.denvergov.org/files/assets/public/v/3/community-planning-and-development/documents/landmark-preservation/design-review-and-guidelines/denver_landmark_guidelines-new_bldg.pdf | https://www.denverwater.org/residential/rebates-and-conservation-tips/remodel-your-yard/xeriscape-plans | https://www.denvergov.org/content/dam/denvergov/Portals/646/documents/planning/Plans/Denver_Downtown_Area_Plan.pdf,"Metro shares, empirical tree spacing/parkways/wires/garage frequency/pitch distributions/assessor fields/suburban licences/skyline shares; some official indexed excerpts only",Mountain West,19,19740,3092037,https://www2.census.gov/programs-surveys/popest/datasets/2020-2025/metro/totals/cbsa-est2025-alldata.csv,"All weights, numeric default dimensions, roof pitches, spacing and hex values are proposals unless explicitly marked sourced; observed geometry overrides",City/district examples and standards establish local forms only; full-MSA distributions unverified,2026-10-07
Miami,"10–18; fallback mixed broadleaf/palms, not palm-only metro default","20.1% canopy inside county Urban Development Boundary, 2021; NOT street-tree density",0–2.5,light concrete proposed; actual material/absence wins; slab texture near only,concrete provisional; verify geometry/type locally,Mapped utility evidence only; citywide frequency unverified,Only mapped alley graph; do not invent metro-wide rear access,Miami: low rendered walls/hedges proposal; others wood/hedge/open front proposals; actual mapped evidence wins; proportions unverified,Historic side/rear access versus ranch carport and later front/side garage proposals; actual road/access topology wins,turf/planting beds and canopy proposed; gravel/xeriscape only where evidenced; no uniform city lawn-colour calendar,"#A6A06C; weather/species/irrigation dependent, not fixed seasonal observation","#D7C8AA/#C8BEA9; art proposal, not mapped soil colour",Actual DEM; low-relief treatment proposed,"white/off-white balcony bands and blue-grey glazing, proposed; dominance unverified",#E8E7DE/#7F9EA6,Actual waterfront tower spacing/heights; narrative/material dominance unverified,Proposal: 1 real terrain/water/tower geometry and canopy; 2 low-rise archetype mass/roof; 3 broad material colour; 4 porch/carport/garage void; 5 driveway/wall pattern,"Far LOD: omit brick joints, siding lines, rafters, fine ornament, jalousies and screen perforations; retain broad silhouette/shadow",https://www.miamidade.gov/govaction/matter.asp?file=true&fileAnalysis=false&matter=230560&yearFolder=Y2023 | https://blogs.ifas.ufl.edu/charlotteco/2022/05/27/foolproof-lawncare-st-augustinegrass/ | https://blogs.ifas.ufl.edu/sarasotaco/2024/06/27/dry-season-landscaping/ | https://gisweb.miamidade.gov/GISSelfServices/Data/HTML/PTXGIS.htm,All spacing/widths/palettes are generator proposals. No empirical house shares. Wires/alleys/fences/material prevalence and downtown dominance unverified. Canopy benchmark scope/vintage differs by source. Commercial municipal/assessor redistribution rights unclear.,Southeast/Florida,8,33100,6391072,https://www2.census.gov/programs-surveys/popest/datasets/2020-2025/metro/totals/cbsa-est2025-alldata.csv,"All weights, numeric default dimensions, roof pitches, spacing and hex values are proposals unless explicitly marked sourced; observed geometry overrides",City/district examples and standards establish local forms only; full-MSA distributions unverified,2026-10-07
New York,8–15 on residential blocks where inventory absent; not observed density,unclear: no metro-wide representative street-tree density measured,0–1.5 dense core furnishing strip;1.5–2.5 suburban proposal,Standard grey concrete; historic bluestone/granite alternatives [https://www.nyc.gov/site/designcommission/design-review/design-guidelines/distinctive-sidewalks.page],"Granite, steel-faced and concrete alternatives [https://www.nyc.gov/site/designcommission/design-review/design-guidelines/distinctive-sidewalks.page]; relative prevalence unclear",Use mapped power lines only; regional overhead share unverified,Use highway=service+service=alley geometry only; regional alley coverage unclear,Low metal areaway/front-yard fences and rear wood fences proposal; no measured prevalence,Preserve mapped driveway/garage access; do not cut front driveways into every attached row,"Paved core frontages; lawns/plant beds on detached lots, proposed—not measured shares","#A99D69 dormant/stressed;#7F955F green; proposed, no uniform climate inference","#927F66 soil;#AAA59A rock; proposed, not regionally sampled",Use DEM and actual river/island geometry; no blanket flat-metro assumption,Glass/metal plus stone/brick proposal; material-share distribution unverified,#7D969D glass;#C8C4B6 pale masonry;#97715B brick; proposed,Separate Midtown and Lower Manhattan view directions and river/harbor setting [https://a856-centre360.nyc.gov/]; actual height geometry first; borough/suburban skyline distributions unresolved,1 skyline/water geometry;2 attached-block heights;3 brownstone versus brick colour masses;4 stoop/areaway rhythm;5 tree pits versus suburban lawns,"Subpixel brick bonds, cornice carving, stained glass, step veining, porch balusters and door numbers; no addresses/logos",https://www.nyc.gov/site/designcommission/design-review/design-guidelines/distinctive-sidewalks.page | https://a856-centre360.nyc.gov/ | https://www.nyc.gov/assets/planning/download/pdf/applicants/env-review/hudson_square/07_feis.pdf,Metro versus city/district coverage; no empirical shares; actual pitch/setback/lot/tree/landscape distributions; assessor-specific building/style fields and separate suburban licences. Proposals must not be labelled measured or dominant.,Mid-Atlantic/Northeast,1,35620,20112448,https://www2.census.gov/programs-surveys/popest/datasets/2020-2025/metro/totals/cbsa-est2025-alldata.csv,"All weights, numeric default dimensions, roof pitches, spacing and hex values are proposals unless explicitly marked sourced; observed geometry overrides",City/district examples and standards establish local forms only; full-MSA distributions unverified,2026-10-07
Los Angeles,10,unclear: no comparable metro-wide trees-per-street-length denominator,1.5,proposal: concrete slabs; instantiate interruptions/curbless exceptions from geometry,proposal: concrete curb/gutter where mapped,proposal: only where mapped overhead utility evidence exists; otherwise omit,proposal: mapped alleys only; never uniform by metro,"proposal: modest wood/stucco/block/hedge variants; retaining walls by slope, not social labels",proposal: side access for early forms; garage apron for tract forms; mapped access takes precedence,proposal: varied lawn/drought planting/mulch/gravel by land-cover evidence; avoid uniform regional stereotypes,#B8AA70,#B29C7D,"proposal: retain actual elevations, slopes, grade-following houses and steps; never flatten city",proposal: brick/stucco historic blocks; glass/concrete towers,#B9B7AF,proposal: actual footprints/heights; avoid fabricated landmark replicas,2,"logos, actual addresses, people/ownership/household fields, unmapped wires, specific private decoration",https://www.torranceca.gov/Government/Departments-Offices/Departments-Offices/Community-Development/Planning-Division/Comprehensive-Planning/Historic-Preservation-Program/Architectural-Design-Guidelines; https://planning.lacity.gov/odocument/097f6db5-feee-43f5-a448-fd140763de90/MediterraneanandIndigenousRevivalArchitecture_1893-1948.pdf,"No metro prevalence or measured street distribution established. City/district sources are not metro surveys. Numeric spacing/width/colors/rank proposals. Contemporary tract mix, county coverage and GIS licences unclear; San Diego December 2024 manual identified as public draft.",Pacific,2,31080,12844441,https://www2.census.gov/programs-surveys/popest/datasets/2020-2025/metro/totals/cbsa-est2025-alldata.csv,"All weights, numeric default dimensions, roof pitches, spacing and hex values are proposals unless explicitly marked sourced; observed geometry overrides",City/district examples and standards establish local forms only; full-MSA distributions unverified,2026-10-07
Dallas–Fort Worth,9–16,Unclear: no metro-wide street-tree density measured; inventories/canopy should override fallback spacing.,1.2–3,"Proposal: concrete1.2–1.8m where mapped; preserve real gaps, never assert universal sidewalk coverage.",Proposal: simple concrete curb/gutter where supported; preserve mapped non-curbed edges.,Render overhead lines only from mapped power-line geometry; omitted if unsupported.,"Use mapped alleys; Fairmount guide references alleys and detached garages, not all DFW streets.",Proposal: restrained rear/side wood fences; no universal front fence.,Proposal: concrete front/side drive or mapped alley approach; curb cuts only where supported.,Proposal: lawn/bed mosaic driven by land cover and weather; retain canopy variation instead of blanket suburb styling.,#A59D6A; #B3A779,#9B8467; #B5A489,Use3DEP heights; no uniform flatness or invented hills. Neutral low-relief fallback is a proposal.,Proposal: brick/stone low-rise plus glass/concrete towers; geographic building attributes override.,#A7856B; #929B9F; #B2AA98,Two independent building clusters from real Dallas/Fort Worth footprints/heights; no invented landmark proportions or logos.,"Proposal: high for canopy, roof silhouette, footprint/height, setbacks and terrain; medium for porch/curb; low for small trim.","No addresses, house numbers, owner/occupant data, logos, named-business signs, demographic labels, literal photo/plan copies, ornate trim at distant LOD or unsupported universal palms/tile roofs.",https://www.fortworthtexas.gov/files/assets/public/v/1/development-services/documents/all-preservation-and-design/historic/historic-districts/fairmount/section1-introduction.pdf; https://dallascityhall.com/departments/pnv/PublishingImages/Pages/Lakewood-Expansion/CD%202_Lakewood%20Expansion_TractIV_FINAL%20CPC%20DRAFT.pdf; https://dallascityhall.com/projects/forestry/Pages/resources.aspx; https://docs.overturemaps.org/schema/reference/buildings/building/; https://www.usgs.gov/3d-elevation-program; https://www.nrcs.usda.gov/resources/data-and-reports/soil-survey-geographic-database-ssurgo,"Metro prevalence, actual roof/material attribute fill rates, parcel setbacks/lot widths, utility-wire and curb coverage, tree species/density and city-source reuse licences remain unverified.",Texas/South Central,4,19100,8477157,https://www2.census.gov/programs-surveys/popest/datasets/2020-2025/metro/totals/cbsa-est2025-alldata.csv,"All weights, numeric default dimensions, roof pitches, spacing and hex values are proposals unless explicitly marked sourced; observed geometry overrides",City/district examples and standards establish local forms only; full-MSA distributions unverified,2026-10-07
Houston,8–15,Unclear: no metro-wide street-tree density measured; inventories/canopy should override fallback spacing.,1–3,Proposal: concrete1.2–1.8m where mapped; retain real discontinuities.,Support curb/gutter and open-ditch edge variants only where mapped; district2025 report documents ditch work in specific areas.,Actual power-line/pole geometry only; avoid unsupported citywide utility assignment.,"Mapped alleys only; otherwise side/shared drive proposal, not universal alley access.",Proposal: rear/side wood fences; small garden fence only with geometry or scoped evidence.,Proposal: concrete side/front drives; shared townhouse courts only from geometry; culvert over ditch only when supported.,"Proposal: vegetation mosaic with broad-canopy tree templates; East End source describes live oaks locally, not all Houston. No desert-style default.",#A7A878; #B4AA7E,#9B8467; #B5A489,Use3DEP; flat-looking fallback is a proposal and must not erase drainage channels/bayous.,Proposal: glass/concrete towers plus brick warehouse/low-rise blocks; base on footprints/heights.,#7D9299; #AAA69B; #A17C67,"Geometry-derived downtown cluster; actual heights first, neutral extrusion if missing.","Proposal: high for canopy, roof silhouette, footprint/height, setbacks and terrain; medium for porch/curb; low for small trim.","No addresses, house numbers, owner/occupant data, logos, named-business signs, demographic labels, literal photo/plan copies, ornate trim at distant LOD or unsupported universal palms/tile roofs.",https://www.houstontx.gov/planning/HistoricPres/HistoricPreservationManual/historic_districts/glenbrook_arch.html; https://www.houstontx.gov/planning/HistoricPres/HistoricPreservationManual/historic_districts/freeland_arch.html; https://www.houstontx.gov/planning/_urban/Phase2-3/EastBookLG.pdf; https://houstontx.gov/council/c/2025-report.html; https://docs.overturemaps.org/schema/reference/buildings/building/; https://www.usgs.gov/3d-elevation-program; https://www.nrcs.usda.gov/resources/data-and-reports/soil-survey-geographic-database-ssurgo,"Metro prevalence, actual roof/material attribute fill rates, parcel setbacks/lot widths, utility-wire and curb coverage, tree species/density and city-source reuse licences remain unverified.",Texas/South Central,5,26420,7904627,https://www2.census.gov/programs-surveys/popest/datasets/2020-2025/metro/totals/cbsa-est2025-alldata.csv,"All weights, numeric default dimensions, roof pitches, spacing and hex values are proposals unless explicitly marked sourced; observed geometry overrides",City/district examples and standards establish local forms only; full-MSA distributions unverified,2026-10-07
Atlanta,8–14; fallback broadleaf canopy with locally evidenced evergreens,47.9% City of Atlanta canopy from October 2008 imagery; NOT current MSA or street density,1–3,light concrete proposed; actual material/absence wins; slab texture near only,concrete provisional; verify geometry/type locally,Mapped utility evidence only; citywide frequency unverified,Only mapped alley graph; do not invent metro-wide rear access,Miami: low rendered walls/hedges proposal; others wood/hedge/open front proposals; actual mapped evidence wins; proportions unverified,Historic side/rear access versus ranch carport and later front/side garage proposals; actual road/access topology wins,turf/planting beds and canopy proposed; gravel/xeriscape only where evidenced; no uniform city lawn-colour calendar,"#9B9765; weather/species/irrigation dependent, not fixed seasonal observation","#9C6749; art proposal, not mapped soil colour","Actual DEM; USGS regional Piedmont context supports rolling relief, not constant slope",blue-grey/dark glazing and warm stone proposed; dominance unverified,#7E929B/#BAAD94/#535F67,Actual separate tower concentrations; qualitative dominance unverified,Proposal: 1 real terrain/water/tower geometry and canopy; 2 low-rise archetype mass/roof; 3 broad material colour; 4 porch/carport/garage void; 5 driveway/wall pattern,"Far LOD: omit brick joints, siding lines, rafters, fine ornament, jalousies and screen perforations; retain broad silhouette/shadow",https://www.atlantaga.gov/home/showpublisheddocument/27612/637587643986030000 | https://www.atlantaga.gov/Home/Components/News/News/1943/1338?arch=1&npage=67&seldept=1 | https://www.treesatlanta.org/resources/urban-tree-canopy-study/ | https://pubs.usgs.gov/publication/70015958 | https://fultonassessor.org/wp-content/uploads/sites/16/2023/11/2023-Annual-Report-Revised-Final-11-03-23.pdf,All spacing/widths/palettes are generator proposals. No empirical house shares. Wires/alleys/fences/material prevalence and downtown dominance unverified. Canopy benchmark scope/vintage differs by source. Commercial municipal/assessor redistribution rights unclear.,Southeast/Florida,6,12060,6482182,https://www2.census.gov/programs-surveys/popest/datasets/2020-2025/metro/totals/cbsa-est2025-alldata.csv,"All weights, numeric default dimensions, roof pitches, spacing and hex values are proposals unless explicitly marked sourced; observed geometry overrides",City/district examples and standards establish local forms only; full-MSA distributions unverified,2026-10-07
Washington DC,8–15 on tree-lined blocks as proposal; inventory overrides,unclear: no metro-wide representative street-tree density measured,"1.5–3 streetside strip proposal, with additional frontage public-space planting where mapped; do not conflate lot setback and public reservation",Concrete walks/steps locally documented in Bloomingdale draft [https://planning.dc.gov/sites/default/files/dc/sites/op/publication/attachments/Draft%20Design%20Guidelines%20for%20Proposed%20Bloomingdale%20Historic%20District_0.pdf]; all-metro sidewalk distribution unclear,Concrete/granite candidate palette proposed; inventory required,Use mapped power lines only; regional overhead share unverified,Use highway=service+service=alley geometry only; regional alley coverage unclear,Low metal areaway/front-yard fences and rear wood fences proposal; no measured prevalence,Preserve mapped driveway/garage access; do not cut front driveways into every attached row,Green public-space frontage is an enduring city street feature [https://planning.dc.gov/streetscape-design-guidelines]; lawn and ornamental beds proposed; suburb mixture unverified,"#A99D69 dormant/stressed;#7F955F green; proposed, no uniform climate inference","#927F66 soil;#AAA59A rock; proposed, not regionally sampled",DEM hills/stream valleys first; avoid universal flat terrain,Pale stone/concrete and glass mix proposal; material shares unclear,#7D969D glass;#C8C4B6 pale masonry;#97715B brick; proposed,"Horizontal capital-city skyline and broad streets [https://www.ncpc.gov/heightstudy/docs/Federal_Interest_Report_and_Findings_DRAFT_9.12.2013.pdf]; height law applies inside DC [https://www.ncpc.gov/about/authorities/hoba/], not to Arlington/Alexandria/suburban towers",1 DC horizontal core versus real suburban towers;2 bay/porch rowhouse silhouette;3 green public-space frontage;4 trees;5 masonry palette,"Subpixel brick bonds, cornice carving, stained glass, step veining, porch balusters and door numbers; no addresses/logos",https://planning.dc.gov/streetscape-design-guidelines | https://www.ncpc.gov/heightstudy/docs/Federal_Interest_Report_and_Findings_DRAFT_9.12.2013.pdf | https://planning.dc.gov/sites/default/files/dc/sites/op/publication/attachments/Draft%20Design%20Guidelines%20for%20Proposed%20Bloomingdale%20Historic%20District_0.pdf,Metro versus city/district coverage; no empirical shares; actual pitch/setback/lot/tree/landscape distributions; assessor-specific building/style fields and separate suburban licences. Proposals must not be labelled measured or dominant.,Mid-Atlantic/Northeast,7,47900,6465724,https://www2.census.gov/programs-surveys/popest/datasets/2020-2025/metro/totals/cbsa-est2025-alldata.csv,"All weights, numeric default dimensions, roof pitches, spacing and hex values are proposals unless explicitly marked sourced; observed geometry overrides",City/district examples and standards establish local forms only; full-MSA distributions unverified,2026-10-07
Philadelphia,10–18 on residential blocks where absent; unverified,unclear: no metro-wide representative street-tree density measured,0–1 dense row blocks;1.5–2.5 suburban proposal,Concrete default proposal; historic brick/stone only when mapped or surveyed,Concrete vertical proposal; citywide material prevalence unclear,Use mapped power lines only; regional overhead share unverified,Use highway=service+service=alley geometry only; regional alley coverage unclear,Low metal areaway/front-yard fences and rear wood fences proposal; no measured prevalence,Preserve mapped driveway/garage access; do not cut front driveways into every attached row,"Paved/stoop frontage on compact rows, small lawns in postwar raised-yard types [https://www.phila.gov/media/20190521124726/Philadelphia_Rowhouse_Manual.pdf]; broad landscape shares unclear","#A99D69 dormant/stressed;#7F955F green; proposed, no uniform climate inference","#927F66 soil;#AAA59A rock; proposed, not regionally sampled",Actual Delaware/Schuylkill water geometry and DEM; flatness cannot be assumed for northwest hills,Glass/metal and masonry mix proposal; primary district research photo supports modern tower context [https://centercityphila.org/research-planning/],#7D969D glass;#C8C4B6 pale masonry;#97715B brick; proposed,Center City clustered high-rise silhouette proposal; geometry and real river orientation first; individual tower details unverified,1 continuous narrow rows;2 two versus three storeys;3 stoop versus porch/raised yard;4 brick palette;5 rear garage/driveway layout,"Subpixel brick bonds, cornice carving, stained glass, step veining, porch balusters and door numbers; no addresses/logos",https://www.phila.gov/media/20190521124726/Philadelphia_Rowhouse_Manual.pdf | https://centercityphila.org/research-planning/,Metro versus city/district coverage; no empirical shares; actual pitch/setback/lot/tree/landscape distributions; assessor-specific building/style fields and separate suburban licences. Proposals must not be labelled measured or dominant.,Mid-Atlantic/Northeast,9,37980,6329118,https://www2.census.gov/programs-surveys/popest/datasets/2020-2025/metro/totals/cbsa-est2025-alldata.csv,"All weights, numeric default dimensions, roof pitches, spacing and hex values are proposals unless explicitly marked sourced; observed geometry overrides",City/district examples and standards establish local forms only; full-MSA distributions unverified,2026-10-07
Phoenix,8–15 irregular; mapped gaps retained,unverified; historical irrigated shade and desert-adapted vegetation coexist,0–2.5,documented boulevard detached sidewalks; rural-remnant gaps; preserve actual condition,documented boulevard vertical curb; rural-remnant absence possible,overhead and underground documented in Laveen; render mapped evidence only,mapped older-grid alleys only,CMU/stucco/mixed iron-block documented in guidance; prevalence unverified,front/side postwar access proposal; rear access only mapped,irrigated lawns/shade pockets and low-water desert planting; no uniform gravel/cactus rule,#B7AE79,#C5AD87; #A78C6F,actual DEM; Sonoran desert foothills/preserves documented; do not flatten mountains,proposed brick/stucco/concrete with glass accents; dominant material unclear,#C1AE95; #B2ABA0; #687D85,"actual downtown/Uptown massing; historical Uptown development documented, current heights not inferred",proposed: roof 1; shade/yard mix 2; broad ranch mass 3; walls/carports 4; sidewalk gaps 5; mountain relief 6,"tile ridges far LOD; logos, real addresses, protected artwork and personal fields excluded",https://www.phoenix.gov/pddsite/Documents/HP/pdd_hp_pdf_00081.pdf | https://www.phoenix.gov/content/dam/phoenix/streetssite/documents/shade-master-plan/tree%20and%20shade%20master%20plan.pdf | https://www.phoenix.gov/administration/departments/streets/initiatives/cool-corridors.html | https://www.phoenix.gov/content/dam/phoenix/streetssite/documents/mag_laveen_south_mountain_transportation_study.pdf | https://www.phoenix.gov/content/dam/phoenix/pddsite/villagessite/documents/pdd_pz_pdf_00112.pdf | https://www.phoenix.gov/administration/departments/parks/activities-facilities/trails/sonoran-preserve.html | https://www.phoenix.gov/content/dam/phoenix/pddsite/documents/hp/pdd_hp_pdf_00068.pdf,metro shares; Pinal coverage; redistribution licences; actual lot/setback/tree/yard distributions,Southwest,10,38060,5228938,https://www2.census.gov/programs-surveys/popest/datasets/2020-2025/metro/totals/cbsa-est2025-alldata.csv,"All weights, numeric default dimensions, roof pitches, spacing and hex values are proposals unless explicitly marked sourced; observed geometry overrides",City/district examples and standards establish local forms only; full-MSA distributions unverified,2026-10-07
Boston,"9–15 general fallback; Boston project design table20/25/30ft =6.10/7.62/9.14m by tree stature, not observed city density",Unverified; local inventory overrides,"0–1 urban row blocks;1.5–3 suburban strips; all proposed, not city distribution",Official city standards include concrete/brick; existing sidewalk deposit page also lists asphalt. Proposed concrete #BCB9AF/brick #A06852; use mapped material when known.,Official granite curb/reset/sloped and granite block hip-gutter standards; proposed visible height0.12–0.18m,"Distribution unverified; use mapped utility runs, never add universal overhead wires",Back Bay rear alleys officially documented; no metro-wide prevalence assumed,Proposed low iron front fence0.8–1.2m at rowhouse front garden; stone retaining edge only from actual slope/evidence; distribution unverified,"Rowhouse front drives must not be invented; suburban side/front drive proposed2.5–3.2m, mapped access overrides","Proposed small front gardens dense core, temperate lawn suburbs; no metro share estimate","#A5A06A;hydrated #708650; drought/state-controlled, not fixed dry season",#80725D;rock #A5A49C;proposed,Aberdeen official history: winding roads follow natural contours. Use DEM/coastline; do not flatten hills or label all core roads winding.,Metro-wide tower material shares unverified; proposed masonry plus neutral reflective glass mix,#718A96 glass;#B6AC97 masonry;#8D6755 brick;all proposed,Actual mapped tower heights/locations; distinct Back Bay/downtown clusters are proposed spatial preservation rule requiring geometry verification; no logos,PROPOSED1 attached versus detached massing;2 tripledecker height/porch stack;3 mansard versus Cape gable;4 pale wood versus brown masonry;5 actual curving street/terrain;6 granite curb/brick sidewalk;7 front garden fence,"PROPOSED omit subpixel shingle laps, brick joints, turned porch posts and carved trim; retain stacked porch slabs and mansard silhouette. No real address labels.",https://www.boston.gov/sites/default/files/file/2021/05/REQUEST%20FOR%20IDEAS_%20Co-creating%20Boston_s%20Future-Decker.pdf | https://www.boston.gov/sites/default/files/imce-uploads/2017-07/backbay_baystateroad_brochure.pdf | https://content.boston.gov/historic-district/aberdeen-architectural-conservation-district | https://www.mass.gov/info-details/re14r25-architecture | https://www.mass.gov/info-details/massgis-data-property-tax-parcels | https://www.mass.gov/info-details/massgis-frequently-asked-questions | https://www.mass.gov/doc/standard-for-digital-parcels-and-related-data-sets-version-3/download | https://www.mass.gov/info-details/massgis-data-2025-aerial-imagery | https://content.boston.gov/departments/public-works/public-works-design-standards | https://www.boston.gov/sites/default/files/file/2022/03/2022-0223%20Street%20Trees%20and%20Cummins.pdf | https://www.boston.gov/sites/default/files/file/2022/12/BBAC%20Commercial%20Guidelines_Updated%202019.pdf,No metro prevalence/typical geometry measurements. Massachusetts sources miss NH metro portion. Raw parcel paid redistribution clarification. Property-assessment direct Boston page fetch failed; PDDL not verified from primary metadata. Postwar ranch outside selected five remains needed for broader suburban asset library.,New England,11,14460,5034221,https://www2.census.gov/programs-surveys/popest/datasets/2020-2025/metro/totals/cbsa-est2025-alldata.csv,"All weights, numeric default dimensions, roof pitches, spacing and hex values are proposals unless explicitly marked sourced; observed geometry overrides",City/district examples and standards establish local forms only; full-MSA distributions unverified,2026-10-07
Riverside–San Bernardino,12,unclear: no comparable metro-wide trees-per-street-length denominator,1.5,proposal: concrete slabs; instantiate interruptions/curbless exceptions from geometry,proposal: concrete curb/gutter where mapped,proposal: only where mapped overhead utility evidence exists; otherwise omit,proposal: mapped alleys only; never uniform by metro,"proposal: modest wood/stucco/block/hedge variants; retaining walls by slope, not social labels",proposal: side access for early forms; garage apron for tract forms; mapped access takes precedence,proposal: varied lawn/drought planting/mulch/gravel by land-cover evidence; avoid uniform regional stereotypes,#B6A368,#B39C77,"proposal: retain actual elevations, slopes, grade-following houses and steps; never flatten city",proposal: brick/stucco/concrete low-midrise,#B9B7AF,proposal: actual footprints/heights; avoid fabricated landmark replicas,4,"logos, actual addresses, people/ownership/household fields, unmapped wires, specific private decoration",https://www.riversideca.gov/cedd/sites/riversideca.gov.cedd/files/pdf/planning/historic-preservation/Rehab%20Riverside%20Right.pdf; https://www.riversideca.gov/sustainability/areas,"No metro prevalence or measured street distribution established. City/district sources are not metro surveys. Numeric spacing/width/colors/rank proposals. Contemporary tract mix, county coverage and GIS licences unclear; San Diego December 2024 manual identified as public draft.",Pacific,12,40140,4769007,https://www2.census.gov/programs-surveys/popest/datasets/2020-2025/metro/totals/cbsa-est2025-alldata.csv,"All weights, numeric default dimensions, roof pitches, spacing and hex values are proposals unless explicitly marked sourced; observed geometry overrides",City/district examples and standards establish local forms only; full-MSA distributions unverified,2026-10-07
San Francisco–Oakland,8,unclear: no comparable metro-wide trees-per-street-length denominator,0.8,proposal: concrete slabs; instantiate interruptions/curbless exceptions from geometry,proposal: concrete curb/gutter where mapped,proposal: only where mapped overhead utility evidence exists; otherwise omit,proposal: mapped alleys only; never uniform by metro,"proposal: modest wood/stucco/block/hedge variants; retaining walls by slope, not social labels",proposal: side access for early forms; garage apron for tract forms; mapped access takes precedence,proposal: varied lawn/drought planting/mulch/gravel by land-cover evidence; avoid uniform regional stereotypes,#B5AC78,#A7967D,"proposal: retain actual elevations, slopes, grade-following houses and steps; never flatten city",proposal: wood/stucco neighborhoods; brick/stone historic fabric; glass/concrete towers,#B9B7AF,proposal: actual footprints/heights; avoid fabricated landmark replicas,1,"logos, actual addresses, people/ownership/household fields, unmapped wires, specific private decoration",https://sfplanning.org/sites/default/files/documents/preserv/bulletins/HistPres_Bulletin_18.PDF; https://default.sfplanning.org/Preservation/sunset_survey/Adopted_SunsetHCS.pdf; https://www.oaklandca.gov/files/assets/city/v/1/planning-amp-building/documents/sp/neighborhood-plans/wosp/wosp-appendix-a-design-guidelines.pdf; https://sfbetterstreets.org/find-project-types/greening-and-stormwater-management/greening-overview/street-trees/index.html,"No metro prevalence or measured street distribution established. City/district sources are not metro surveys. Numeric spacing/width/colors/rank proposals. Contemporary tract mix, county coverage and GIS licences unclear; San Diego December 2024 manual identified as public draft.",Pacific,13,41860,4630041,https://www2.census.gov/programs-surveys/popest/datasets/2020-2025/metro/totals/cbsa-est2025-alldata.csv,"All weights, numeric default dimensions, roof pitches, spacing and hex values are proposals unless explicitly marked sourced; observed geometry overrides",City/district examples and standards establish local forms only; full-MSA distributions unverified,2026-10-07
Detroit,"9–15;official draft30ft/9.14m design spacing,not observed",Unverified;actual inventoried points/canopy override,1.5–3,City ROW standards document concrete sidewalk/driveway-approach standards; observed material proportions unverified,Proposed concrete curb; actual profile from mapped evidence,Unverified distribution;only mapped utility runs,"Mapped alleys only; Rosedale district side drives documented, not metro frequency",Proposed low metal front fence0.8–1.2m conditional;rear wood/chainlink unverified prevalence,Proposed alley block rear apron versus suburban front/side drive2.5–3.2m;actual geometry controls,"Proposed temperate grass/tree strips,not measured landcover",#A3A36D;weather/phenology controlled rather than fixed dry season,#806F58;proposed;only expose where landcover evidence,Use actualDEM/lakes/river geometry;metro slope distribution unverified;do not flatten bluffs,Primary architectural research describes Renaissance Center steel/concrete/glass/stainless steel; skyline-wide shares unverified,#64777D; #B7ADA0; #596269,Central cylinder/four octagonal office masses documented for Renaissance Center; current redevelopment geometry verify; actual buildings override,Proposed: roof/massing 1; bungalow/Tudor/brick contrast 2; garage access 3; tree/porch rhythm 4,PROPOSED omit details below1pixel:brickjoints/shinglelaps/muntins/balusters;preserve silhouette/porch slabs,https://detroitmi.gov/departments/department-public-works/right-way-permits-and-standards | https://detroitmi.gov/sites/detroitmi.localhost/files/2023-04/VBB_DRAFT_April2023.pdf | https://sah-archipedia.org/buildings/MI-01-WN7 | https://detroitmi.gov/departments/planning-and-development-department/community-benefits-ordinance/current-cbo-engagements/renaissance-center-and-east-riverfront-projects,"Metro tree/lot/setback distributions, wires/fences, ground colours unverified. Draft tree-design spacing is not observed street-tree density. Skyline redevelopment requires current geometry.",Midwest,14,19820,4390913,https://www2.census.gov/programs-surveys/popest/datasets/2020-2025/metro/totals/cbsa-est2025-alldata.csv,"All weights, numeric default dimensions, roof pitches, spacing and hex values are proposals unless explicitly marked sourced; observed geometry overrides",City/district examples and standards establish local forms only; full-MSA distributions unverified,2026-10-07
Seattle,9,unclear: no comparable metro-wide trees-per-street-length denominator,1.8,proposal: concrete slabs; instantiate interruptions/curbless exceptions from geometry,proposal: concrete curb/gutter where mapped,proposal: only where mapped overhead utility evidence exists; otherwise omit,proposal: mapped alleys only; never uniform by metro,"proposal: modest wood/stucco/block/hedge variants; retaining walls by slope, not social labels",proposal: side access for early forms; garage apron for tract forms; mapped access takes precedence,proposal: varied lawn/drought planting/mulch/gravel by land-cover evidence; avoid uniform regional stereotypes,#B9AF77,#8F8676,"proposal: retain actual elevations, slopes, grade-following houses and steps; never flatten city",Pioneer Square district: Richardsonian Romanesque; other material mix proposal,#B9B7AF,proposal: actual footprints/heights; avoid fabricated landmark replicas,3,"logos, actual addresses, people/ownership/household fields, unmapped wires, specific private decoration",https://streetsillustrated.seattle.gov/design-standards/sidewalks/; https://streetsillustrated.seattle.gov/design-standards/street-trees/; https://www.seattle.gov/neighborhoods/historic-preservation/historic-districts/pioneer-square-preservation-district,"No metro prevalence or measured street distribution established. City/district sources are not metro surveys. Numeric spacing/width/colors/rank proposals. Contemporary tract mix, county coverage and GIS licences unclear; San Diego December 2024 manual identified as public draft.",Pacific,15,42660,4161883,https://www2.census.gov/programs-surveys/popest/datasets/2020-2025/metro/totals/cbsa-est2025-alldata.csv,"All weights, numeric default dimensions, roof pitches, spacing and hex values are proposals unless explicitly marked sourced; observed geometry overrides",City/district examples and standards establish local forms only; full-MSA distributions unverified,2026-10-07
Minneapolis–St Paul,10–15;state recommended large-tree minimum30ft/9.14m not observed,Unverified;actual inventoried points/canopy override,1.8–3,St Paul programme specifies concrete curb/gutter/aprons/outwalks and sodded boulevards; not measured metro prevalence,Concrete curb/gutter in St Paul programme; profiles outside coverage unverified,Unverified distribution;only mapped utility runs,Mapped rear access only; no metro-wide alley share,Proposed low metal front fence0.8–1.2m conditional;rear wood/chainlink unverified prevalence,Proposed alley block rear apron versus suburban front/side drive2.5–3.2m;actual geometry controls,"Proposed temperate grass/tree strips,not measured landcover",#A6A66D;weather/phenology controlled rather than fixed dry season,#817357;proposed;only expose where landcover evidence,Use actualDEM/lakes/river geometry;metro slope distribution unverified;do not flatten bluffs,Proposed glass/stone/brick palette; dominant material proportions and IDS blue-glass feature unverified in primary-only pass,#6E8A9B; #C4BDA9; #816A57,Proposed: separate actual Minneapolis and St Paul downtown clusters; skyways only mapped; IDS detail unverified,Proposed: roof/water/terrain 1; broad postwar versus prewar mass 2; canopy/boulevard 3; siding/stucco 4; porch/garage 5,PROPOSED omit details below1pixel:brickjoints/shinglelaps/muntins/balusters;preserve silhouette/porch slabs,https://stormwater.pca.state.mn.us/construction_guidelines_for_tree_trenches_and_tree_boxes | https://www.stpaul.gov/departments/public-works/street-engineering-and-construction/saint-paul-streets,"Metro tree/lot/setback distributions, wires/fences, ground colours unverified. IDS owner page republishes secondary article, so unsupported detail is not used as verified primary evidence.",Midwest,16,33460,3790295,https://www2.census.gov/programs-surveys/popest/datasets/2020-2025/metro/totals/cbsa-est2025-alldata.csv,"All weights, numeric default dimensions, roof pitches, spacing and hex values are proposals unless explicitly marked sourced; observed geometry overrides",City/district examples and standards establish local forms only; full-MSA distributions unverified,2026-10-07
Tampa–St Petersburg,9–16; fallback broad shade crowns and only site-supported palms,32.3% Tampa city canopy in 2016; 95% interval 30.9–33.7%; NOT whole MSA street density,0.8–2.5,light concrete proposed; actual material/absence wins; slab texture near only,concrete provisional; verify geometry/type locally,Mapped utility evidence only; citywide frequency unverified,Only mapped alley graph; do not invent metro-wide rear access,Miami: low rendered walls/hedges proposal; others wood/hedge/open front proposals; actual mapped evidence wins; proportions unverified,Historic side/rear access versus ranch carport and later front/side garage proposals; actual road/access topology wins,turf/planting beds and canopy proposed; gravel/xeriscape only where evidenced; no uniform city lawn-colour calendar,"#A6A16C; weather/species/irrigation dependent, not fixed seasonal observation","#CDBD9B; art proposal, not mapped soil colour",Actual DEM; coastal/inland differences preserved,glass/pale concrete proposed; dominance unverified,#81959C/#D8D6C8,Keep Tampa and St. Petersburg actual clusters separate; no invented skyline,Proposal: 1 real terrain/water/tower geometry and canopy; 2 low-rise archetype mass/roof; 3 broad material colour; 4 porch/carport/garage void; 5 driveway/wall pattern,"Far LOD: omit brick joints, siding lines, rafters, fine ornament, jalousies and screen perforations; retain broad silhouette/shadow",https://www.tampa.gov/sites/default/files/document/2021/Seminole%20Heights%20Design%20Guidelines.pdf | https://www.tampa.gov/sites/default/files/content/files/migrated/INTRODUCTION_PGS_1-24.PDF | https://www.tampa.gov/system/files/file-visibility/document/2021/Tree%20Canopy%20Study%202016.pdf | https://blogs.ifas.ufl.edu/charlotteco/2022/05/27/foolproof-lawncare-st-augustinegrass/ | https://blogs.ifas.ufl.edu/sarasotaco/2024/06/27/dry-season-landscaping/ | https://downloads.hcpafl.org/default.aspx?subfolder=_shapefile_archives | https://fchlpm.sbafla.com/media/rxepccwx/20210609_fphlm_2019_finalizedmar2021.pdf,All spacing/widths/palettes are generator proposals. No empirical house shares. Wires/alleys/fences/material prevalence and downtown dominance unverified. Canopy benchmark scope/vintage differs by source. Commercial municipal/assessor redistribution rights unclear.,Southeast/Florida,17,45300,3418895,https://www2.census.gov/programs-surveys/popest/datasets/2020-2025/metro/totals/cbsa-est2025-alldata.csv,"All weights, numeric default dimensions, roof pitches, spacing and hex values are proposals unless explicitly marked sourced; observed geometry overrides",City/district examples and standards establish local forms only; full-MSA distributions unverified,2026-10-07
San Diego,11,unclear: no comparable metro-wide trees-per-street-length denominator,1.5,proposal: concrete slabs; instantiate interruptions/curbless exceptions from geometry,proposal: concrete curb/gutter where mapped,proposal: only where mapped overhead utility evidence exists; otherwise omit,proposal: mapped alleys only; never uniform by metro,"proposal: modest wood/stucco/block/hedge variants; retaining walls by slope, not social labels",proposal: side access for early forms; garage apron for tract forms; mapped access takes precedence,proposal: varied lawn/drought planting/mulch/gravel by land-cover evidence; avoid uniform regional stereotypes,#BCAA6B,#B69E7D,"proposal: retain actual elevations, slopes, grade-following houses and steps; never flatten city",proposal: historic brick/stucco; glass/concrete towers,#B9B7AF,proposal: actual footprints/heights; avoid fabricated landmark replicas,5,"logos, actual addresses, people/ownership/household fields, unmapped wires, specific private decoration",https://www.sandiego.gov/sites/default/files/old_san_diego_survey_report_20180403_final_adopted.pdf; https://www.sandiego.gov/sites/default/files/appendix_f1_-_historic_context_statement.pdf; https://www.sandiego.gov/planning/work/working-on/street-design-manual-update,"No metro prevalence or measured street distribution established. City/district sources are not metro surveys. Numeric spacing/width/colors/rank proposals. Contemporary tract mix, county coverage and GIS licences unclear; San Diego December 2024 manual identified as public draft.",Pacific,18,41740,3282248,https://www2.census.gov/programs-surveys/popest/datasets/2020-2025/metro/totals/cbsa-est2025-alldata.csv,"All weights, numeric default dimensions, roof pitches, spacing and hex values are proposals unless explicitly marked sourced; observed geometry overrides",City/district examples and standards establish local forms only; full-MSA distributions unverified,2026-10-07
Orlando,10–18; fallback shade crowns and locally supported palms,27% city canopy in 2018; 25% in 2010; NOT current MSA street density,0.8–2.5,light concrete proposed; actual material/absence wins; slab texture near only,concrete provisional; verify geometry/type locally,Mapped utility evidence only; citywide frequency unverified,Only mapped alley graph; do not invent metro-wide rear access,Miami: low rendered walls/hedges proposal; others wood/hedge/open front proposals; actual mapped evidence wins; proportions unverified,Historic side/rear access versus ranch carport and later front/side garage proposals; actual road/access topology wins,turf/planting beds and canopy proposed; gravel/xeriscape only where evidenced; no uniform city lawn-colour calendar,"#A39E6B; weather/species/irrigation dependent, not fixed seasonal observation","#CCBC9B; art proposal, not mapped soil colour",Actual lakes/drainage/DEM; low-to-gently-rolling treatment proposed,glass/pale concrete proposed; dominance unverified,#80979D/#D5D1C3,Actual tower/lake relationship; material proportions unverified,Proposal: 1 real terrain/water/tower geometry and canopy; 2 low-rise archetype mass/roof; 3 broad material colour; 4 porch/carport/garage void; 5 driveway/wall pattern,"Far LOD: omit brick joints, siding lines, rafters, fine ornament, jalousies and screen perforations; retain broad silhouette/shadow",https://www.orlando.gov/files/sharedassets/public/v/1/documents/city-and-district-plans/comprehensive-plan/support-documents/historicpreservation_support_2010-07.pdf | https://www.orlando.gov/files/sharedassets/public/documents/city-and-district-plans/baldwin-park/baldwinpark-residentialguidelines.pdf | https://www.orlando.gov/Our-Government/Departments-Offices/Executive-Offices/CAO/Sustainability-Resilience/Orlando-Voluntary-Local-Review | https://blogs.ifas.ufl.edu/charlotteco/2022/05/27/foolproof-lawncare-st-augustinegrass/ | https://blogs.ifas.ufl.edu/sarasotaco/2024/06/27/dry-season-landscaping/ | https://ocpaimages.ocpafl.org/api/Content/GetContentDynamicFile?contentFileID=149898 | https://vgispublic.ocpafl.org/server/rest/services/OCPA/Drone_Catalog/MapServer/layers,All spacing/widths/palettes are generator proposals. No empirical house shares. Wires/alleys/fences/material prevalence and downtown dominance unverified. Canopy benchmark scope/vintage differs by source. Commercial municipal/assessor redistribution rights unclear.,Southeast/Florida,20,36740,2957672,https://www2.census.gov/programs-surveys/popest/datasets/2020-2025/metro/totals/cbsa-est2025-alldata.csv,"All weights, numeric default dimensions, roof pitches, spacing and hex values are proposals unless explicitly marked sourced; observed geometry overrides",City/district examples and standards establish local forms only; full-MSA distributions unverified,2026-10-07
Charlotte,8–14; fallback large broadleaf canopy,Tree-canopied Wesley Heights streets documented; historical city 47% benchmark not current. Official service has 2022 geography fields; no total queried. Street density unverified,1–3,light concrete proposed; actual material/absence wins; slab texture near only,concrete provisional; verify geometry/type locally,Mapped utility evidence only; citywide frequency unverified,Only mapped alley graph; do not invent metro-wide rear access,Miami: low rendered walls/hedges proposal; others wood/hedge/open front proposals; actual mapped evidence wins; proportions unverified,Historic side/rear access versus ranch carport and later front/side garage proposals; actual road/access topology wins,turf/planting beds and canopy proposed; gravel/xeriscape only where evidenced; no uniform city lawn-colour calendar,"#9B9865; weather/species/irrigation dependent, not fixed seasonal observation","#9A6648; art proposal, not mapped soil colour",Actual DEM; regional Piedmont context only,glass/pale stone/dark glazing proposed; dominance unverified,#7E959D/#C4BBA9/#5B6871,Actual concentrated tower heights; crown/material prevalence unverified,Proposal: 1 real terrain/water/tower geometry and canopy; 2 low-rise archetype mass/roof; 3 broad material colour; 4 porch/carport/garage void; 5 driveway/wall pattern,"Far LOD: omit brick joints, siding lines, rafters, fine ornament, jalousies and screen perforations; retain broad silhouette/shadow",https://www.charlottenc.gov/Growth-and-Development/Planning-and-Development/Historic-District | https://gis.mecknc.gov/data-center | https://pubs.usgs.gov/publication/70015958 | https://services.arcgis.com/9Nl857LBlQVyzq54/ArcGIS/rest/services/Charlotte_Mecklenburg_Tree_Canopy/FeatureServer/0 | https://www.charlottenc.gov/files/sharedassets/city/city-government/departments/documents/seap-executive-summary-full-doc-final.pdf,All spacing/widths/palettes are generator proposals. No empirical house shares. Wires/alleys/fences/material prevalence and downtown dominance unverified. Canopy benchmark scope/vintage differs by source. Commercial municipal/assessor redistribution rights unclear.,Southeast/Florida,21,16740,2938830,https://www2.census.gov/programs-surveys/popest/datasets/2020-2025/metro/totals/cbsa-est2025-alldata.csv,"All weights, numeric default dimensions, roof pitches, spacing and hex values are proposals unless explicitly marked sourced; observed geometry overrides",City/district examples and standards establish local forms only; full-MSA distributions unverified,2026-10-07
Baltimore,"10–18 where inventory absent, unverified; older dense frontage may have gaps",unclear: no metro-wide representative street-tree density measured,0–1.5 dense rows;1.5–3 suburban proposal,"Concrete default proposed; documented white marble applies to house steps, not blanket sidewalks [https://www.baltimorecity.gov/sites/default/files/Chapter%208%20updated%209.10.2014.pdf]",Concrete vertical proposal; citywide material mix unclear,Use mapped power lines only; regional overhead share unverified,Use highway=service+service=alley geometry only; regional alley coverage unclear,Low metal areaway/front-yard fences and rear wood fences proposal; no measured prevalence,Preserve mapped driveway/garage access; do not cut front driveways into every attached row,Stoop-front hardscape and Daylight small yards [https://www.baltimorecity.gov/sites/default/files/Illustrated%20Baltimore%20City%20Historic%20Preservation%20Procedures%20and%20Design%20Guidelines%202013_0.pdf]; suburban lawns proposal; regional landscape proportions unclear,"#A99D69 dormant/stressed;#7F955F green; proposed, no uniform climate inference","#927F66 soil;#AAA59A rock; proposed, not regionally sampled",Use DEM and harbor geometry; relief/district gradients unmeasured here,Brick/stone historic fabric and glass/concrete towers proposed; skyline-wide material shares unclear,#7D969D glass;#C8C4B6 pale masonry;#97715B brick; proposed,Harbor-side tower cluster proposal; individual tower geometry and height source needed,1 narrow attached rows;2 Daylight porch/yard distinction;3 white stoop contrast where supported;4 brick versus faux-stone facade masses;5 hills/harbor,"Subpixel brick bonds, cornice carving, stained glass, step veining, porch balusters and door numbers; no addresses/logos",https://www.baltimorecity.gov/sites/default/files/Illustrated%20Baltimore%20City%20Historic%20Preservation%20Procedures%20and%20Design%20Guidelines%202013_0.pdf | https://www.baltimorecity.gov/sites/default/files/Chapter%208%20updated%209.10.2014.pdf | https://apps.mht.maryland.gov/medusa/PDF/NR_PDFs/NR-1310.pdf,Metro versus city/district coverage; no empirical shares; actual pitch/setback/lot/tree/landscape distributions; assessor-specific building/style fields and separate suburban licences. Proposals must not be labelled measured or dominant.,Mid-Atlantic/Northeast,22,12580,2857781,https://www2.census.gov/programs-surveys/popest/datasets/2020-2025/metro/totals/cbsa-est2025-alldata.csv,"All weights, numeric default dimensions, roof pitches, spacing and hex values are proposals unless explicitly marked sourced; observed geometry overrides",City/district examples and standards establish local forms only; full-MSA distributions unverified,2026-10-07
St Louis,"11–16;official planting minimum35ft/10.67m large20ft/6.10m small,not observed",Unverified;actual inventoried points/canopy override,1.2–2.5;official eligibility tree lawn >36in/0.914m not typical,Proposed concrete #C3BDAE; actual mapped surface overrides; prevalence unverified,Proposed raised concrete curb 0.12–0.18 m; measured profile unverified,Unverified distribution;only mapped utility runs,Mapped rear access only; no metro-wide frequency,Proposed low metal front fence0.8–1.2m conditional;rear wood/chainlink unverified prevalence,Proposed alley block rear apron versus suburban front/side drive2.5–3.2m;actual geometry controls,"Proposed temperate grass/tree strips,not measured landcover",#AAA06A;weather/phenology controlled rather than fixed dry season,#9A7E60;proposed;only expose where landcover evidence,Use actualDEM/lakes/river geometry;metro slope distribution unverified;do not flatten bluffs,NPS documents Gateway Arch stainless steel; surrounding tower material proportions unverified,#C0C6C2; #A39179; #74858A,NPS Arch inverted catenary 630 ft (192.02 m) high and wide; actual river/building geometry controls,Proposed: Arch/river 1; brick/parapet/narrow frontage 2; two-flat entry masses 3; trees/rear garage 4,PROPOSED omit details below1pixel:brickjoints/shinglelaps/muntins/balusters;preserve silhouette/porch slabs,https://www.stlouis.missouri.org/government/departments/parks/forestry/trees/request-new-tree.cfm | https://home.nps.gov/jeff/planyourvisit/materials-and-techniques.htm,"Metro tree/lot/setback distributions, wires/fences, ground colours unverified. Forestry legacy official URL indexed; current canonical page unverified. Tree-planting minima are not observed spacing.",Midwest,23,41180,2814421,https://www2.census.gov/programs-surveys/popest/datasets/2020-2025/metro/totals/cbsa-est2025-alldata.csv,"All weights, numeric default dimensions, roof pitches, spacing and hex values are proposals unless explicitly marked sourced; observed geometry overrides",City/district examples and standards establish local forms only; full-MSA distributions unverified,2026-10-07
San Antonio,10–18,Unclear: no metro-wide street-tree density measured; inventories/canopy should override fallback spacing.,1–2.5,Proposal: concrete1.2–1.8m where mapped; East French Place evidence is a single cohesive district.,Proposal: simple curb/gutter when supported; actual curb and ditch coverage unclear.,Only mapped utility geometry; do not add poles from architectural era.,Map-derived only; neither historic district nor city name proves alley presence.,Historic guideline says front-fence precedent is district-dependent; proposal uses restrained side/rear fencing and occasional low front wall only with support.,Proposal: narrow side approach/central walk for supported bungalow context; broader garage apron only if mapped.,"Proposal: weather-responsive lawns and planted beds; optional gravel when land cover supports it, not universal dry/xeric yards.",#B3AA78; #BDAE83,#9B8467; #B5A489,Use3DEP; preserve real grades. No blanket Hill Country terrain applied to city.,Proposal: muted stone/stucco/brick low-rise plus measured modern towers; no universal mission-style facades.,#C2B293; #AD8C70; #9B9C96,Actual footprints/heights only; avoid invented landmark ornament and cultural emblems.,"Proposal: high for canopy, roof silhouette, footprint/height, setbacks and terrain; medium for porch/curb; low for small trim.","No addresses, house numbers, owner/occupant data, logos, named-business signs, demographic labels, literal photo/plan copies, ornate trim at distant LOD or unsupported universal palms/tile roofs.",https://www.sanantonio.gov/historic/scoutsa/HistoricDistricts/FrenchPl; https://www.sanantonio.gov/portals/0/Files/HistoricPreservation/5.Site_%20Elements_revised_12-30-13.pdf; https://www.sanantonio.gov/portals/0/Files/HistoricPreservation/7_GuidetoSanAntonio%27sHistoricDistricts.pdf; https://docs.overturemaps.org/schema/reference/buildings/building/; https://www.usgs.gov/3d-elevation-program; https://www.nrcs.usda.gov/resources/data-and-reports/soil-survey-geographic-database-ssurgo,"Metro prevalence, actual roof/material attribute fill rates, parcel setbacks/lot widths, utility-wire and curb coverage, tree species/density and city-source reuse licences remain unverified.",Texas/South Central,24,41700,2813140,https://www2.census.gov/programs-surveys/popest/datasets/2020-2025/metro/totals/cbsa-est2025-alldata.csv,"All weights, numeric default dimensions, roof pitches, spacing and hex values are proposals unless explicitly marked sourced; observed geometry overrides",City/district examples and standards establish local forms only; full-MSA distributions unverified,2026-10-07
Austin,8–15,Unclear: no metro-wide street-tree density measured; inventories/canopy should override fallback spacing.,1–3,Proposal: concrete1.2–1.8m on mapped residential paths; downtown Great Streets wider regime kept separate from neighborhood fallback.,"Actual curb geometry first; proposed simple curb/gutter only with support, keep shared-street variants separate.",Mapped utilities only; optional overhead wire feature off when unknown.,Mapped connectivity only; do not automatically attach an alley to every older cottage.,Proposal: subdued rear/side wood fences; front fences or retaining walls only from mapped geometry/grade.,"Proposal: narrow side drive for older cottages, short integral/shared entry for tagged townhomes; source geometry wins.","Proposal: mixed lawn/planting and occasional gravel; vary with land cover/weather, never blanket brown lawns.",#ADA875; #BCAD82,#9B8467; #B5A489,Use3DEP slopes and retaining-wall needs; do not flatten terrain or impose hills where DEM doesn't support them.,Proposal: pale stone/brick low-rise and glass/concrete towers; Great Streets supports downtown shade-tree/amenity emphasis within its program boundary.,#B9AD96; #9BA6A8; #A58B72,Current building attributes required; no invented tower heights from rapidly dated descriptions.,"Proposal: high for canopy, roof silhouette, footprint/height, setbacks and terrain; medium for porch/curb; low for small trim.","No addresses, house numbers, owner/occupant data, logos, named-business signs, demographic labels, literal photo/plan copies, ornate trim at distant LOD or unsupported universal palms/tile roofs.",https://www.austintexas.gov/planning/historic-preservation/historic-designation/historic-districts; https://www.austintexas.gov/housing/news/mixed-income-missing-middle-townhome-community-opens-east-austin-mira; https://www.austintexas.gov/planning/great-streets-program; https://www.austintexas.gov/transportation-public-works/sidewalks-crossings-and-shared-streets-plan; https://docs.overturemaps.org/schema/reference/buildings/building/; https://www.usgs.gov/3d-elevation-program; https://www.nrcs.usda.gov/resources/data-and-reports/soil-survey-geographic-database-ssurgo,"Metro prevalence, actual roof/material attribute fill rates, parcel setbacks/lot widths, utility-wire and curb coverage, tree species/density and city-source reuse licences remain unverified.",Texas/South Central,25,12420,2620945,https://www2.census.gov/programs-surveys/popest/datasets/2020-2025/metro/totals/cbsa-est2025-alldata.csv,"All weights, numeric default dimensions, roof pitches, spacing and hex values are proposals unless explicitly marked sourced; observed geometry overrides",City/district examples and standards establish local forms only; full-MSA distributions unverified,2026-10-07
