# renderer=realitykit triangles=401965 drawCalls=109 meshBytes=48080828 build=2.16s light=noon→golden 1.00, sun 6.0° az 253.3° weather=clear character=luna screen=1179x2556 lowPowerMode=false battery=unplugged level=0.7
seconds,fps,frame_ms_avg,frame_ms_max,pct_over_16_9,gpu_ms_avg,memory_mb,thermal,battery,scale,fps_cap
1,18.9,42.75,486.88,36.84,0.00,400,nominal,0.70,2.50,60
2,60.6,16.48,16.92,3.28,0.00,391,nominal,0.70,2.50,60
3,59.9,16.68,17.12,8.20,0.00,388,nominal,0.70,2.50,60
4,60.0,16.68,17.19,11.67,0.00,388,nominal,0.70,2.50,60
5,60.0,16.68,16.97,8.33,0.00,386,nominal,0.70,2.50,60
6,59.9,16.68,16.98,5.00,0.00,386,nominal,0.70,2.50,60
7,60.0,16.68,17.01,8.20,0.00,386,nominal,0.70,2.50,60
8,60.0,16.68,17.07,10.00,0.00,388,nominal,0.70,2.50,60
9,60.0,16.68,16.90,1.67,0.00,388,nominal,0.70,2.50,60
10,60.0,16.68,16.92,1.67,0.00,389,nominal,0.70,2.50,60
11,60.0,16.68,16.99,10.00,0.00,388,nominal,0.70,2.50,60
12,60.0,16.68,17.08,5.00,0.00,389,nominal,0.70,2.50,60
13,59.9,16.68,17.03,1.67,0.00,388,nominal,0.70,2.50,60
14,60.0,16.68,16.93,3.33,0.00,389,nominal,0.70,2.50,60
15,59.9,16.68,17.05,3.33,0.00,389,nominal,0.70,2.50,60
16,60.0,16.68,16.86,0.00,0.00,388,nominal,0.70,2.50,60
17,60.0,16.68,16.92,1.67,0.00,389,nominal,0.70,2.50,60
18,60.0,16.68,16.95,6.67,0.00,389,nominal,0.70,2.50,60
19,59.9,16.68,16.88,0.00,0.00,389,nominal,0.70,2.50,60
20,59.9,16.68,16.90,1.67,0.00,386,nominal,0.70,2.50,60
21,60.0,16.68,16.86,0.00,0.00,389,nominal,0.70,2.50,60
22,59.9,16.68,16.89,0.00,0.00,389,nominal,0.70,2.50,60
23,60.0,16.68,16.94,6.67,0.00,389,nominal,0.70,2.50,60
24,60.0,16.68,16.97,3.33,0.00,389,nominal,0.70,2.50,60
25,60.0,16.68,17.10,10.00,0.00,389,nominal,0.70,2.50,60
26,59.9,16.68,16.90,0.00,0.00,389,nominal,0.70,2.50,60
27,60.0,16.68,16.88,0.00,0.00,389,nominal,0.70,2.50,60
28,60.0,16.68,17.04,5.00,0.00,389,nominal,0.70,2.50,60
29,60.0,16.68,17.01,3.33,0.00,389,nominal,0.70,2.50,60
30,59.9,16.68,16.92,1.67,0.00,386,nominal,0.70,2.50,60
31,59.9,16.68,16.88,0.00,0.00,386,nominal,0.70,2.50,60
32,60.0,16.68,16.94,3.33,0.00,386,nominal,0.70,2.50,60
33,60.0,16.68,16.89,0.00,0.00,386,nominal,0.70,2.50,60
34,60.0,16.68,16.95,5.00,0.00,386,nominal,0.70,2.50,60
35,60.0,16.68,16.94,1.67,0.00,386,nominal,0.70,2.50,60
36,59.9,16.68,16.98,1.67,0.00,386,nominal,0.70,2.50,60
37,60.0,16.68,16.86,0.00,0.00,390,nominal,0.70,2.50,60
38,59.9,16.68,17.02,3.33,0.00,389,nominal,0.70,2.50,60
39,60.0,16.68,16.90,0.00,0.00,387,nominal,0.70,2.50,60
40,58.9,16.96,33.38,16.95,0.00,399,nominal,0.70,2.50,60
41,58.0,17.25,48.20,22.03,0.00,399,nominal,0.70,2.50,60
42,60.0,16.67,17.04,13.11,0.00,399,nominal,0.70,2.50,60
43,58.0,17.26,33.41,13.79,0.00,399,nominal,0.70,2.50,60
44,59.9,16.68,17.07,10.00,0.00,399,nominal,0.70,2.50,60
45,59.0,16.95,33.45,5.00,0.00,400,nominal,0.70,2.50,60
46,59.0,16.96,32.44,13.56,0.00,400,nominal,0.70,2.50,60
47,59.9,16.68,16.98,1.67,0.00,400,nominal,0.70,2.50,60
48,59.9,16.68,16.92,3.33,0.00,400,nominal,0.70,2.50,60
49,54.0,18.53,65.15,18.52,0.00,400,nominal,0.70,2.50,60
50,58.0,17.25,48.21,12.07,0.00,400,nominal,0.70,2.50,60
51,60.0,16.68,16.98,3.33,0.00,400,nominal,0.70,2.50,60
52,59.9,16.68,16.91,1.67,0.00,400,nominal,0.70,2.50,60
53,59.9,16.68,16.94,3.33,0.00,400,nominal,0.70,2.50,60
54,60.0,16.68,16.90,1.67,0.00,400,nominal,0.70,2.50,60
55,60.0,16.68,16.98,3.33,0.00,400,nominal,0.70,2.50,60
56,59.9,16.68,16.91,3.33,0.00,401,nominal,0.70,2.50,60
57,60.0,16.68,16.90,1.67,0.00,401,nominal,0.70,2.50,60
58,57.5,17.40,21.13,17.24,0.00,401,nominal,0.70,2.50,60
59,59.4,16.82,21.04,8.33,0.00,401,nominal,0.70,2.50,60
60,57.9,17.26,34.00,8.62,0.00,400,nominal,0.70,2.50,60
